fixture_id,k,representation,target,primitive,mean_binary_excess_brier,mean_binary_excess_log_loss,mean_absolute_error
e10_primitive_bridge:15:0,15,bayes,best_arm,choice,0.025241843689512017,0.1826450686778899,0.05464910563941672
e10_primitive_bridge:15:0,15,bayes,best_arm,noul,0.0031735808412790925,0.01565183818415854,0.03333333333333333
e10_primitive_bridge:15:0,15,bayes,next_reward,choice,0.04017185085237033,0.04977580884160303,0.13165079365079366
e10_primitive_bridge:15:0,15,bayes,next_reward,noul,0.002430552151071634,0.002959502938320971,0.030031746031746038
e10_primitive_bridge:15:0,15,counts,best_arm,choice,0.025691267851313322,0.07587621979512627,0.05731553761568857
e10_primitive_bridge:15:0,15,counts,best_arm,noul,0.0038906303859612347,0.016497222312196,0.03118679449990792
e10_primitive_bridge:15:0,15,counts,next_reward,choice,0.026160018240537715,0.047483159143457056,0.09497546897546898
e10_primitive_bridge:15:0,15,counts,next_reward,noul,0.007172168312687793,0.01175853224568805,0.04463347763347763
e10_primitive_bridge:15:0,15,oracle_probs_full,best_arm,choice,0.028086468494263384,0.21775248448055295,0.06815986054555496
e10_primitive_bridge:15:0,15,oracle_probs_full,best_arm,noul,0.0018253780088398782,0.014505403865935991,0.026
e10_primitive_bridge:15:0,15,oracle_probs_full,next_reward,choice,0.00901574695626644,0.010110980018513013,0.05145310245310248
e10_primitive_bridge:15:0,15,oracle_probs_full,next_reward,noul,0.0015938133343328146,0.002029940844946282,0.020968253968253973
e10_primitive_bridge:15:0,15,oracle_probs_only,best_arm,choice,0.039673135160930045,0.23506810183871465,0.06882652721222163
e10_primitive_bridge:15:0,15,oracle_probs_only,best_arm,noul,0.005497362901096745,0.023530952083614394,0.04300000000000001
e10_primitive_bridge:15:0,15,oracle_probs_only,next_reward,choice,0.00934749298801247,0.010694515658229696,0.05641269841269842
e10_primitive_bridge:15:0,15,oracle_probs_only,next_reward,noul,0.0020740153545348366,0.0026530318392555957,0.02365079365079366
e10_primitive_bridge:15:1,15,bayes,best_arm,choice,0.042140605449953863,0.2632746768650386,0.06653131459040511
e10_primitive_bridge:15:1,15,bayes,best_arm,noul,0.01512876461795888,0.028117869810836103,0.050188429354131946
e10_primitive_bridge:15:1,15,bayes,next_reward,choice,0.04140991485666812,0.052630565048778936,0.12583549783549786
e10_primitive_bridge:15:1,15,bayes,next_reward,noul,0.0016551962419494894,0.0023353364850282102,0.024936507936507934
e10_primitive_bridge:15:1,15,counts,best_arm,choice,0.05010987994955096,0.14809701171642364,0.06823379643269857
e10_primitive_bridge:15:1,15,counts,best_arm,noul,0.044484864612625324,0.06866495649203655,0.07422717877759259
e10_primitive_bridge:15:1,15,counts,next_reward,choice,0.021571386718139966,0.03575526173152162,0.08235930735930735
e10_primitive_bridge:15:1,15,counts,next_reward,noul,0.0021848643516175982,0.0038697528089911334,0.026406926406926413
e10_primitive_bridge:15:1,15,oracle_probs_full,best_arm,choice,0.0534244599194101,0.36412545265233376,0.07386464792373844
e10_primitive_bridge:15:1,15,oracle_probs_full,best_arm,noul,0.001531988820397341,0.01733361467511536,0.02629821600120784
e10_primitive_bridge:15:1,15,oracle_probs_full,next_reward,choice,0.016402122648875892,0.021778133245603442,0.074005772005772
e10_primitive_bridge:15:1,15,oracle_probs_full,next_reward,noul,0.003967028853782099,0.0057401219617275135,0.03825974025974025
e10_primitive_bridge:15:1,15,oracle_probs_only,best_arm,choice,0.05565061527749305,0.8820830227900199,0.07519798125707178
e10_primitive_bridge:15:1,15,oracle_probs_only,best_arm,noul,0.0037661914844615,0.027424080748154844,0.04144311998040923
e10_primitive_bridge:15:1,15,oracle_probs_only,next_reward,choice,0.015473031739784981,0.02146866180236353,0.06452958152958152
e10_primitive_bridge:15:1,15,oracle_probs_only,next_reward,noul,0.0036134069201601672,0.006205962025458269,0.03192640692640693
e10_primitive_bridge:15:10,15,bayes,best_arm,choice,0.021109116371993204,0.23558650823534238,0.05828879776309388
e10_primitive_bridge:15:10,15,bayes,best_arm,noul,0.00542709264572931,0.018989931702069068,0.04107373082631478
e10_primitive_bridge:15:10,15,bayes,next_reward,choice,0.029902963212833353,0.036511695060502586,0.1050923520923521
e10_primitive_bridge:15:10,15,bayes,next_reward,noul,0.0012931508030209328,0.001718967478902747,0.021219336219336218
e10_primitive_bridge:15:10,15,counts,best_arm,choice,0.005092592509442256,0.05558020035489046,0.029548400270112452
e10_primitive_bridge:15:10,15,counts,best_arm,noul,0.004568472421890124,0.017628939576877927,0.032294923305259064
e10_primitive_bridge:15:10,15,counts,next_reward,choice,0.012662588032458165,0.020087582752871178,0.07209235209235212
e10_primitive_bridge:15:10,15,counts,next_reward,noul,0.0013749978448679748,0.001735354390036598,0.019790764790764803
e10_primitive_bridge:15:10,15,oracle_probs_full,best_arm,choice,0.06929748179455371,0.384870518529998,0.08585253834737044
e10_primitive_bridge:15:10,15,oracle_probs_full,best_arm,noul,0.0016991721001881903,0.015109044364051461,0.026554525812277633
e10_primitive_bridge:15:10,15,oracle_probs_full,next_reward,choice,0.011088042577912707,0.014232940744093965,0.06324098124098124
e10_primitive_bridge:15:10,15,oracle_probs_full,next_reward,noul,0.0038361811060512343,0.004862931778566807,0.04090764790764791
e10_primitive_bridge:15:10,15,oracle_probs_only,best_arm,choice,0.06509796303596303,0.25565013660653957,0.0831858716807038
e10_primitive_bridge:15:10,15,oracle_probs_only,best_arm,noul,0.0035152471772947045,0.020685886561119415,0.03866666666666666
e10_primitive_bridge:15:10,15,oracle_probs_only,next_reward,choice,0.020073756863626988,0.024187789312298088,0.08757431457431458
e10_primitive_bridge:15:10,15,oracle_probs_only,next_reward,noul,0.0046744206442907695,0.006140761649640868,0.039301587301587275
e10_primitive_bridge:15:11,15,bayes,best_arm,choice,0.04454939399900905,0.45349857352064427,0.07138419558342464
e10_primitive_bridge:15:11,15,bayes,best_arm,noul,0.02700659470859514,0.04935067170022888,0.04926829442437575
e10_primitive_bridge:15:11,15,bayes,next_reward,choice,0.03999200202395007,0.04978269377384121,0.13041991341991344
e10_primitive_bridge:15:11,15,bayes,next_reward,noul,0.0015110496429976959,0.002243603300469089,0.023627705627705633
e10_primitive_bridge:15:11,15,counts,best_arm,choice,0.028619727750404007,0.19662255990715133,0.058050862250091304
e10_primitive_bridge:15:11,15,counts,best_arm,noul,0.0208079740930639,0.03950847987568367,0.04580009580325066
e10_primitive_bridge:15:11,15,counts,next_reward,choice,0.015859101591049644,0.025235688461231743,0.0767878787878788
e10_primitive_bridge:15:11,15,counts,next_reward,noul,0.001507413279361332,0.001822207738821036,0.023610389610389616
e10_primitive_bridge:15:11,15,oracle_probs_full,best_arm,choice,0.04615620259987345,0.8286906665287704,0.07271752891675796
e10_primitive_bridge:15:11,15,oracle_probs_full,best_arm,noul,0.0014707541062391242,0.012271959167424924,0.02548446717149249
e10_primitive_bridge:15:11,15,oracle_probs_full,next_reward,choice,0.0067481059200539695,0.00859365419519033,0.0517922077922078
e10_primitive_bridge:15:11,15,oracle_probs_full,next_reward,noul,0.004410789902737954,0.005824293933654064,0.041125541125541114
e10_primitive_bridge:15:11,15,oracle_probs_only,best_arm,choice,0.04615620259987345,0.8286906665287704,0.07271752891675796
e10_primitive_bridge:15:11,15,oracle_probs_only,best_arm,noul,0.0037718364674198673,0.019036267109115244,0.038484467171492495
e10_primitive_bridge:15:11,15,oracle_probs_only,next_reward,choice,0.01903563838758644,0.024065047222785255,0.08107792207792208
e10_primitive_bridge:15:11,15,oracle_probs_only,next_reward,noul,0.004939794231742286,0.00719223687187743,0.04023376623376624
e10_primitive_bridge:15:12,15,bayes,best_arm,choice,0.05325840258220743,0.39515438843383793,0.07712287351281896
e10_primitive_bridge:15:12,15,bayes,best_arm,noul,0.011165824976487042,0.021302512707421825,0.03669336496095647
e10_primitive_bridge:15:12,15,bayes,next_reward,choice,0.020946987250363876,0.026676201346256166,0.08643290043290043
e10_primitive_bridge:15:12,15,bayes,next_reward,noul,0.0014153277987044228,0.0018077837999036274,0.02128427128427129
e10_primitive_bridge:15:12,15,counts,best_arm,choice,0.03738772847537708,0.22494953690750097,0.06810680357403595
e10_primitive_bridge:15:12,15,counts,best_arm,noul,0.006796058836376669,0.02277220873959146,0.03291220312393344
e10_primitive_bridge:15:12,15,counts,next_reward,choice,0.017830046413423044,0.03258840929942359,0.08229148629148628
e10_primitive_bridge:15:12,15,counts,next_reward,noul,0.0019028891262657514,0.0031201072907937194,0.02354401154401155
e10_primitive_bridge:15:12,15,oracle_probs_full,best_arm,choice,0.06554232475572695,0.9978939865015288,0.08512287351281896
e10_primitive_bridge:15:12,15,oracle_probs_full,best_arm,noul,0.001465738290676173,0.015314306258221241,0.025570596732323078
e10_primitive_bridge:15:12,15,oracle_probs_full,next_reward,choice,0.010401965605342227,0.013918568834698913,0.06367821067821068
e10_primitive_bridge:15:12,15,oracle_probs_full,next_reward,noul,0.0022376943210709443,0.0029717888081874366,0.02767821067821068
e10_primitive_bridge:15:12,15,oracle_probs_only,best_arm,choice,0.06554232475572695,0.9978939865015288,0.08512287351281896
e10_primitive_bridge:15:12,15,oracle_probs_only,best_arm,noul,0.0036575524569348876,0.023704380401432225,0.04077189657692386
e10_primitive_bridge:15:12,15,oracle_probs_only,next_reward,choice,0.010406525489902112,0.01307150889609676,0.05634487734487735
e10_primitive_bridge:15:12,15,oracle_probs_only,next_reward,noul,0.002521850165226789,0.0036704946551561943,0.02373881673881674
e10_primitive_bridge:15:13,15,bayes,best_arm,choice,0.013034096385022844,0.197829942675597,0.03763726376496701
e10_primitive_bridge:15:13,15,bayes,best_arm,noul,0.007579475515997783,0.02566541384010045,0.029706599739037047
e10_primitive_bridge:15:13,15,bayes,next_reward,choice,0.06608913151302762,0.08045495968187782,0.15716017316017317
e10_primitive_bridge:15:13,15,bayes,next_reward,noul,0.0027857837496798573,0.0036404462726053544,0.03327128427128429
e10_primitive_bridge:15:13,15,counts,best_arm,choice,0.009417848670534107,0.09820884146423745,0.03230393043163368
e10_primitive_bridge:15:13,15,counts,best_arm,noul,0.006150061883191242,0.020834929863503018,0.0280371218162506
e10_primitive_bridge:15:13,15,counts,next_reward,choice,0.025597876101772218,0.03573167173164136,0.09931601731601733
e10_primitive_bridge:15:13,15,counts,next_reward,noul,0.0036750766789727823,0.00476796127129223,0.03528571428571429
e10_primitive_bridge:15:13,15,oracle_probs_full,best_arm,choice,0.013989895261714687,0.4229579353970383,0.03897059709830034
e10_primitive_bridge:15:13,15,oracle_probs_full,best_arm,noul,0.0015010689060965742,0.013981156737776416,0.02289006425886494
e10_primitive_bridge:15:13,15,oracle_probs_full,next_reward,choice,0.013097096880992986,0.015897418471171754,0.06154112554112555
e10_primitive_bridge:15:13,15,oracle_probs_full,next_reward,noul,0.001988381152277256,0.0032701410318736806,0.023017316017316023
e10_primitive_bridge:15:13,15,oracle_probs_only,best_arm,choice,0.013989895261714687,0.4229579353970383,0.03897059709830034
e10_primitive_bridge:15:13,15,oracle_probs_only,best_arm,noul,0.003325385722474596,0.024621903971672264,0.038000000000000006
e10_primitive_bridge:15:13,15,oracle_probs_only,next_reward,choice,0.016245033388929506,0.02271256632253054,0.06592207792207795
e10_primitive_bridge:15:13,15,oracle_probs_only,next_reward,noul,0.0020335470974432034,0.0037263312602653113,0.021477633477633484
e10_primitive_bridge:15:14,15,bayes,best_arm,choice,0.04071692394617757,0.28664554162288575,0.06818256675905092
e10_primitive_bridge:15:14,15,bayes,best_arm,noul,0.008776993434905598,0.018403787665995746,0.037096842950091406
e10_primitive_bridge:15:14,15,bayes,next_reward,choice,0.0530820870423468,0.06889003413706808,0.1425844155844156
e10_primitive_bridge:15:14,15,bayes,next_reward,noul,0.0030863583266180694,0.005539516036907649,0.03525108225108227
e10_primitive_bridge:15:14,15,counts,best_arm,choice,0.02160876259986125,0.17856843992221041,0.050868535469706586
e10_primitive_bridge:15:14,15,counts,best_arm,noul,0.00805642233462318,0.024004664140369128,0.04371534768148357
e10_primitive_bridge:15:14,15,counts,next_reward,choice,0.024988898009157757,0.035946287822066554,0.08038961038961041
e10_primitive_bridge:15:14,15,counts,next_reward,noul,0.00243873927899902,0.0036859019967251153,0.029649350649350658
e10_primitive_bridge:15:14,15,oracle_probs_full,best_arm,choice,0.0493086529610952,0.8614490914538303,0.0748492334257176
e10_primitive_bridge:15:14,15,oracle_probs_full,best_arm,noul,0.0010424078204472997,0.012955183202309302,0.021016159632155453
e10_primitive_bridge:15:14,15,oracle_probs_full,next_reward,choice,0.006009273189532931,0.009457050222992302,0.04415007215007216
e10_primitive_bridge:15:14,15,oracle_probs_full,next_reward,noul,0.001992043752303493,0.0039750364509751005,0.026330447330447333
e10_primitive_bridge:15:14,15,oracle_probs_only,best_arm,choice,0.0493086529610952,0.8614490914538303,0.0748492334257176
e10_primitive_bridge:15:14,15,oracle_probs_only,best_arm,noul,0.002400627992772142,0.01894239600560014,0.033999999999999996
e10_primitive_bridge:15:14,15,oracle_probs_only,next_reward,choice,0.019863212583472328,0.02976182249697749,0.08591774891774892
e10_primitive_bridge:15:14,15,oracle_probs_only,next_reward,noul,0.0034537753540350947,0.006922073005361882,0.03513997113997115
e10_primitive_bridge:15:15,15,bayes,best_arm,choice,0.08600536484270996,0.4673665731005079,0.09809660928984727
e10_primitive_bridge:15:15,15,bayes,best_arm,noul,0.030475612770946823,0.04649418284083317,0.05909061708085323
e10_primitive_bridge:15:15,15,bayes,next_reward,choice,0.04685555717971303,0.05603338876163577,0.1360923520923521
e10_primitive_bridge:15:15,15,bayes,next_reward,noul,0.002913738997894844,0.003460224307651346,0.033425685425685435
e10_primitive_bridge:15:15,15,counts,best_arm,choice,0.07080558321535774,0.2939515483821832,0.08930873050196848
e10_primitive_bridge:15:15,15,counts,best_arm,noul,0.04262754614330466,0.06497830456112666,0.07532745204229803
e10_primitive_bridge:15:15,15,counts,next_reward,choice,0.02264187752603337,0.03430922364974383,0.08913997113997113
e10_primitive_bridge:15:15,15,counts,next_reward,noul,0.0030694388535946996,0.003492294094083692,0.03375901875901877
e10_primitive_bridge:15:15,15,oracle_probs_full,best_arm,choice,0.07039315946765612,0.7983190727249301,0.08952633007711033
e10_primitive_bridge:15:15,15,oracle_probs_full,best_arm,noul,0.0016793781502265153,0.01493315428703838,0.025618362021743044
e10_primitive_bridge:15:15,15,oracle_probs_full,next_reward,choice,0.0029644460686019123,0.0035381839312041696,0.02992063492063492
e10_primitive_bridge:15:15,15,oracle_probs_full,next_reward,noul,0.0018400016241574676,0.002277858309528269,0.02192063492063492
e10_primitive_bridge:15:15,15,oracle_probs_only,best_arm,choice,0.07151412334219542,1.059115702885979,0.090192996743777
e10_primitive_bridge:15:15,15,oracle_probs_only,best_arm,noul,0.004767520765580539,0.022209799567199092,0.04000000000000001
e10_primitive_bridge:15:15,15,oracle_probs_only,next_reward,choice,0.01059339267754852,0.01216373232953336,0.06256854256854255
e10_primitive_bridge:15:15,15,oracle_probs_only,next_reward,noul,0.0023898717540275995,0.00298315472042832,0.0267907647907648
e10_primitive_bridge:15:16,15,bayes,best_arm,choice,0.03822037822546423,0.2371545309719616,0.061467646197184506
e10_primitive_bridge:15:16,15,bayes,best_arm,noul,0.016789025595835606,0.03428897407270047,0.04738128389244479
e10_primitive_bridge:15:16,15,bayes,next_reward,choice,0.04746484835991329,0.05991716765548339,0.13239538239538243
e10_primitive_bridge:15:16,15,bayes,next_reward,noul,0.0014063490814140147,0.0020899549011910777,0.02347907647907647
e10_primitive_bridge:15:16,15,counts,best_arm,choice,0.018677053480950223,0.14334117512792965,0.048977461841480184
e10_primitive_bridge:15:16,15,counts,best_arm,noul,0.0069141833818785305,0.02481311305313501,0.03773859250533385
e10_primitive_bridge:15:16,15,counts,next_reward,choice,0.023935237970302906,0.03397848750405144,0.0922380952380952
e10_primitive_bridge:15:16,15,counts,next_reward,noul,0.002463376498441435,0.0037396156145819643,0.03246031746031746
e10_primitive_bridge:15:16,15,oracle_probs_full,best_arm,choice,0.041139179461486444,0.28166932853254784,0.06346764619718451
e10_primitive_bridge:15:16,15,oracle_probs_full,best_arm,noul,0.0026539578603342355,0.01718897737634222,0.031381283892444795
e10_primitive_bridge:15:16,15,oracle_probs_full,next_reward,choice,0.003579191794256726,0.0050771492897915506,0.03301875901875901
e10_primitive_bridge:15:16,15,oracle_probs_full,next_reward,noul,0.0024477343627992954,0.0036826876630702303,0.031008658008657996
e10_primitive_bridge:15:16,15,oracle_probs_only,best_arm,choice,0.04015735682725682,0.2643799682742747,0.06280097953051783
e10_primitive_bridge:15:16,15,oracle_probs_only,best_arm,noul,0.003877055921378918,0.0233523449086816,0.03904795055911145
e10_primitive_bridge:15:16,15,oracle_probs_only,next_reward,choice,0.015918210553275487,0.022039767123356903,0.06963492063492062
e10_primitive_bridge:15:16,15,oracle_probs_only,next_reward,noul,0.003150966686031619,0.005068648734918911,0.03247619047619047
e10_primitive_bridge:15:17,15,bayes,best_arm,choice,0.055546031990362905,0.40633495590780977,0.0792811235963736
e10_primitive_bridge:15:17,15,bayes,best_arm,noul,0.02332187575172793,0.03779212390420414,0.05200773792169723
e10_primitive_bridge:15:17,15,bayes,next_reward,choice,0.024415704353366693,0.03615295913260657,0.09726118326118324
e10_primitive_bridge:15:17,15,bayes,next_reward,noul,0.002082342160004499,0.0031138697549523077,0.027239538239538248
e10_primitive_bridge:15:17,15,counts,best_arm,choice,0.025939017239799377,0.09886354841727756,0.06332728499919958
e10_primitive_bridge:15:17,15,counts,best_arm,noul,0.010381281244612399,0.029307507063755914,0.0440759414355778
e10_primitive_bridge:15:17,15,counts,next_reward,choice,0.018243583141245478,0.0326295155991423,0.08491197691197691
e10_primitive_bridge:15:17,15,counts,next_reward,noul,0.002630971308633644,0.004188084182398187,0.029972582972582967
e10_primitive_bridge:15:17,15,oracle_probs_full,best_arm,choice,0.05983841605575151,0.9493266062108113,0.08194779026304028
e10_primitive_bridge:15:17,15,oracle_probs_full,best_arm,noul,0.0023941871803213927,0.012949345137365335,0.029522854319743056
e10_primitive_bridge:15:17,15,oracle_probs_full,next_reward,choice,0.008111490789153127,0.011013002895889483,0.05310966810966811
e10_primitive_bridge:15:17,15,oracle_probs_full,next_reward,noul,0.0062571184947808325,0.008841129142285886,0.04818326118326117
e10_primitive_bridge:15:17,15,oracle_probs_only,best_arm,choice,0.05983841605575151,0.9493266062108113,0.08194779026304028
e10_primitive_bridge:15:17,15,oracle_probs_only,best_arm,noul,0.00631868595832632,0.024261905689570536,0.04969514470500834
e10_primitive_bridge:15:17,15,oracle_probs_only,next_reward,choice,0.02769284721050955,0.03492922249475593,0.10551659451659454
e10_primitive_bridge:15:17,15,oracle_probs_only,next_reward,noul,0.007451346489008827,0.010713791836279084,0.05046897546897546
e10_primitive_bridge:15:18,15,bayes,best_arm,choice,0.09022432089384824,0.5529025445723315,0.09971900571192113
e10_primitive_bridge:15:18,15,bayes,best_arm,noul,0.05164847069974025,0.07077802343983922,0.06470650502937611
e10_primitive_bridge:15:18,15,bayes,next_reward,choice,0.03745774217124867,0.05067155129200725,0.12661904761904763
e10_primitive_bridge:15:18,15,bayes,next_reward,noul,0.0022074391409456365,0.0032515023894617986,0.030614718614718636
e10_primitive_bridge:15:18,15,counts,best_arm,choice,0.03130578106269151,0.2774505318465105,0.06185421750944971
e10_primitive_bridge:15:18,15,counts,best_arm,noul,0.04180375939070853,0.05983835603631345,0.06770650502937611
e10_primitive_bridge:15:18,15,counts,next_reward,choice,0.019442417495923993,0.028016905667200897,0.0813939393939394
e10_primitive_bridge:15:18,15,counts,next_reward,noul,0.0023273525608590562,0.003164431689293796,0.026740259740259745
e10_primitive_bridge:15:18,15,oracle_probs_full,best_arm,choice,0.0709534550014568,0.455382861793563,0.08946854513086186
e10_primitive_bridge:15:18,15,oracle_probs_full,best_arm,noul,0.0012108207685971144,0.012310455655669,0.02169870263165997
e10_primitive_bridge:15:18,15,oracle_probs_full,next_reward,choice,0.012365707539214033,0.016533699287647537,0.06594805194805195
e10_primitive_bridge:15:18,15,oracle_probs_full,next_reward,noul,0.0026912486647551583,0.003939327804418007,0.032424242424242425
e10_primitive_bridge:15:18,15,oracle_probs_only,best_arm,choice,0.0818442468824948,1.1325833673294883,0.09546854513086186
e10_primitive_bridge:15:18,15,oracle_probs_only,best_arm,noul,0.004809076952215622,0.024577785044147107,0.040947660954745516
e10_primitive_bridge:15:18,15,oracle_probs_only,next_reward,choice,0.026281724855231357,0.0331625711147537,0.10223376623376623
e10_primitive_bridge:15:18,15,oracle_probs_only,next_reward,noul,0.00333098892449542,0.005538725118429163,0.03275757575757578
e10_primitive_bridge:15:19,15,bayes,best_arm,choice,0.043767127992834415,0.8059050313685376,0.07122951719641858
e10_primitive_bridge:15:19,15,bayes,best_arm,noul,0.028249642112366843,0.05357730147575184,0.050499745069271344
e10_primitive_bridge:15:19,15,bayes,next_reward,choice,0.04916325018896449,0.06383894920801944,0.14284126984126985
e10_primitive_bridge:15:19,15,bayes,next_reward,noul,0.0019756311413454295,0.002229420198169506,0.028349206349206364
e10_primitive_bridge:15:19,15,counts,best_arm,choice,0.04219940682324148,0.43972297306261965,0.07054167811367862
e10_primitive_bridge:15:19,15,counts,best_arm,noul,0.029570750766640896,0.05966061474298945,0.05243714947024809
e10_primitive_bridge:15:19,15,counts,next_reward,choice,0.027480710506424796,0.05229269577624134,0.10417460317460318
e10_primitive_bridge:15:19,15,counts,next_reward,noul,0.0038153136810279665,0.006705958328337812,0.030841269841269846
e10_primitive_bridge:15:19,15,oracle_probs_full,best_arm,choice,0.043767127992834415,0.8059050313685376,0.07122951719641858
e10_primitive_bridge:15:19,15,oracle_probs_full,best_arm,noul,0.0017015349037986312,0.012383318048547627,0.027874808801953515
e10_primitive_bridge:15:19,15,oracle_probs_full,next_reward,choice,0.009312456538170822,0.011676848009824107,0.056968253968253973
e10_primitive_bridge:15:19,15,oracle_probs_full,next_reward,noul,0.003217535903250188,0.004073489343604208,0.035492063492063484
e10_primitive_bridge:15:19,15,oracle_probs_only,best_arm,choice,0.043767127992834415,0.8059050313685376,0.07122951719641858
e10_primitive_bridge:15:19,15,oracle_probs_only,best_arm,noul,0.003598843121073761,0.020118154759983586,0.03993740440097675
e10_primitive_bridge:15:19,15,oracle_probs_only,next_reward,choice,0.009560075585789871,0.01238534016087439,0.04849206349206349
e10_primitive_bridge:15:19,15,oracle_probs_only,next_reward,noul,0.0028737263794406647,0.004001272584733704,0.030301587301587312
e10_primitive_bridge:15:2,15,bayes,best_arm,choice,0.04457246203368986,0.4361623893444092,0.06763582022021293
e10_primitive_bridge:15:2,15,bayes,best_arm,noul,0.010843084162021194,0.028472826508746038,0.04851542322322688
e10_primitive_bridge:15:2,15,bayes,next_reward,choice,0.05913428346545229,0.0724335272359515,0.15661904761904763
e10_primitive_bridge:15:2,15,bayes,next_reward,noul,0.004192955904124738,0.006391156389624938,0.042571428571428586
e10_primitive_bridge:15:2,15,counts,best_arm,choice,0.030358540180705558,0.18397955853854436,0.056057633910626306
e10_primitive_bridge:15:2,15,counts,best_arm,noul,0.0035340529164314435,0.01935259638505463,0.028546269669680588
e10_primitive_bridge:15:2,15,counts,next_reward,choice,0.015232782743951578,0.023266310234941093,0.06822222222222223
e10_primitive_bridge:15:2,15,counts,next_reward,noul,0.003631859223028056,0.004950304029619014,0.034380952380952394
e10_primitive_bridge:15:2,15,oracle_probs_full,best_arm,choice,0.04613972570402674,0.8022389896030929,0.06896915355354626
e10_primitive_bridge:15:2,15,oracle_probs_full,best_arm,noul,0.0020112659536081104,0.017634921067609603,0.027364179779787078
e10_primitive_bridge:15:2,15,oracle_probs_full,next_reward,choice,0.009481152152320982,0.014649970522921671,0.05644444444444444
e10_primitive_bridge:15:2,15,oracle_probs_full,next_reward,noul,0.0024193339705028,0.00428727871143914,0.026444444444444437
e10_primitive_bridge:15:2,15,oracle_probs_only,best_arm,choice,0.04613972570402674,0.8022389896030929,0.06896915355354626
e10_primitive_bridge:15:2,15,oracle_probs_only,best_arm,noul,0.0040818520404265835,0.031035053502677525,0.044182089889893555
e10_primitive_bridge:15:2,15,oracle_probs_only,next_reward,choice,0.01785526470643354,0.026110173118953577,0.0761111111111111
e10_primitive_bridge:15:2,15,oracle_probs_only,next_reward,noul,0.0037866066977755297,0.006821647809172351,0.03523809523809525
e10_primitive_bridge:15:20,15,bayes,best_arm,choice,0.044740692116611434,0.30400322911201855,0.06751695018135519
e10_primitive_bridge:15:20,15,bayes,best_arm,noul,0.021471634933623692,0.04148467819992141,0.05187172484337502
e10_primitive_bridge:15:20,15,bayes,next_reward,choice,0.07818721950488183,0.0897046215041294,0.18004473304473306
e10_primitive_bridge:15:20,15,bayes,next_reward,noul,0.003308806806469146,0.005006173482662386,0.03755266955266957
e10_primitive_bridge:15:20,15,counts,best_arm,choice,0.024748396082318824,0.05152885772232618,0.049516950181355185
e10_primitive_bridge:15:20,15,counts,best_arm,noul,0.008653724893412757,0.023517182835199747,0.040075499835131624
e10_primitive_bridge:15:20,15,counts,next_reward,choice,0.020722573040235386,0.027644335237107808,0.0831875901875902
e10_primitive_bridge:15:20,15,counts,next_reward,noul,0.0037787057963681358,0.005115927687579908,0.034568542568542575
e10_primitive_bridge:15:20,15,oracle_probs_full,best_arm,choice,0.0488191821199088,0.8204621491573275,0.07018361684802185
e10_primitive_bridge:15:20,15,oracle_probs_full,best_arm,noul,0.0026664213140285024,0.017822252172857326,0.03133461651828513
e10_primitive_bridge:15:20,15,oracle_probs_full,next_reward,choice,0.00929512715278949,0.013123956797001568,0.05749206349206348
e10_primitive_bridge:15:20,15,oracle_probs_full,next_reward,noul,0.0022365412942036314,0.004041792264662668,0.027148629148629148
e10_primitive_bridge:15:20,15,oracle_probs_only,best_arm,choice,0.0488191821199088,0.8204621491573275,0.07018361684802185
e10_primitive_bridge:15:20,15,oracle_probs_only,best_arm,noul,0.0062506369822092995,0.03159503221618667,0.04700128318495178
e10_primitive_bridge:15:20,15,oracle_probs_only,next_reward,choice,0.02528456438222671,0.0343089265721726,0.09385569985569983
e10_primitive_bridge:15:20,15,oracle_probs_only,next_reward,noul,0.004119023256685593,0.0074031883030152785,0.03621933621933622
e10_primitive_bridge:15:21,15,bayes,best_arm,choice,0.04933330911482891,0.6163460360121098,0.07352017974858543
e10_primitive_bridge:15:21,15,bayes,best_arm,noul,0.02583419595637343,0.04360670679753334,0.04925644702342055
e10_primitive_bridge:15:21,15,bayes,next_reward,choice,0.04162767301962108,0.05182855654313835,0.1290865800865801
e10_primitive_bridge:15:21,15,bayes,next_reward,noul,0.0020372834092314616,0.003366063964428214,0.029896103896103907
e10_primitive_bridge:15:21,15,counts,best_arm,choice,0.04558782088971809,0.3301049765481672,0.07085351308191878
e10_primitive_bridge:15:21,15,counts,best_arm,noul,0.025707477116462096,0.049560734181042135,0.055586327339438545
e10_primitive_bridge:15:21,15,counts,next_reward,choice,0.01484602799797605,0.026303344488691965,0.06351948051948052
e10_primitive_bridge:15:21,15,counts,next_reward,noul,0.002566287738235792,0.004052742061216924,0.02851948051948053
e10_primitive_bridge:15:21,15,oracle_probs_full,best_arm,choice,0.050357576680238506,0.854853222418635,0.07418684641525211
e10_primitive_bridge:15:21,15,oracle_probs_full,best_arm,noul,0.0016842195560099308,0.01241686497194437,0.024026531855227587
e10_primitive_bridge:15:21,15,oracle_probs_full,next_reward,choice,0.005318841850789901,0.007690638990519102,0.04032900432900433
e10_primitive_bridge:15:21,15,oracle_probs_full,next_reward,noul,0.0021369370888851403,0.003429870138061682,0.025207792207792214
e10_primitive_bridge:15:21,15,oracle_probs_only,best_arm,choice,0.050357576680238506,0.854853222418635,0.07418684641525211
e10_primitive_bridge:15:21,15,oracle_probs_only,best_arm,noul,0.002820529582278962,0.017821714801923096,0.03357324345904062
e10_primitive_bridge:15:21,15,oracle_probs_only,next_reward,choice,0.008266374318322368,0.012157677374439077,0.05065800865800865
e10_primitive_bridge:15:21,15,oracle_probs_only,next_reward,noul,0.003212002023950074,0.005016895827824117,0.028562770562770564
e10_primitive_bridge:15:22,15,bayes,best_arm,choice,0.04551168609126308,0.4852732785367839,0.0708289454220897
e10_primitive_bridge:15:22,15,bayes,best_arm,noul,0.023993834118093253,0.04405681008239163,0.05153415504825724
e10_primitive_bridge:15:22,15,bayes,next_reward,choice,0.049443034800697144,0.05941489044048118,0.14400432900432902
e10_primitive_bridge:15:22,15,bayes,next_reward,noul,0.0029940304716928115,0.0036706205744484067,0.0350952380952381
e10_primitive_bridge:15:22,15,counts,best_arm,choice,0.03463237936303118,0.1690498992138464,0.061822936407109536
e10_primitive_bridge:15:22,15,counts,best_arm,noul,0.023844705715267516,0.04772111971486661,0.05586748838159057
e10_primitive_bridge:15:22,15,counts,next_reward,choice,0.02342433350199584,0.030430505291373817,0.08243722943722943
e10_primitive_bridge:15:22,15,counts,next_reward,noul,0.0022727317703941084,0.0025546363195197283,0.02890909090909091
e10_primitive_bridge:15:22,15,oracle_probs_full,best_arm,choice,0.046993555865354586,0.8316657516093116,0.07216227875542304
e10_primitive_bridge:15:22,15,oracle_probs_full,best_arm,noul,0.0018456625454696231,0.016207189983721552,0.026470206847521657
e10_primitive_bridge:15:22,15,oracle_probs_full,next_reward,choice,0.010118013155675497,0.011441987505081802,0.060913419913419926
e10_primitive_bridge:15:22,15,oracle_probs_full,next_reward,noul,0.0019783594760218143,0.002772023584489892,0.022943722943722936
e10_primitive_bridge:15:22,15,oracle_probs_only,best_arm,choice,0.04555980745748869,0.4963657234866501,0.07130380378421775
e10_primitive_bridge:15:22,15,oracle_probs_only,best_arm,noul,0.0048223599078700725,0.02531043840339892,0.04151932180230791
e10_primitive_bridge:15:22,15,oracle_probs_only,next_reward,choice,0.01823281835048069,0.021142012434642154,0.08123376623376624
e10_primitive_bridge:15:22,15,oracle_probs_only,next_reward,noul,0.0022321257097880497,0.00304439662249975,0.0290865800865801
e10_primitive_bridge:15:23,15,bayes,best_arm,choice,0.056256873499127086,0.4115873852397662,0.07870125657926294
e10_primitive_bridge:15:23,15,bayes,best_arm,noul,0.03310407120682753,0.05893155212876811,0.06219525617979296
e10_primitive_bridge:15:23,15,bayes,next_reward,choice,0.049356629123642116,0.0650459054149709,0.14246897546897547
e10_primitive_bridge:15:23,15,bayes,next_reward,noul,0.0019815930486060365,0.003409632962621789,0.026865800865800874
e10_primitive_bridge:15:23,15,counts,best_arm,choice,0.04156059797288586,0.22605003185773143,0.06951627986713602
e10_primitive_bridge:15:23,15,counts,best_arm,noul,0.011971639790695253,0.026720338399738818,0.04652858951312631
e10_primitive_bridge:15:23,15,counts,next_reward,choice,0.02628520055221355,0.04506048346338772,0.10104184704184704
e10_primitive_bridge:15:23,15,counts,next_reward,noul,0.005421217868230856,0.010215211895215999,0.040509379509379516
e10_primitive_bridge:15:23,15,oracle_probs_full,best_arm,choice,0.058371127346817354,0.4488141794139161,0.08003458991259628
e10_primitive_bridge:15:23,15,oracle_probs_full,best_arm,noul,0.0017122699995146783,0.016429370514838178,0.026764294756563136
e10_primitive_bridge:15:23,15,oracle_probs_full,next_reward,choice,0.007394118301131287,0.0107009861872537,0.048421356421356414
e10_primitive_bridge:15:23,15,oracle_probs_full,next_reward,noul,0.003496744563757549,0.005441895047335521,0.03689754689754687
e10_primitive_bridge:15:23,15,oracle_probs_only,best_arm,choice,0.058371127346817354,0.4488141794139161,0.08003458991259628
e10_primitive_bridge:15:23,15,oracle_probs_only,best_arm,noul,0.0044931465867102975,0.0262268841917769,0.04008619228464598
e10_primitive_bridge:15:23,15,oracle_probs_only,next_reward,choice,0.02367792782494081,0.03202194312736991,0.09784992784992781
e10_primitive_bridge:15:23,15,oracle_probs_only,next_reward,noul,0.005461593048606033,0.00900731883689371,0.04308802308802308
e10_primitive_bridge:15:24,15,bayes,best_arm,choice,0.010442225550150303,0.2098965348420558,0.034267288282320375
e10_primitive_bridge:15:24,15,bayes,best_arm,noul,0.005756622379622477,0.022643203716784736,0.030093218588744537
e10_primitive_bridge:15:24,15,bayes,next_reward,choice,0.04250917698943673,0.058480003514374136,0.13065945165945167
e10_primitive_bridge:15:24,15,bayes,next_reward,noul,0.0007787296589894003,0.0014257129640434356,0.014685425685425697
e10_primitive_bridge:15:24,15,counts,best_arm,choice,0.007600751472517785,0.10252840669364693,0.030933954948987034
e10_primitive_bridge:15:24,15,counts,best_arm,noul,0.0035871462168685034,0.017489657729688874,0.029108755020201955
e10_primitive_bridge:15:24,15,counts,next_reward,choice,0.02328505000530974,0.033890810304423834,0.08865945165945166
e10_primitive_bridge:15:24,15,counts,next_reward,noul,0.001149956210215952,0.001426392846843868,0.018649350649350655
e10_primitive_bridge:15:24,15,oracle_probs_full,best_arm,choice,0.01111744524632209,0.3703482858415571,0.034680803212121546
e10_primitive_bridge:15:24,15,oracle_probs_full,best_arm,noul,0.0016724278828729978,0.015738331761179936,0.026093218588744544
e10_primitive_bridge:15:24,15,oracle_probs_full,next_reward,choice,0.011433073093332833,0.016338883615377765,0.05892352092352091
e10_primitive_bridge:15:24,15,oracle_probs_full,next_reward,noul,0.0042079648682246075,0.005796821314714351,0.04254256854256854
e10_primitive_bridge:15:24,15,oracle_probs_only,best_arm,choice,0.01111744524632209,0.3703482858415571,0.034680803212121546
e10_primitive_bridge:15:24,15,oracle_probs_only,best_arm,noul,0.0031903597993739774,0.02569313947544307,0.03833333333333333
e10_primitive_bridge:15:24,15,oracle_probs_only,next_reward,choice,0.019379018259278003,0.025017040233836975,0.08411399711399709
e10_primitive_bridge:15:24,15,oracle_probs_only,next_reward,noul,0.0040604612607210025,0.005540418370035821,0.040209235209235215
e10_primitive_bridge:15:25,15,bayes,best_arm,choice,0.05128395345730993,0.2542848816464155,0.07635908464418051
e10_primitive_bridge:15:25,15,bayes,best_arm,noul,0.003243905193229756,0.013204773563707254,0.029571687564971007
e10_primitive_bridge:15:25,15,bayes,next_reward,choice,0.02968097074642529,0.03724751489160375,0.10678787878787879
e10_primitive_bridge:15:25,15,bayes,next_reward,noul,0.002144664830119376,0.002900842176699812,0.029473304473304478
e10_primitive_bridge:15:25,15,counts,best_arm,choice,0.013974292630532802,0.07404809087837007,0.04968727025819602
e10_primitive_bridge:15:25,15,counts,best_arm,noul,0.030331313040132,0.04935176917201197,0.06212283175974534
e10_primitive_bridge:15:25,15,counts,next_reward,choice,0.012931071756526299,0.02001150338273942,0.06717748917748917
e10_primitive_bridge:15:25,15,counts,next_reward,noul,0.000883885609340154,0.0010482192930958937,0.016419913419913407
e10_primitive_bridge:15:25,15,oracle_probs_full,best_arm,choice,0.07063903601629211,0.553825246727857,0.08969241797751386
e10_primitive_bridge:15:25,15,oracle_probs_full,best_arm,noul,0.0019439591546201974,0.013655848904157818,0.026284806488675795
e10_primitive_bridge:15:25,15,oracle_probs_full,next_reward,choice,0.006443077528532076,0.008154813002115456,0.04872582972582974
e10_primitive_bridge:15:25,15,oracle_probs_full,next_reward,noul,0.005016093401547948,0.006748800352846794,0.04236363636363637
e10_primitive_bridge:15:25,15,oracle_probs_only,best_arm,choice,0.07285596019606724,1.069654940098251,0.0910257513108472
e10_primitive_bridge:15:25,15,oracle_probs_only,best_arm,noul,0.005091905315410402,0.021731807910441856,0.03972340398859465
e10_primitive_bridge:15:25,15,oracle_probs_only,next_reward,choice,0.021390292535747084,0.025798530722829668,0.0871861471861472
e10_primitive_bridge:15:25,15,oracle_probs_only,next_reward,noul,0.004196988062442608,0.005863710176429443,0.034675324675324685
e10_primitive_bridge:15:26,15,bayes,best_arm,choice,0.03986655519341863,0.4091553096974735,0.0780077612091813
e10_primitive_bridge:15:26,15,bayes,best_arm,noul,0.0270614351066327,0.039446642491393145,0.05284836900886604
e10_primitive_bridge:15:26,15,bayes,next_reward,choice,0.048730956066540494,0.06361079757440398,0.1410649350649351
e10_primitive_bridge:15:26,15,bayes,next_reward,noul,0.00280685794244236,0.003929717063146208,0.0330909090909091
e10_primitive_bridge:15:26,15,counts,best_arm,choice,0.09864082269471738,0.43179937713116856,0.10473571493918554
e10_primitive_bridge:15:26,15,counts,best_arm,noul,0.0778220151539296,0.12455667585951719,0.09790965607220363
e10_primitive_bridge:15:26,15,counts,next_reward,choice,0.025977189832774254,0.03325223381221578,0.0865829725829726
e10_primitive_bridge:15:26,15,counts,next_reward,noul,0.0025089070044914214,0.003232348253240182,0.029174603174603183
e10_primitive_bridge:15:26,15,oracle_probs_full,best_arm,choice,0.07779913775495666,0.6154682274801462,0.09327204626999577
e10_primitive_bridge:15:26,15,oracle_probs_full,best_arm,noul,0.0014784181639508178,0.014481951486408236,0.02250297667662523
e10_primitive_bridge:15:26,15,oracle_probs_full,next_reward,choice,0.010259556355140772,0.012029479364659567,0.05054545454545455
e10_primitive_bridge:15:26,15,oracle_probs_full,next_reward,noul,0.001203019558603973,0.0018089527670923737,0.020307359307359295
e10_primitive_bridge:15:26,15,oracle_probs_only,best_arm,choice,0.07769436392264042,0.5913168357323427,0.09327204626999577
e10_primitive_bridge:15:26,15,oracle_probs_only,best_arm,noul,0.004395682170354243,0.02582437557316737,0.043000000000000003
e10_primitive_bridge:15:26,15,oracle_probs_only,next_reward,choice,0.009842730958315374,0.012922775540220642,0.05859307359307359
e10_primitive_bridge:15:26,15,oracle_probs_only,next_reward,noul,0.0015319950275794433,0.002511618430928941,0.02283116883116883
e10_primitive_bridge:15:27,15,bayes,best_arm,choice,0.05388855315362995,0.23231731718432963,0.07420763976130496
e10_primitive_bridge:15:27,15,bayes,best_arm,noul,0.03448636595494974,0.05346232923636153,0.05973191360727369
e10_primitive_bridge:15:27,15,bayes,next_reward,choice,0.028979440915025335,0.03697733986230461,0.10009523809523814
e10_primitive_bridge:15:27,15,bayes,next_reward,noul,0.0019922259078103233,0.004128380508140847,0.0295021645021645
e10_primitive_bridge:15:27,15,counts,best_arm,choice,0.019138303368411026,0.11199593276680972,0.04601430012113433
e10_primitive_bridge:15:27,15,counts,best_arm,noul,0.008256515956053508,0.01970500312050423,0.038693615551169916
e10_primitive_bridge:15:27,15,counts,next_reward,choice,0.019502759818344238,0.0268383532700157,0.07699422799422799
e10_primitive_bridge:15:27,15,counts,next_reward,noul,0.0020179690535534695,0.002851742622911327,0.02751948051948053
e10_primitive_bridge:15:27,15,oracle_probs_full,best_arm,choice,0.06587091474338881,0.7003087156041232,0.082248043801709
e10_primitive_bridge:15:27,15,oracle_probs_full,best_arm,noul,0.0016910192861365426,0.015818133078033824,0.027188834528335117
e10_primitive_bridge:15:27,15,oracle_probs_full,next_reward,choice,0.007666165301749715,0.011763004323994606,0.05359740259740258
e10_primitive_bridge:15:27,15,oracle_probs_full,next_reward,noul,0.003985876701461115,0.007077932220560882,0.0399148629148629
e10_primitive_bridge:15:27,15,oracle_probs_only,best_arm,choice,0.06708443063137301,0.9824394888841292,0.08291471046837566
e10_primitive_bridge:15:27,15,oracle_probs_only,best_arm,noul,0.0031781269926944885,0.024351604883681818,0.03910354499671077
e10_primitive_bridge:15:27,15,oracle_probs_only,next_reward,choice,0.02428125909684351,0.03755098413552026,0.0866926406926407
e10_primitive_bridge:15:27,15,oracle_probs_only,next_reward,noul,0.004228733844318258,0.009294519404802835,0.03526406926406926
e10_primitive_bridge:15:28,15,bayes,best_arm,choice,0.07466260793692642,0.5956834147287291,0.08984186209877552
e10_primitive_bridge:15:28,15,bayes,best_arm,noul,0.046093896251119267,0.0707450233362578,0.07166005725205496
e10_primitive_bridge:15:28,15,bayes,next_reward,choice,0.03353760174409526,0.04546739460543585,0.12108658008658009
e10_primitive_bridge:15:28,15,bayes,next_reward,noul,0.0014938788003723076,0.0023766906556409503,0.024046176046176055
e10_primitive_bridge:15:28,15,counts,best_arm,choice,0.03675284692393959,0.12778775274923812,0.06377253219435494
e10_primitive_bridge:15:28,15,counts,best_arm,noul,0.03058262148279288,0.049168239433186954,0.0659933905853883
e10_primitive_bridge:15:28,15,counts,next_reward,choice,0.027530906217399738,0.04269159171336947,0.09835642135642138
e10_primitive_bridge:15:28,15,counts,next_reward,noul,0.002398525265018771,0.003480900727736442,0.026571428571428572
e10_primitive_bridge:15:28,15,oracle_probs_full,best_arm,choice,0.08037675061454384,0.6637817254779866,0.09384186209877553
e10_primitive_bridge:15:28,15,oracle_probs_full,best_arm,noul,0.0021921887455986166,0.014244551509491044,0.02903455021713685
e10_primitive_bridge:15:28,15,oracle_probs_full,next_reward,choice,0.005093647920141426,0.007206144263681806,0.03854256854256854
e10_primitive_bridge:15:28,15,oracle_probs_full,next_reward,noul,0.003943950950444456,0.005393614492044034,0.03996681096681097
e10_primitive_bridge:15:28,15,oracle_probs_only,best_arm,choice,0.08238813150708298,1.1322316834561907,0.09517519543210885
e10_primitive_bridge:15:28,15,oracle_probs_only,best_arm,noul,0.008203222676073502,0.02955899994977905,0.05142631829078714
e10_primitive_bridge:15:28,15,oracle_probs_only,next_reward,choice,0.021875437241930747,0.02827171038193211,0.08394083694083694
e10_primitive_bridge:15:28,15,oracle_probs_only,next_reward,noul,0.006686634933128437,0.009407833826898434,0.048815295815295805
e10_primitive_bridge:15:29,15,bayes,best_arm,choice,0.09655812477993767,0.9299560158203947,0.10379208372598503
e10_primitive_bridge:15:29,15,bayes,best_arm,noul,0.05284704414068568,0.07245449456075755,0.06505297006114988
e10_primitive_bridge:15:29,15,bayes,next_reward,choice,0.05242817663337144,0.06409779676064578,0.15164213564213563
e10_primitive_bridge:15:29,15,bayes,next_reward,noul,0.001914496979691787,0.0023440746247947843,0.028177489177489193
e10_primitive_bridge:15:29,15,counts,best_arm,choice,0.0343225534402789,0.23365636584985205,0.06245875039265168
e10_primitive_bridge:15:29,15,counts,best_arm,noul,0.02190747811755654,0.03531799718892766,0.05605297006114987
e10_primitive_bridge:15:29,15,counts,next_reward,choice,0.014892447917642725,0.023833225204442133,0.07393217893217893
e10_primitive_bridge:15:29,15,counts,next_reward,noul,0.0020932271384219436,0.0026989509992482712,0.026378066378066382
e10_primitive_bridge:15:29,15,oracle_probs_full,best_arm,choice,0.07004918578295936,0.4682075189292483,0.08969158425950718
e10_primitive_bridge:15:29,15,oracle_probs_full,best_arm,noul,0.001287338562308886,0.013096490950566536,0.0234916846062137
e10_primitive_bridge:15:29,15,oracle_probs_full,next_reward,choice,0.006812043877238685,0.007726380058466166,0.04555122655122657
e10_primitive_bridge:15:29,15,oracle_probs_full,next_reward,noul,0.0027511492163440226,0.003427906751812922,0.02695959595959596
e10_primitive_bridge:15:29,15,oracle_probs_only,best_arm,choice,0.08308479750831346,1.1510659322102528,0.09702491759284051
e10_primitive_bridge:15:29,15,oracle_probs_only,best_arm,noul,0.0048783592497587906,0.023498177378768678,0.04020791627401498
e10_primitive_bridge:15:29,15,oracle_probs_only,next_reward,choice,0.012799114584309391,0.015172518102722677,0.06577344877344876
e10_primitive_bridge:15:29,15,oracle_probs_only,next_reward,noul,0.002788724973919782,0.0036843417492969147,0.0312886002886003
e10_primitive_bridge:15:3,15,bayes,best_arm,choice,0.04429847632721976,0.40654996416162875,0.0675923464886953
e10_primitive_bridge:15:3,15,bayes,best_arm,noul,0.010620093111294351,0.027443457092403603,0.04587049342231902
e10_primitive_bridge:15:3,15,bayes,next_reward,choice,0.0351473716759431,0.047283620131391015,0.10503463203463204
e10_primitive_bridge:15:3,15,bayes,next_reward,noul,0.0011747309833024131,0.0015194274912742806,0.021805194805194817
e10_primitive_bridge:15:3,15,counts,best_arm,choice,0.01223774388060115,0.055857025370867015,0.04646518073230098
e10_primitive_bridge:15:3,15,counts,best_arm,noul,0.005564432864662548,0.024380162685913104,0.03938453301460201
e10_primitive_bridge:15:3,15,counts,next_reward,choice,0.02284979591836735,0.03418481334609522,0.08529870129870133
e10_primitive_bridge:15:3,15,counts,next_reward,noul,0.0009289301175015466,0.0012025125908944208,0.017073593073593085
e10_primitive_bridge:15:3,15,oracle_probs_full,best_arm,choice,0.04752862312297899,0.8177751938861971,0.07025901315536197
e10_primitive_bridge:15:3,15,oracle_probs_full,best_arm,noul,0.0018242775488045903,0.017211776365669527,0.02861148026695707
e10_primitive_bridge:15:3,15,oracle_probs_full,next_reward,choice,0.007362350030921458,0.009985432855494192,0.05019047619047618
e10_primitive_bridge:15:3,15,oracle_probs_full,next_reward,noul,0.003559319727891153,0.004506794418481179,0.03296536796536795
e10_primitive_bridge:15:3,15,oracle_probs_only,best_arm,choice,0.04752862312297899,0.8177751938861971,0.07025901315536197
e10_primitive_bridge:15:3,15,oracle_probs_only,best_arm,noul,0.0038569426570226593,0.027923615748609444,0.04287049342231903
e10_primitive_bridge:15:3,15,oracle_probs_only,next_reward,choice,0.010621570810142235,0.01289631739960771,0.05566233766233766
e10_primitive_bridge:15:3,15,oracle_probs_only,next_reward,noul,0.0031740383426097697,0.0043737385216866395,0.028653679653679657
e10_primitive_bridge:15:4,15,bayes,best_arm,choice,0.012296824364558348,0.19318840294007103,0.037342628554881255
e10_primitive_bridge:15:4,15,bayes,best_arm,noul,0.007000276657547055,0.02516467534309825,0.03374686444899484
e10_primitive_bridge:15:4,15,bayes,next_reward,choice,0.06032974082194863,0.078155230715195,0.14783982683982683
e10_primitive_bridge:15:4,15,bayes,next_reward,noul,0.0018025546747624686,0.0030584889231762124,0.025572871572871584
e10_primitive_bridge:15:4,15,counts,best_arm,choice,0.00718493119337377,0.07912661935647854,0.03242175210543549
e10_primitive_bridge:15:4,15,counts,best_arm,noul,0.004277637518392172,0.01836570471517451,0.029080197782328163
e10_primitive_bridge:15:4,15,counts,next_reward,choice,0.022302698974906766,0.031693117500297414,0.09176046176046175
e10_primitive_bridge:15:4,15,counts,next_reward,noul,0.0017727422649500579,0.0022962684665461166,0.025268398268398277
e10_primitive_bridge:15:4,15,oracle_probs_full,best_arm,choice,0.013241145580145922,0.41567068266667623,0.03867596188821459
e10_primitive_bridge:15:4,15,oracle_probs_full,best_arm,noul,0.0013974549864026733,0.014530973843546924,0.023666666666666666
e10_primitive_bridge:15:4,15,oracle_probs_full,next_reward,choice,0.00908232379453159,0.012916054624583739,0.05515728715728718
e10_primitive_bridge:15:4,15,oracle_probs_full,next_reward,noul,0.004320794213002007,0.006795990937253099,0.03851226551226552
e10_primitive_bridge:15:4,15,oracle_probs_only,best_arm,choice,0.013241145580145922,0.41567068266667623,0.03867596188821459
e10_primitive_bridge:15:4,15,oracle_probs_only,best_arm,noul,0.004108358955649717,0.02726364763739316,0.0409367161122487
e10_primitive_bridge:15:4,15,oracle_probs_only,next_reward,choice,0.03165733100953882,0.04165045709035014,0.09884559884559886
e10_primitive_bridge:15:4,15,oracle_probs_only,next_reward,noul,0.004989336781544575,0.007993137815223147,0.04017893217893218
e10_primitive_bridge:15:5,15,bayes,best_arm,choice,0.05355102862885185,0.4679697375240496,0.07633900028534901
e10_primitive_bridge:15:5,15,bayes,best_arm,noul,0.02583677669170047,0.04723525880688378,0.06575139362810413
e10_primitive_bridge:15:5,15,bayes,next_reward,choice,0.04362411711424699,0.05831163887831989,0.126962481962482
e10_primitive_bridge:15:5,15,bayes,next_reward,noul,0.001370437460567331,0.0019433697973522753,0.02134920634920635
e10_primitive_bridge:15:5,15,counts,best_arm,choice,0.07134946204484613,0.13341382013756525,0.08944990549504403
e10_primitive_bridge:15:5,15,counts,best_arm,noul,0.05652480206960364,0.09282002717303421,0.08912425696614835
e10_primitive_bridge:15:5,15,counts,next_reward,choice,0.024590322020451895,0.03955937486650499,0.10186724386724387
e10_primitive_bridge:15:5,15,counts,next_reward,noul,0.0018735832037130766,0.003488946207086203,0.026113997113997135
e10_primitive_bridge:15:5,15,oracle_probs_full,best_arm,choice,0.05964997937468368,0.9451077117920523,0.08100566695201566
e10_primitive_bridge:15:5,15,oracle_probs_full,best_arm,noul,0.0012689818929408618,0.012236358963830692,0.02320336319536973
e10_primitive_bridge:15:5,15,oracle_probs_full,next_reward,choice,0.008034824184954053,0.011794230957470498,0.051466089466089465
e10_primitive_bridge:15:5,15,oracle_probs_full,next_reward,noul,0.0040134100435399115,0.0058134310981021835,0.04003751803751802
e10_primitive_bridge:15:5,15,oracle_probs_only,best_arm,choice,0.05964997937468368,0.9451077117920523,0.08100566695201566
e10_primitive_bridge:15:5,15,oracle_probs_only,best_arm,noul,0.003118029481218671,0.02220589564875757,0.03827118174035936
e10_primitive_bridge:15:5,15,oracle_probs_only,next_reward,choice,0.03549012000024987,0.0427800219087175,0.11213275613275613
e10_primitive_bridge:15:5,15,oracle_probs_only,next_reward,noul,0.006978980029109895,0.010207350835755195,0.045037518037518015
e10_primitive_bridge:15:6,15,bayes,best_arm,choice,0.03485701995986046,0.36497256715065984,0.06373441782028208
e10_primitive_bridge:15:6,15,bayes,best_arm,noul,0.013818492605269813,0.027805434134647807,0.049999999999999996
e10_primitive_bridge:15:6,15,bayes,next_reward,choice,0.06338139565100603,0.07639795028645023,0.16964790764790766
e10_primitive_bridge:15:6,15,bayes,next_reward,noul,0.003596806906417297,0.005252159204732711,0.03811544011544012
e10_primitive_bridge:15:6,15,counts,best_arm,choice,0.017270358973684882,0.2528400426483144,0.054855800649189795
e10_primitive_bridge:15:6,15,counts,best_arm,noul,0.028805945838510167,0.04696281785915974,0.06006173116990938
e10_primitive_bridge:15:6,15,counts,next_reward,choice,0.01752370445331484,0.0220083288244042,0.07998124098124099
e10_primitive_bridge:15:6,15,counts,next_reward,noul,0.0013187982484086393,0.0017978147247612083,0.022076479076479086
e10_primitive_bridge:15:6,15,oracle_probs_full,best_arm,choice,0.04305778714224497,0.8068024771692877,0.0710677511536154
e10_primitive_bridge:15:6,15,oracle_probs_full,best_arm,noul,0.0015412719776804423,0.01442268124215813,0.02666666666666667
e10_primitive_bridge:15:6,15,oracle_probs_full,next_reward,choice,0.012156114265724655,0.017140134327871166,0.0639105339105339
e10_primitive_bridge:15:6,15,oracle_probs_full,next_reward,noul,0.002227975737586126,0.0040602861553669664,0.027624819624819618
e10_primitive_bridge:15:6,15,oracle_probs_only,best_arm,choice,0.04305778714224497,0.8068024771692877,0.0710677511536154
e10_primitive_bridge:15:6,15,oracle_probs_only,best_arm,noul,0.0029024955643058774,0.020515657234043097,0.03400000000000001
e10_primitive_bridge:15:6,15,oracle_probs_only,next_reward,choice,0.016209620759231144,0.02265009752610406,0.06631746031746033
e10_primitive_bridge:15:6,15,oracle_probs_only,next_reward,noul,0.003337008926619316,0.005950292932531906,0.02686291486291486
e10_primitive_bridge:15:7,15,bayes,best_arm,choice,0.006877976981631409,0.1144872149118408,0.026871732331328016
e10_primitive_bridge:15:7,15,bayes,best_arm,noul,0.003132834721685533,0.01687463470045423,0.022604070064065743
e10_primitive_bridge:15:7,15,bayes,next_reward,choice,0.02844657546397807,0.03685227980001442,0.08841125541125544
e10_primitive_bridge:15:7,15,bayes,next_reward,noul,0.001855146892549491,0.003488332650429728,0.02722943722943724
e10_primitive_bridge:15:7,15,counts,best_arm,choice,0.0035224897134938935,0.050077526260140094,0.01949799495759064
e10_primitive_bridge:15:7,15,counts,best_arm,noul,0.0019737918588427564,0.013244833352026397,0.020006107984222487
e10_primitive_bridge:15:7,15,counts,next_reward,choice,0.01641139508879769,0.020947613803089384,0.06361038961038962
e10_primitive_bridge:15:7,15,counts,next_reward,noul,0.0015138193312219284,0.0017440462891517576,0.02088167388167388
e10_primitive_bridge:15:7,15,oracle_probs_full,best_arm,choice,0.007660582043503719,0.29969234161289154,0.02820506566466135
e10_primitive_bridge:15:7,15,oracle_probs_full,best_arm,noul,0.0009801593670005265,0.014573464516544628,0.019925187428954126
e10_primitive_bridge:15:7,15,oracle_probs_full,next_reward,choice,0.010572895810298414,0.016193647457232247,0.057774891774891785
e10_primitive_bridge:15:7,15,oracle_probs_full,next_reward,noul,0.0028020155794181776,0.005145738023223103,0.03318759018759018
e10_primitive_bridge:15:7,15,oracle_probs_only,best_arm,choice,0.007660582043503719,0.29969234161289154,0.02820506566466135
e10_primitive_bridge:15:7,15,oracle_probs_only,best_arm,noul,0.0023926873587294863,0.02516405722826206,0.033053455097626104
e10_primitive_bridge:15:7,15,oracle_probs_only,next_reward,choice,0.018844035781438378,0.029103811471729364,0.08483549783549786
e10_primitive_bridge:15:7,15,oracle_probs_only,next_reward,noul,0.004039187296589894,0.0074359781665970055,0.03766378066378067
e10_primitive_bridge:15:8,15,bayes,best_arm,choice,0.05856952070875143,0.36705788877745604,0.08001194031769014
e10_primitive_bridge:15:8,15,bayes,best_arm,noul,0.005003871832111926,0.01910409905186446,0.03643648423265102
e10_primitive_bridge:15:8,15,bayes,next_reward,choice,0.0338421756213964,0.04399200650163028,0.11025685425685425
e10_primitive_bridge:15:8,15,bayes,next_reward,noul,0.0013836474828682625,0.0019089478686320196,0.023096681096681098
e10_primitive_bridge:15:8,15,counts,best_arm,choice,0.009916445542793388,0.043880181879769595,0.04211024091385253
e10_primitive_bridge:15:8,15,counts,best_arm,noul,0.01723556419448835,0.04541787890469082,0.06319181557239627
e10_primitive_bridge:15:8,15,counts,next_reward,choice,0.02685516263438342,0.045168457088620564,0.10411544011544013
e10_primitive_bridge:15:8,15,counts,next_reward,noul,0.003978481537702317,0.007073326088981654,0.03702020202020203
e10_primitive_bridge:15:8,15,oracle_probs_full,best_arm,choice,0.0769161873754181,0.44793844713472386,0.0906786069843568
e10_primitive_bridge:15:8,15,oracle_probs_full,best_arm,noul,0.0014777040404087124,0.01512484871909662,0.024315422856798143
e10_primitive_bridge:15:8,15,oracle_probs_full,next_reward,choice,0.010152709531930306,0.012459648169315473,0.05777489177489175
e10_primitive_bridge:15:8,15,oracle_probs_full,next_reward,noul,0.0033525652317860067,0.004534224090344586,0.03355122655122654
e10_primitive_bridge:15:8,15,oracle_probs_only,best_arm,choice,0.0759583100949929,0.4267137465505232,0.09001194031769014
e10_primitive_bridge:15:8,15,oracle_probs_only,best_arm,noul,0.00334587576135893,0.023541564333893924,0.03900000000000001
e10_primitive_bridge:15:8,15,oracle_probs_only,next_reward,choice,0.01749412367334445,0.021352430183573846,0.07352092352092351
e10_primitive_bridge:15:8,15,oracle_probs_only,next_reward,noul,0.003921454120674895,0.005410631189142868,0.03478932178932177
e10_primitive_bridge:15:9,15,bayes,best_arm,choice,0.041930091214044826,0.2796807708172783,0.06650569165378478
e10_primitive_bridge:15:9,15,bayes,best_arm,noul,0.01750941968122094,0.03143621702304125,0.043966592431268874
e10_primitive_bridge:15:9,15,bayes,next_reward,choice,0.05168585796118265,0.06664508605556348,0.14063492063492067
e10_primitive_bridge:15:9,15,bayes,next_reward,noul,0.0013489748442995198,0.0017727644196256433,0.023507936507936512
e10_primitive_bridge:15:9,15,counts,best_arm,choice,0.029949420129464582,0.21775696241529546,0.059779367918359035
e10_primitive_bridge:15:9,15,counts,best_arm,noul,0.007876198003713489,0.02218804856124535,0.03781980718317763
e10_primitive_bridge:15:9,15,counts,next_reward,choice,0.025683635738960413,0.03483899731983795,0.09777633477633478
e10_primitive_bridge:15:9,15,counts,next_reward,noul,0.0019811249164495923,0.0029505762560448545,0.027150072150072153
e10_primitive_bridge:15:9,15,oracle_probs_full,best_arm,choice,0.04698037208496418,0.8055365836534946,0.06983902498711811
e10_primitive_bridge:15:9,15,oracle_probs_full,best_arm,noul,0.0020127527185657443,0.014672793760777908,0.029299925764602216
e10_primitive_bridge:15:9,15,oracle_probs_full,next_reward,choice,0.0065767959121205855,0.007818366018400249,0.04904906204906204
e10_primitive_bridge:15:9,15,oracle_probs_full,next_reward,noul,0.00271292866825334,0.003668281438461969,0.033365079365079355
e10_primitive_bridge:15:9,15,oracle_probs_only,best_arm,choice,0.04698037208496418,0.8055365836534946,0.06983902498711811
e10_primitive_bridge:15:9,15,oracle_probs_only,best_arm,noul,0.003864851277858757,0.01962247576530419,0.039633259097935546
e10_primitive_bridge:15:9,15,oracle_probs_only,next_reward,choice,0.029211514526839198,0.03532064751464169,0.10107936507936507
e10_primitive_bridge:15:9,15,oracle_probs_only,next_reward,noul,0.004111803127127799,0.005731878322897964,0.041031746031746016
e10_primitive_bridge:2:0,2,bayes,best_arm,choice,0.0015272903453062397,0.2553611758590161,0.02763413057530705
e10_primitive_bridge:2:0,2,bayes,best_arm,noul,0.00023217075901018323,0.0016936580618495765,0.00986586942469297
e10_primitive_bridge:2:0,2,bayes,next_reward,choice,0.08076791383219957,0.09700074048579962,0.17654761904761906
e10_primitive_bridge:2:0,2,bayes,next_reward,noul,0.0029750566893424054,0.0045550518735578555,0.0323809523809524
e10_primitive_bridge:2:0,2,counts,best_arm,choice,0.0015272903453062397,0.2553611758590161,0.02763413057530705
e10_primitive_bridge:2:0,2,counts,best_arm,noul,0.0005794881475040424,0.003701436344556967,0.014865869424692969
e10_primitive_bridge:2:0,2,counts,next_reward,choice,0.02555839002267572,0.04920812371651547,0.111547619047619
e10_primitive_bridge:2:0,2,counts,next_reward,noul,0.002496485260770969,0.003959092608532028,0.03511904761904758
e10_primitive_bridge:2:0,2,oracle_probs_full,best_arm,choice,0.0015272903453062397,0.2553611758590161,0.02763413057530705
e10_primitive_bridge:2:0,2,oracle_probs_full,best_arm,noul,0.0003058294532571129,0.0022253021796432605,0.01236586942469297
e10_primitive_bridge:2:0,2,oracle_probs_full,next_reward,choice,0.02110362811791384,0.0235596196389007,0.0973809523809524
e10_primitive_bridge:2:0,2,oracle_probs_full,next_reward,noul,0.007046485260770981,0.010217298420297331,0.04238095238095241
e10_primitive_bridge:2:0,2,oracle_probs_only,best_arm,choice,0.0015272903453062397,0.2553611758590161,0.02763413057530705
e10_primitive_bridge:2:0,2,oracle_probs_only,best_arm,noul,0.0025950990072325505,0.012638154237287216,0.032365869424692974
e10_primitive_bridge:2:0,2,oracle_probs_only,next_reward,choice,0.018310770975056713,0.023952128333532934,0.08488095238095243
e10_primitive_bridge:2:0,2,oracle_probs_only,next_reward,noul,0.00881315192743765,0.012540008806014996,0.051666666666666694
e10_primitive_bridge:2:1,2,bayes,best_arm,choice,0.03125000000000003,1.350169658488598,0.12500000000000006
e10_primitive_bridge:2:1,2,bayes,best_arm,noul,0.011150000000000016,0.04694583592406894,0.07250000000000008
e10_primitive_bridge:2:1,2,bayes,next_reward,choice,0.03421611570247934,0.05671748177804052,0.12977272727272726
e10_primitive_bridge:2:1,2,bayes,next_reward,noul,0.010511570247933885,0.021777514096793932,0.07227272727272728
e10_primitive_bridge:2:1,2,counts,best_arm,choice,0.026450000000000022,0.20767015586388854,0.11500000000000005
e10_primitive_bridge:2:1,2,counts,best_arm,noul,0.007149999999999984,0.014078007769306226,0.05499999999999995
e10_primitive_bridge:2:1,2,counts,next_reward,choice,0.00590702479338843,0.017178829715932115,0.044772727272727283
e10_primitive_bridge:2:1,2,counts,next_reward,noul,0.005620661157024792,0.01428812618381635,0.05227272727272726
e10_primitive_bridge:2:1,2,oracle_probs_full,best_arm,choice,0.03125000000000003,1.350169658488598,0.12500000000000006
e10_primitive_bridge:2:1,2,oracle_probs_full,best_arm,noul,0.000850000000000005,0.0021748593423264496,0.020000000000000063
e10_primitive_bridge:2:1,2,oracle_probs_full,next_reward,choice,0.01784793388429752,0.03242751462378509,0.08727272727272727
e10_primitive_bridge:2:1,2,oracle_probs_full,next_reward,noul,0.004470661157024795,0.01288892833843587,0.044772727272727283
e10_primitive_bridge:2:1,2,oracle_probs_only,best_arm,choice,0.03125000000000003,1.350169658488598,0.12500000000000006
e10_primitive_bridge:2:1,2,oracle_probs_only,best_arm,noul,0.001750000000000003,0.0034619583305867153,0.025000000000000064
e10_primitive_bridge:2:1,2,oracle_probs_only,next_reward,choice,0.10523884297520661,0.14266343961719244,0.2272727272727273
e10_primitive_bridge:2:1,2,oracle_probs_only,next_reward,noul,0.010643388429752067,0.0254875233359686,0.06977272727272726
e10_primitive_bridge:2:10,2,bayes,best_arm,choice,0.10742283540635184,0.11434335635306007,0.23170329670329665
e10_primitive_bridge:2:10,2,bayes,best_arm,noul,0.00766459364811012,0.007672421603281021,0.06170329670329666
e10_primitive_bridge:2:10,2,bayes,next_reward,choice,0.030150000000000003,0.05542209647888872,0.1225
e10_primitive_bridge:2:10,2,bayes,next_reward,noul,0.0006000000000000011,0.0007676463614490481,0.015000000000000013
e10_primitive_bridge:2:10,2,counts,best_arm,choice,0.03474151672503317,0.03512271440957744,0.13170329670329664
e10_primitive_bridge:2:10,2,counts,best_arm,noul,0.05489041782393428,0.058353378972319805,0.13085164835164834
e10_primitive_bridge:2:10,2,counts,next_reward,choice,0.04830000000000002,0.10280823788844828,0.15500000000000003
e10_primitive_bridge:2:10,2,counts,next_reward,noul,0.003250000000000006,0.004789300542687024,0.03750000000000003
e10_primitive_bridge:2:10,2,oracle_probs_full,best_arm,choice,0.39302393430745086,1.4042245962002144,0.44329670329670334
e10_primitive_bridge:2:10,2,oracle_probs_full,best_arm,noul,0.02464041782393433,0.026776574984070364,0.10329670329670335
e10_primitive_bridge:2:10,2,oracle_probs_full,next_reward,choice,0.005450000000000001,0.006557843205732751,0.04250000000000001
e10_primitive_bridge:2:10,2,oracle_probs_full,next_reward,noul,0.00925,0.011118924211703435,0.0675
e10_primitive_bridge:2:10,2,oracle_probs_only,best_arm,choice,0.39302393430745086,1.4042245962002144,0.44329670329670334
e10_primitive_bridge:2:10,2,oracle_probs_only,best_arm,noul,0.027155252988769498,0.0291273234010331,0.11579670329670336
e10_primitive_bridge:2:10,2,oracle_probs_only,next_reward,choice,0.005100000000000009,0.006272016681294984,0.050000000000000044
e10_primitive_bridge:2:10,2,oracle_probs_only,next_reward,noul,0.011499999999999993,0.013680297185546336,0.07499999999999998
e10_primitive_bridge:2:11,2,bayes,best_arm,choice,0.06479999999999997,0.2981643434014567,0.17999999999999997
e10_primitive_bridge:2:11,2,bayes,best_arm,noul,0.0036500000000000065,0.0050283508608017086,0.03250000000000003
e10_primitive_bridge:2:11,2,bayes,next_reward,choice,0.0902,0.10559903087079595,0.2
e10_primitive_bridge:2:11,2,bayes,next_reward,noul,0.009249999999999994,0.01009518206936151,0.06749999999999998
e10_primitive_bridge:2:11,2,counts,best_arm,choice,0.07999999999999997,2.2627006880541667,0.19999999999999996
e10_primitive_bridge:2:11,2,counts,best_arm,noul,0.0013000000000000002,0.0020468531670858325,0.025
e10_primitive_bridge:2:11,2,counts,next_reward,choice,0.02430000000000001,0.025629122021806637,0.08000000000000002
e10_primitive_bridge:2:11,2,counts,next_reward,noul,0.00315,0.0037331043284982157,0.037500000000000006
e10_primitive_bridge:2:11,2,oracle_probs_full,best_arm,choice,0.07999999999999997,2.2627006880541667,0.19999999999999996
e10_primitive_bridge:2:11,2,oracle_probs_full,best_arm,noul,0.000699999999999999,0.001172815834828568,0.014999999999999993
e10_primitive_bridge:2:11,2,oracle_probs_full,next_reward,choice,0.026549999999999994,0.02890863115784585,0.10749999999999997
e10_primitive_bridge:2:11,2,oracle_probs_full,next_reward,noul,0.0007500000000000013,0.0009289121479219703,0.017500000000000016
e10_primitive_bridge:2:11,2,oracle_probs_only,best_arm,choice,0.07609999999999997,1.345686285198199,0.19499999999999995
e10_primitive_bridge:2:11,2,oracle_probs_only,best_arm,noul,0.0010499999999999952,0.0017516616447964747,0.02249999999999995
e10_primitive_bridge:2:11,2,oracle_probs_only,next_reward,choice,0.015749999999999993,0.017336811120540613,0.08749999999999998
e10_primitive_bridge:2:11,2,oracle_probs_only,next_reward,noul,0.0004000000000000007,0.0005156220034537168,0.010000000000000009
e10_primitive_bridge:2:12,2,bayes,best_arm,choice,0.035527453951788045,0.25756763599544696,0.13328063241106722
e10_primitive_bridge:2:12,2,bayes,best_arm,noul,0.001641880829258386,0.0030736277967970474,0.025859683794466404
e10_primitive_bridge:2:12,2,bayes,next_reward,choice,0.06397107438016529,0.09071644807636678,0.17363636363636364
e10_primitive_bridge:2:12,2,bayes,next_reward,noul,0.0019392561983471094,0.0020692336200129197,0.02886363636363637
e10_primitive_bridge:2:12,2,counts,best_arm,choice,0.03829306660000939,0.9130946739159287,0.13828063241106722
e10_primitive_bridge:2:12,2,counts,best_arm,noul,0.01623694011779594,0.06190836193803098,0.0882806324110672
e10_primitive_bridge:2:12,2,counts,next_reward,choice,0.030093801652892577,0.05362120105305976,0.12113636363636365
e10_primitive_bridge:2:12,2,counts,next_reward,noul,0.00013016528925619876,0.00014351416771521408,0.007500000000000007
e10_primitive_bridge:2:12,2,oracle_probs_full,best_arm,choice,0.041058679248230735,1.5686217118364105,0.14328063241106723
e10_primitive_bridge:2:12,2,oracle_probs_full,best_arm,noul,3.871877392241701e-05,7.8126556667793e-05,0.004140316205533595
e10_primitive_bridge:2:12,2,oracle_probs_full,next_reward,choice,0.003880165289256201,0.004709789882412593,0.04136363636363638
e10_primitive_bridge:2:12,2,oracle_probs_full,next_reward,noul,0.003302892561983471,0.004001727217478185,0.038863636363636364
e10_primitive_bridge:2:12,2,oracle_probs_only,best_arm,choice,0.041058679248230735,1.5686217118364105,0.14328063241106723
e10_primitive_bridge:2:12,2,oracle_probs_only,best_arm,noul,0.00018713774625443385,0.0004013345043048268,0.008280632411067218
e10_primitive_bridge:2:12,2,oracle_probs_only,next_reward,choice,0.0007347107438016536,0.0007686297360077823,0.016363636363636358
e10_primitive_bridge:2:12,2,oracle_probs_only,next_reward,noul,0.003857438016528928,0.004806156317599425,0.03886363636363638
e10_primitive_bridge:2:13,2,bayes,best_arm,choice,0.08925283446712023,0.440326919833963,0.21119047619047626
e10_primitive_bridge:2:13,2,bayes,best_arm,noul,0.008250453514739247,0.013934051911555709,0.06369047619047626
e10_primitive_bridge:2:13,2,bayes,next_reward,choice,0.08632551020408163,0.12066659516191591,0.20535714285714285
e10_primitive_bridge:2:13,2,bayes,next_reward,noul,0.0020755102040816366,0.0020902094938197655,0.025000000000000022
e10_primitive_bridge:2:13,2,counts,best_arm,choice,0.0979004535147393,1.552548178896497,0.22119047619047627
e10_primitive_bridge:2:13,2,counts,best_arm,noul,0.012821882086167823,0.022997271160761484,0.07869047619047626
e10_primitive_bridge:2:13,2,counts,next_reward,choice,0.05273979591836735,0.08638935897766084,0.16035714285714286
e10_primitive_bridge:2:13,2,counts,next_reward,noul,0.00233265306122449,0.0028524644092134607,0.03285714285714286
e10_primitive_bridge:2:13,2,oracle_probs_full,best_arm,choice,0.10232426303854883,2.5903057934026155,0.22619047619047628
e10_primitive_bridge:2:13,2,oracle_probs_full,best_arm,noul,0.0053790249433106774,0.008934688292318381,0.0486904761904763
e10_primitive_bridge:2:13,2,oracle_probs_full,next_reward,choice,0.030218367346938765,0.03292081424480436,0.09785714285714284
e10_primitive_bridge:2:13,2,oracle_probs_full,next_reward,noul,0.0029969387755102027,0.003429254463766629,0.029642857142857137
e10_primitive_bridge:2:13,2,oracle_probs_only,best_arm,choice,0.09347664399092977,0.5147905643903785,0.21619047619047627
e10_primitive_bridge:2:13,2,oracle_probs_only,best_arm,noul,0.0009480725623582863,0.001426869980063375,0.0211904761904763
e10_primitive_bridge:2:13,2,oracle_probs_only,next_reward,choice,0.025246938775510215,0.026799721372630203,0.08714285714285716
e10_primitive_bridge:2:13,2,oracle_probs_only,next_reward,noul,0.0027040816326530603,0.003076433901661943,0.03214285714285714
e10_primitive_bridge:2:14,2,bayes,best_arm,choice,0.03267851239669428,0.05479433977076793,0.12772727272727286
e10_primitive_bridge:2:14,2,bayes,best_arm,noul,0.02429214876033054,0.026985645244615615,0.09749999999999998
e10_primitive_bridge:2:14,2,bayes,next_reward,choice,0.12293925619834711,0.1327788995017409,0.24613636363636365
e10_primitive_bridge:2:14,2,bayes,next_reward,noul,0.008152892561983476,0.008819308270310772,0.06363636363636366
e10_primitive_bridge:2:14,2,counts,best_arm,choice,0.05596033057851228,0.05963734699036061,0.1672727272727271
e10_primitive_bridge:2:14,2,counts,best_arm,noul,0.12257396694214859,0.12683667187800896,0.2347727272727271
e10_primitive_bridge:2:14,2,counts,next_reward,choice,0.0048074380165289326,0.00530976234090251,0.04363636363636367
e10_primitive_bridge:2:14,2,counts,next_reward,noul,0.0006574380165289265,0.0006603865442188633,0.013863636363636356
e10_primitive_bridge:2:14,2,oracle_probs_full,best_arm,choice,0.13805123966942162,0.6773122221321117,0.26272727272727286
e10_primitive_bridge:2:14,2,oracle_probs_full,best_arm,noul,0.003119421487603322,0.004287142916898384,0.03522727272727287
e10_primitive_bridge:2:14,2,oracle_probs_full,next_reward,choice,0.03191652892561984,0.03392761237814704,0.12363636363636363
e10_primitive_bridge:2:14,2,oracle_probs_full,next_reward,noul,0.0014892561983471091,0.0017627288369910094,0.02363636363636365
e10_primitive_bridge:2:14,2,oracle_probs_only,best_arm,choice,0.13805123966942162,0.6773122221321117,0.26272727272727286
e10_primitive_bridge:2:14,2,oracle_probs_only,best_arm,noul,0.0027194214876033254,0.003686049885546494,0.03522727272727288
e10_primitive_bridge:2:14,2,oracle_probs_only,next_reward,choice,0.022657438016528926,0.024196768434642524,0.10613636363636364
e10_primitive_bridge:2:14,2,oracle_probs_only,next_reward,noul,0.002334710743801656,0.00274793634770934,0.02363636363636365
e10_primitive_bridge:2:15,2,bayes,best_arm,choice,4.921605250835763e-10,2.849665379005375e-05,1.568694560906578e-05
e10_primitive_bridge:2:15,2,bayes,best_arm,noul,0.000499059275423981,0.01500386216136277,0.014984313054390939
e10_primitive_bridge:2:15,2,bayes,next_reward,choice,0.04705146923783287,0.08442674978530834,0.15143939393939393
e10_primitive_bridge:2:15,2,bayes,next_reward,noul,0.0025075298438934804,0.008754974421409243,0.027272727272727275
e10_primitive_bridge:2:15,2,counts,best_arm,choice,4.921605250835763e-10,2.849665379005375e-05,1.568694560906578e-05
e10_primitive_bridge:2:15,2,counts,best_arm,noul,0.0008987455365117999,0.0201016915631453,0.01998431305439094
e10_primitive_bridge:2:15,2,counts,next_reward,choice,0.04442268135904501,0.07995469689615103,0.13393939393939397
e10_primitive_bridge:2:15,2,counts,next_reward,noul,0.002699954086317722,0.007311320002336197,0.03643939393939394
e10_primitive_bridge:2:15,2,oracle_probs_full,best_arm,choice,4.921605250835763e-10,2.849665379005375e-05,1.568694560906578e-05
e10_primitive_bridge:2:15,2,oracle_probs_full,best_arm,noul,0.0012984317975996188,0.025199520964927828,0.024984313054390944
e10_primitive_bridge:2:15,2,oracle_probs_full,next_reward,choice,0.008204499540863178,0.022476263547200327,0.05060606060606058
e10_primitive_bridge:2:15,2,oracle_probs_full,next_reward,noul,0.004736317722681356,0.012071298033529826,0.04810606060606059
e10_primitive_bridge:2:15,2,oracle_probs_only,best_arm,choice,4.921605250835763e-10,2.849665379005375e-05,1.568694560906578e-05
e10_primitive_bridge:2:15,2,oracle_probs_only,best_arm,noul,0.002897804319775256,0.03561239435786693,0.034984313054390946
e10_primitive_bridge:2:15,2,oracle_probs_only,next_reward,choice,0.0345196510560147,0.0649230536914048,0.12393939393939396
e10_primitive_bridge:2:15,2,oracle_probs_only,next_reward,noul,0.007959044995408629,0.021260403991540555,0.05560606060606058
e10_primitive_bridge:2:16,2,bayes,best_arm,choice,0.060078349166648684,0.37603131211437896,0.17331813114421799
e10_primitive_bridge:2:16,2,bayes,best_arm,noul,0.002603377037328796,0.004888871365627882,0.03581813114421798
e10_primitive_bridge:2:16,2,bayes,next_reward,choice,0.0716623545285883,0.08109503430359619,0.1822077922077922
e10_primitive_bridge:2:16,2,bayes,next_reward,noul,0.008513653229887001,0.01156474765642071,0.06470779220779223
e10_primitive_bridge:2:16,2,counts,best_arm,choice,0.05017926129799561,0.2242797199977396,0.158318131144218
e10_primitive_bridge:2:16,2,counts,best_arm,noul,0.006603377037328792,0.014503486715643808,0.04915906557210896
e10_primitive_bridge:2:16,2,counts,next_reward,choice,0.004192874009107776,0.005519910857840905,0.03970779220779221
e10_primitive_bridge:2:16,2,counts,next_reward,noul,0.006403912970146738,0.010132308002296385,0.04857142857142857
e10_primitive_bridge:2:16,2,oracle_probs_full,best_arm,choice,0.06721107441241742,2.0562467692392286,0.183318131144218
e10_primitive_bridge:2:16,2,oracle_probs_full,best_arm,noul,0.0016706517915600755,0.003139397175322651,0.025818131144217972
e10_primitive_bridge:2:16,2,oracle_probs_full,next_reward,choice,0.022064302580536353,0.029057774761363002,0.10470779220779222
e10_primitive_bridge:2:16,2,oracle_probs_full,next_reward,noul,0.006121445437679208,0.009129584988658186,0.054707792207792226
e10_primitive_bridge:2:16,2,oracle_probs_only,best_arm,choice,0.06721107441241742,2.0562467692392286,0.183318131144218
e10_primitive_bridge:2:16,2,oracle_probs_only,best_arm,noul,0.0014706517915600765,0.002698685584238067,0.02581813114421798
e10_primitive_bridge:2:16,2,oracle_probs_only,next_reward,choice,0.03733053634677012,0.04637107116219032,0.13470779220779222
e10_primitive_bridge:2:16,2,oracle_probs_only,next_reward,noul,0.009529886996120769,0.013992293369498782,0.06720779220779223
e10_primitive_bridge:2:17,2,bayes,best_arm,choice,0.02117821411879906,1.0902478974491292,0.10290338701616936
e10_primitive_bridge:2:17,2,bayes,best_arm,noul,0.0010636222211994712,0.002440135567020392,0.017500000000000057
e10_primitive_bridge:2:17,2,bayes,next_reward,choice,0.08490918273645545,0.10437845424758854,0.2034848484848485
e10_primitive_bridge:2:17,2,bayes,next_reward,noul,0.00011069788797061554,0.00012015220422643969,0.005984848484848482
e10_primitive_bridge:2:17,2,counts,best_arm,choice,0.02117821411879906,1.0902478974491292,0.10290338701616936
e10_primitive_bridge:2:17,2,counts,best_arm,noul,0.0006329947929780955,0.0021005854039024864,0.012903387016169374
e10_primitive_bridge:2:17,2,counts,next_reward,choice,0.08306978879706153,0.1228702602329729,0.1984848484848485
e10_primitive_bridge:2:17,2,counts,next_reward,noul,0.0027516069788797058,0.003071744054598362,0.03348484848484848
e10_primitive_bridge:2:17,2,oracle_probs_full,best_arm,choice,0.02117821411879906,1.0902478974491292,0.10290338701616936
e10_primitive_bridge:2:17,2,oracle_probs_full,best_arm,noul,0.00040072383168454823,0.001032086229098509,0.013548306491915345
e10_primitive_bridge:2:17,2,oracle_probs_full,next_reward,choice,0.005781910009182736,0.00691983169578736,0.03666666666666665
e10_primitive_bridge:2:17,2,oracle_probs_full,next_reward,noul,0.0007622130394857665,0.000800606634146897,0.019015151515151513
e10_primitive_bridge:2:17,2,oracle_probs_only,best_arm,choice,0.02117821411879906,1.0902478974491292,0.10290338701616936
e10_primitive_bridge:2:17,2,oracle_probs_only,best_arm,noul,0.00040072383168454536,0.0009540807635726664,0.009999999999999957
e10_primitive_bridge:2:17,2,oracle_probs_only,next_reward,choice,0.007553122130394855,0.008676884103324872,0.05765151515151515
e10_primitive_bridge:2:17,2,oracle_probs_only,next_reward,noul,0.00020766758494031212,0.0002199591276117463,0.009166666666666656
e10_primitive_bridge:2:18,2,bayes,best_arm,choice,9.350573453137672e-05,0.053564211583536275,0.006837606837606879
e10_primitive_bridge:2:18,2,bayes,best_arm,noul,0.0009913689823946219,0.011699824521040642,0.020662393162393128
e10_primitive_bridge:2:18,2,bayes,next_reward,choice,0.0723467279473773,0.10206227858593234,0.1390584415584416
e10_primitive_bridge:2:18,2,bayes,next_reward,noul,0.001242831843481194,0.004037416055170832,0.024058441558441557
e10_primitive_bridge:2:18,2,counts,best_arm,choice,9.350573453137672e-05,0.053564211583536275,0.006837606837606879
e10_primitive_bridge:2:18,2,counts,best_arm,noul,0.0008913689823946212,0.011472095968416175,0.02066239316239313
e10_primitive_bridge:2:18,2,counts,next_reward,choice,0.05471490976555916,0.07188383555346467,0.12201298701298702
e10_primitive_bridge:2:18,2,counts,next_reward,noul,0.0005564682071175606,0.0013737952732060417,0.016558441558441606
e10_primitive_bridge:2:18,2,oracle_probs_full,best_arm,choice,9.350573453137672e-05,0.053564211583536275,0.006837606837606879
e10_primitive_bridge:2:18,2,oracle_probs_full,best_arm,noul,0.0014546168456424846,0.015634532701617413,0.025662393162393132
e10_primitive_bridge:2:18,2,oracle_probs_full,next_reward,choice,0.020990883791533157,0.03762519332548721,0.0990584415584416
e10_primitive_bridge:2:18,2,oracle_probs_full,next_reward,noul,0.0019863383369876884,0.007286334363883179,0.022987012987013
e10_primitive_bridge:2:18,2,oracle_probs_only,best_arm,choice,9.350573453137672e-05,0.053564211583536275,0.006837606837606879
e10_primitive_bridge:2:18,2,oracle_probs_only,best_arm,noul,0.0036443604353860732,0.028637762515961653,0.04066239316239313
e10_primitive_bridge:2:18,2,oracle_probs_only,next_reward,choice,0.05350841625906564,0.09080210477471366,0.13227272727272732
e10_primitive_bridge:2:18,2,oracle_probs_only,next_reward,noul,0.00924802664867601,0.024519810259777126,0.05405844155844158
e10_primitive_bridge:2:19,2,bayes,best_arm,choice,0.30197551020408153,0.7199369599689026,0.38857142857142846
e10_primitive_bridge:2:19,2,bayes,best_arm,noul,0.02427551020408159,0.026733776352520673,0.10857142857142847
e10_primitive_bridge:2:19,2,bayes,next_reward,choice,0.11587346938775511,0.1583652293914428,0.2342857142857143
e10_primitive_bridge:2:19,2,bayes,next_reward,noul,0.003537755102040821,0.0036055896664211606,0.041785714285714315
e10_primitive_bridge:2:19,2,counts,best_arm,choice,0.3504040816326529,1.2964793097821394,0.4185714285714285
e10_primitive_bridge:2:19,2,counts,best_arm,noul,0.09788265306122444,0.12433607740952438,0.22107142857142853
e10_primitive_bridge:2:19,2,counts,next_reward,choice,0.060066326530612266,0.07801128904003612,0.14678571428571432
e10_primitive_bridge:2:19,2,counts,next_reward,noul,0.003180612244897964,0.003215176431463518,0.03678571428571431
e10_primitive_bridge:2:19,2,oracle_probs_full,best_arm,choice,0.36734693877551006,5.2380259915694305,0.4285714285714285
e10_primitive_bridge:2:19,2,oracle_probs_full,best_arm,noul,0.03385408163265302,0.039019853194046245,0.1210714285714285
e10_primitive_bridge:2:19,2,oracle_probs_full,next_reward,choice,0.011109183673469386,0.011438580795556902,0.05678571428571427
e10_primitive_bridge:2:19,2,oracle_probs_full,next_reward,noul,0.0007591836734693849,0.0007656279425471701,0.01571428571428568
e10_primitive_bridge:2:19,2,oracle_probs_only,best_arm,choice,0.3504040816326529,1.2964793097821394,0.4185714285714285
e10_primitive_bridge:2:19,2,oracle_probs_only,best_arm,noul,0.03449693877551016,0.038648697670557404,0.13107142857142848
e10_primitive_bridge:2:19,2,oracle_probs_only,next_reward,choice,0.04814489795918368,0.05331351253298396,0.1542857142857143
e10_primitive_bridge:2:19,2,oracle_probs_only,next_reward,noul,0.0007806122448979597,0.0007996798516096693,0.016785714285714293
e10_primitive_bridge:2:2,2,bayes,best_arm,choice,0.16609752066115718,0.5109992490703592,0.2881818181818183
e10_primitive_bridge:2:2,2,bayes,best_arm,noul,0.03826570247933892,0.0628386398128809,0.12068181818181833
e10_primitive_bridge:2:2,2,bayes,next_reward,choice,0.06437148760330579,0.06783595372896314,0.1784090909090909
e10_primitive_bridge:2:2,2,bayes,next_reward,noul,0.006303305785123972,0.006618277500311284,0.055909090909090936
e10_primitive_bridge:2:2,2,counts,best_arm,choice,0.2626247933884295,0.27557840620103535,0.36181818181818165
e10_primitive_bridge:2:2,2,counts,best_arm,noul,0.09296115702479327,0.09502692675763907,0.20181818181818167
e10_primitive_bridge:2:2,2,counts,next_reward,choice,0.008398760330578507,0.008577945395849808,0.051590909090909076
e10_primitive_bridge:2:2,2,counts,next_reward,noul,0.002176033057851242,0.0022492403093728325,0.030909090909090928
e10_primitive_bridge:2:2,2,oracle_probs_full,best_arm,choice,0.20247933884297542,3.7703539087171074,0.31818181818181834
e10_primitive_bridge:2:2,2,oracle_probs_full,best_arm,noul,0.015688429752066167,0.02116402933610334,0.08318181818181833
e10_primitive_bridge:2:2,2,oracle_probs_full,next_reward,choice,0.050835123966942154,0.057521514270222826,0.1365909090909091
e10_primitive_bridge:2:2,2,oracle_probs_full,next_reward,noul,0.0009714876033057871,0.0009829788664969669,0.01840909090909093
e10_primitive_bridge:2:2,2,oracle_probs_only,best_arm,choice,0.20247933884297542,3.7703539087171074,0.31818181818181834
e10_primitive_bridge:2:2,2,oracle_probs_only,best_arm,noul,0.010029338842975253,0.012738663215964285,0.07068181818181835
e10_primitive_bridge:2:2,2,oracle_probs_only,next_reward,choice,0.049612396694214855,0.05412657066604412,0.14590909090909088
e10_primitive_bridge:2:2,2,oracle_probs_only,next_reward,noul,0.0011442148760330585,0.0012330257278894419,0.02340909090909092
e10_primitive_bridge:2:20,2,bayes,best_arm,choice,2.342534810067138e-06,0.0064808049856259365,0.00108225108225105
e10_primitive_bridge:2:20,2,bayes,best_arm,noul,0.0011941174265849644,0.020845880283353636,0.023917748917748963
e10_primitive_bridge:2:20,2,bayes,next_reward,choice,0.0023663265306122522,0.006063145860354818,0.02750000000000004
e10_primitive_bridge:2:20,2,bayes,next_reward,noul,0.0025377551020408125,0.004541898758455135,0.03464285714285713
e10_primitive_bridge:2:20,2,counts,best_arm,choice,2.342534810067138e-06,0.0064808049856259365,0.00108225108225105
e10_primitive_bridge:2:20,2,counts,best_arm,noul,0.0017724724049399418,0.025807583450984883,0.02891774891774896
e10_primitive_bridge:2:20,2,counts,next_reward,choice,0.008002040816326543,0.022759770115385148,0.0628571428571429
e10_primitive_bridge:2:20,2,counts,next_reward,noul,0.00043061224489796066,0.0009515540364101911,0.012857142857142873
e10_primitive_bridge:2:20,2,oracle_probs_full,best_arm,choice,2.342534810067138e-06,0.0064808049856259365,0.00108225108225105
e10_primitive_bridge:2:20,2,oracle_probs_full,best_arm,noul,0.0015332949157624513,0.02335593719930539,0.026417748917748958
e10_primitive_bridge:2:20,2,oracle_probs_full,next_reward,choice,0.004002040816326522,0.006923531581857753,0.0421428571428571
e10_primitive_bridge:2:20,2,oracle_probs_full,next_reward,noul,0.004944897959183663,0.008409372469670953,0.047142857142857104
e10_primitive_bridge:2:20,2,oracle_probs_only,best_arm,choice,2.342534810067138e-06,0.0064808049856259365,0.00108225108225105
e10_primitive_bridge:2:20,2,oracle_probs_only,best_arm,noul,0.0035683598508273904,0.03838857850545506,0.041417748917748964
e10_primitive_bridge:2:20,2,oracle_probs_only,next_reward,choice,0.01598775510204081,0.024695720655995568,0.0871428571428571
e10_primitive_bridge:2:20,2,oracle_probs_only,next_reward,noul,0.009516326530612233,0.01545929093734405,0.06714285714285712
e10_primitive_bridge:2:21,2,bayes,best_arm,choice,0.003894364419434803,0.42879167043503075,0.04412688760514842
e10_primitive_bridge:2:21,2,bayes,best_arm,noul,0.005299953757632859,0.01693744222066562,0.04337311239485157
e10_primitive_bridge:2:21,2,bayes,next_reward,choice,0.12076077753415415,0.15369481892508507,0.24314935064935064
e10_primitive_bridge:2:21,2,bayes,next_reward,noul,0.0070296087029853285,0.008277668249797893,0.05814935064935066
e10_primitive_bridge:2:21,2,counts,best_arm,choice,0.0031118266673318337,0.23038276614205383,0.03912688760514842
e10_primitive_bridge:2:21,2,counts,best_arm,noul,0.0013213736420962141,0.005207838003639833,0.020873112394851585
e10_primitive_bridge:2:21,2,counts,next_reward,choice,0.07269259571597234,0.10181179114383003,0.1442857142857143
e10_primitive_bridge:2:21,2,counts,next_reward,noul,0.0037062320796087075,0.0039831213233156165,0.03542207792207794
e10_primitive_bridge:2:21,2,oracle_probs_full,best_arm,choice,0.003894364419434803,0.42879167043503075,0.04412688760514842
e10_primitive_bridge:2:21,2,oracle_probs_full,best_arm,noul,0.0003951802702506665,0.0019298143205763035,0.013373112394851602
e10_primitive_bridge:2:21,2,oracle_probs_full,next_reward,choice,0.007271167144543773,0.008614339887087236,0.05814935064935067
e10_primitive_bridge:2:21,2,oracle_probs_full,next_reward,noul,0.0023049333783100047,0.0030010782565589728,0.0245779220779221
e10_primitive_bridge:2:21,2,oracle_probs_only,best_arm,choice,0.003894364419434803,0.42879167043503075,0.04412688760514842
e10_primitive_bridge:2:21,2,oracle_probs_only,best_arm,noul,0.0021562981378902744,0.00854626534191563,0.03087311239485158
e10_primitive_bridge:2:21,2,oracle_probs_only,next_reward,choice,0.020951686625063252,0.02411648825128472,0.08314935064935065
e10_primitive_bridge:2:21,2,oracle_probs_only,next_reward,noul,0.0020348035081801333,0.002615801343716251,0.02814935064935066
e10_primitive_bridge:2:22,2,bayes,best_arm,choice,0.3016101882032662,1.1681221151586563,0.3883363157131111
e10_primitive_bridge:2:22,2,bayes,best_arm,noul,0.040607146175892866,0.05062064298871516,0.1333363157131111
e10_primitive_bridge:2:22,2,bayes,next_reward,choice,0.06007520661157025,0.06819036449762463,0.14272727272727276
e10_primitive_bridge:2:22,2,bayes,next_reward,noul,0.008911570247933879,0.009023110253251324,0.06272727272727271
e10_primitive_bridge:2:22,2,counts,best_arm,choice,0.0013388093765506614,0.0013842204709708927,0.02500000000000001
e10_primitive_bridge:2:22,2,counts,best_arm,noul,0.0004057146335995474,0.0004274979944086654,0.013336315713111085
e10_primitive_bridge:2:22,2,counts,next_reward,choice,0.027688842975206625,0.02937917769226879,0.09022727272727274
e10_primitive_bridge:2:22,2,counts,next_reward,noul,0.0016024793388429764,0.0016059310365996587,0.02772727272727274
e10_primitive_bridge:2:22,2,oracle_probs_full,best_arm,choice,0.3173436408317906,4.830889243296936,0.3983363157131111
e10_primitive_bridge:2:22,2,oracle_probs_full,best_arm,noul,0.03210696723310621,0.03885879541704155,0.11833631571311111
e10_primitive_bridge:2:22,2,oracle_probs_full,next_reward,choice,0.026493388429752067,0.027642012086384796,0.11227272727272727
e10_primitive_bridge:2:22,2,oracle_probs_full,next_reward,noul,0.0017888429752066122,0.0018240168436059606,0.02477272727272728
e10_primitive_bridge:2:22,2,oracle_probs_only,best_arm,choice,0.3173436408317906,4.830889243296936,0.3983363157131111
e10_primitive_bridge:2:22,2,oracle_probs_only,best_arm,noul,0.025940240918843976,0.02990896916078959,0.11333631571311108
e10_primitive_bridge:2:22,2,oracle_probs_only,next_reward,choice,0.039747933884297516,0.04243864246955657,0.13227272727272726
e10_primitive_bridge:2:22,2,oracle_probs_only,next_reward,noul,0.001297933884297521,0.0013145590935854795,0.02477272727272728
e10_primitive_bridge:2:23,2,bayes,best_arm,choice,0.12519836531278558,0.632428431335444,0.2501982866775726
e10_primitive_bridge:2:23,2,bayes,best_arm,noul,0.007539735970727518,0.011688338387184194,0.05019828667757258
e10_primitive_bridge:2:23,2,bayes,next_reward,choice,0.06270867768595043,0.08715975627066597,0.17613636363636365
e10_primitive_bridge:2:23,2,bayes,next_reward,noul,0.0004359504132231376,0.00046221659208604826,0.012954545454545385
e10_primitive_bridge:2:23,2,counts,best_arm,choice,0.12519836531278558,0.632428431335444,0.2501982866775726
e10_primitive_bridge:2:23,2,counts,best_arm,noul,0.0014401643013343768,0.0017944077645877105,0.022499999999999992
e10_primitive_bridge:2:23,2,counts,next_reward,choice,0.07320867768595044,0.10753504445162154,0.19113636363636366
e10_primitive_bridge:2:23,2,counts,next_reward,noul,0.001981404958677685,0.0022004687073992335,0.03113636363636363
e10_primitive_bridge:2:23,2,oracle_probs_full,best_arm,choice,0.1354062967798885,3.0215089601565372,0.2601982866775726
e10_primitive_bridge:2:23,2,oracle_probs_full,best_arm,noul,0.005287753103951794,0.007739239392951194,0.04769828667757259
e10_primitive_bridge:2:23,2,oracle_probs_full,next_reward,choice,0.0036814049586776864,0.0037763911008786566,0.03704545454545455
e10_primitive_bridge:2:23,2,oracle_probs_full,next_reward,noul,0.003513223140495862,0.003695806695137707,0.041363636363636325
e10_primitive_bridge:2:23,2,oracle_probs_only,best_arm,choice,0.1354062967798885,3.0215089601565372,0.2601982866775726
e10_primitive_bridge:2:23,2,oracle_probs_only,best_arm,noul,0.005691718837503254,0.008226077242421193,0.052698286677572606
e10_primitive_bridge:2:23,2,oracle_probs_only,next_reward,choice,0.011513223140495875,0.011596139718817094,0.060454545454545455
e10_primitive_bridge:2:23,2,oracle_probs_only,next_reward,noul,0.002417768595041317,0.002534504134464502,0.03386363636363632
e10_primitive_bridge:2:24,2,bayes,best_arm,choice,0.10871678004535151,1.6478929986913715,0.23309523809523813
e10_primitive_bridge:2:24,2,bayes,best_arm,noul,0.002878684807256244,0.004473080765884964,0.029047619047619086
e10_primitive_bridge:2:24,2,bayes,next_reward,choice,0.060059183673469414,0.06355887817055109,0.15571428571428575
e10_primitive_bridge:2:24,2,bayes,next_reward,noul,0.00163775510204082,0.001827048806083767,0.028214285714285747
e10_primitive_bridge:2:24,2,counts,best_arm,choice,0.11337868480725628,2.7405338912202857,0.23809523809523814
e10_primitive_bridge:2:24,2,counts,best_arm,noul,0.01931439909297054,0.035493737230463895,0.09559523809523812
e10_primitive_bridge:2:24,2,counts,next_reward,choice,0.026344897959183686,0.027064115779963642,0.09571428571428574
e10_primitive_bridge:2:24,2,counts,next_reward,noul,0.0036663265306122452,0.004446611432611922,0.033214285714285724
e10_primitive_bridge:2:24,2,oracle_probs_full,best_arm,choice,0.11337868480725628,2.7405338912202857,0.23809523809523814
e10_primitive_bridge:2:24,2,oracle_probs_full,best_arm,noul,0.0034405895691610074,0.005397597336107396,0.033095238095238164
e10_primitive_bridge:2:24,2,oracle_probs_full,next_reward,choice,0.01296632653061226,0.013126562417695282,0.06321428571428575
e10_primitive_bridge:2:24,2,oracle_probs_full,next_reward,noul,0.00013061224489795977,0.0001327788798540508,0.005714285714285727
e10_primitive_bridge:2:24,2,oracle_probs_only,best_arm,choice,0.11337868480725628,2.7405338912202857,0.23809523809523814
e10_primitive_bridge:2:24,2,oracle_probs_only,best_arm,noul,0.0042953514739229115,0.006594335295903947,0.04559523809523815
e10_primitive_bridge:2:24,2,oracle_probs_only,next_reward,choice,0.012437755102040825,0.012956224877158834,0.07321428571428573
e10_primitive_bridge:2:24,2,oracle_probs_only,next_reward,noul,0.0003163265306122457,0.00039076327450908444,0.010714285714285732
e10_primitive_bridge:2:25,2,bayes,best_arm,choice,0.0004609813612153444,0.13110431675953535,0.015181919529745644
e10_primitive_bridge:2:25,2,bayes,best_arm,noul,0.0004391510176458679,0.004590405277912432,0.01481808047025437
e10_primitive_bridge:2:25,2,bayes,next_reward,choice,0.05355437679203913,0.08169713181478051,0.16350649350649352
e10_primitive_bridge:2:25,2,bayes,next_reward,noul,0.0005024287400910799,0.0006118990806238817,0.01577922077922081
e10_primitive_bridge:2:25,2,counts,best_arm,choice,0.0004609813612153444,0.13110431675953535,0.015181919529745644
e10_primitive_bridge:2:25,2,counts,best_arm,noul,0.0004391510176458679,0.004590405277912432,0.01481808047025437
e10_primitive_bridge:2:25,2,counts,next_reward,choice,0.025214117051779388,0.04688359322111204,0.08636363636363635
e10_primitive_bridge:2:25,2,counts,next_reward,noul,0.005132948220610556,0.007090527823313958,0.040357142857142855
e10_primitive_bridge:2:25,2,oracle_probs_full,best_arm,choice,0.0004609813612153444,0.13110431675953535,0.015181919529745644
e10_primitive_bridge:2:25,2,oracle_probs_full,best_arm,noul,0.0008355126270509557,0.0075093522591902565,0.019818080470254372
e10_primitive_bridge:2:25,2,oracle_probs_full,next_reward,choice,0.009506324843987186,0.010635565030222817,0.05850649350649351
e10_primitive_bridge:2:25,2,oracle_probs_full,next_reward,noul,0.0027316495193118588,0.0032204527088515733,0.0332792207792208
e10_primitive_bridge:2:25,2,oracle_probs_only,best_arm,choice,0.0004609813612153444,0.13110431675953535,0.015181919529745644
e10_primitive_bridge:2:25,2,oracle_probs_only,best_arm,noul,0.004217320674076395,0.025275913374111933,0.04481808047025438
e10_primitive_bridge:2:25,2,oracle_probs_only,next_reward,choice,0.020625156012818353,0.02266391983207626,0.09827922077922079
e10_primitive_bridge:2:25,2,oracle_probs_only,next_reward,noul,0.00455567549333783,0.005314441921495314,0.04577922077922078
e10_primitive_bridge:2:26,2,bayes,best_arm,choice,0.1476953628788793,0.16288084491821708,0.2717032967032966
e10_primitive_bridge:2:26,2,bayes,best_arm,noul,0.008998659582176055,0.009008912157626267,0.06670329670329667
e10_primitive_bridge:2:26,2,bayes,next_reward,choice,0.0293,0.05415849985888612,0.12
e10_primitive_bridge:2:26,2,bayes,next_reward,noul,0.0007500000000000014,0.0009599356229796074,0.017500000000000016
e10_primitive_bridge:2:26,2,counts,best_arm,choice,0.056345912329428774,0.058395806783828025,0.16170329670329664
e10_primitive_bridge:2:26,2,counts,best_arm,noul,0.03835415408767056,0.04014005433416841,0.10420329670329664
e10_primitive_bridge:2:26,2,counts,next_reward,choice,0.045800000000000014,0.09761949561308603,0.15000000000000002
e10_primitive_bridge:2:26,2,counts,next_reward,noul,0.003250000000000006,0.004789300542687024,0.03750000000000003
e10_primitive_bridge:2:26,2,oracle_probs_full,best_arm,choice,0.39302393430745086,1.4042245962002144,0.44329670329670334
e10_primitive_bridge:2:26,2,oracle_probs_full,best_arm,noul,0.023157450790967295,0.025027287887349425,0.10079670329670334
e10_primitive_bridge:2:26,2,oracle_probs_full,next_reward,choice,0.013000000000000001,0.015175685691436451,0.07500000000000001
e10_primitive_bridge:2:26,2,oracle_probs_full,next_reward,noul,0.01125,0.013329721562854308,0.07250000000000001
e10_primitive_bridge:2:26,2,oracle_probs_only,best_arm,choice,0.39302393430745086,1.4042245962002144,0.44329670329670334
e10_primitive_bridge:2:26,2,oracle_probs_only,best_arm,noul,0.028538220021736532,0.0307145326455271,0.11829670329670336
e10_primitive_bridge:2:26,2,oracle_probs_only,next_reward,choice,0.004500000000000008,0.005521343181746269,0.04500000000000004
e10_primitive_bridge:2:26,2,oracle_probs_only,next_reward,noul,0.013649999999999987,0.016142478268434735,0.08249999999999996
e10_primitive_bridge:2:27,2,bayes,best_arm,choice,0.11049999999999993,0.5136588954973538,0.23499999999999993
e10_primitive_bridge:2:27,2,bayes,best_arm,noul,0.0067499999999999895,0.010789231922046345,0.04749999999999991
e10_primitive_bridge:2:27,2,bayes,next_reward,choice,0.041650000000000006,0.05988841210421267,0.14250000000000002
e10_primitive_bridge:2:27,2,bayes,next_reward,noul,0.0010000000000000018,0.0010374131823021188,0.020000000000000018
e10_primitive_bridge:2:27,2,counts,best_arm,choice,0.12499999999999993,2.891543494871759,0.24999999999999994
e10_primitive_bridge:2:27,2,counts,best_arm,noul,0.026899999999999973,0.04871990839481055,0.11499999999999994
e10_primitive_bridge:2:27,2,counts,next_reward,choice,0.04690000000000002,0.08902686109970129,0.15000000000000002
e10_primitive_bridge:2:27,2,counts,next_reward,noul,0.004100000000000007,0.005058997847936862,0.04500000000000004
e10_primitive_bridge:2:27,2,oracle_probs_full,best_arm,choice,0.12499999999999993,2.891543494871759,0.24999999999999994
e10_primitive_bridge:2:27,2,oracle_probs_full,best_arm,noul,0.010249999999999974,0.017261774254066782,0.05749999999999994
e10_primitive_bridge:2:27,2,oracle_probs_full,next_reward,choice,0.02785000000000001,0.02965475729741629,0.09250000000000003
e10_primitive_bridge:2:27,2,oracle_probs_full,next_reward,noul,0.00525,0.006236932238411805,0.04250000000000001
e10_primitive_bridge:2:27,2,oracle_probs_only,best_arm,choice,0.11519999999999993,0.5964951537683402,0.23999999999999994
e10_primitive_bridge:2:27,2,oracle_probs_only,best_arm,noul,0.008549999999999983,0.013444616921859866,0.06249999999999995
e10_primitive_bridge:2:27,2,oracle_probs_only,next_reward,choice,0.018750000000000003,0.01959364589037791,0.07750000000000001
e10_primitive_bridge:2:27,2,oracle_probs_only,next_reward,noul,0.004949999999999993,0.005935153396303183,0.03749999999999998
e10_primitive_bridge:2:28,2,bayes,best_arm,choice,0.09086916099773239,0.3535897857668219,0.21309523809523806
e10_primitive_bridge:2:28,2,bayes,best_arm,noul,0.002083446712018148,0.002718802718383845,0.03000000000000004
e10_primitive_bridge:2:28,2,bayes,next_reward,choice,0.05193061224489798,0.07021692146761441,0.1542857142857143
e10_primitive_bridge:2:28,2,bayes,next_reward,noul,0.0020234693877551045,0.0021379264655700253,0.0267857142857143
e10_primitive_bridge:2:28,2,counts,best_arm,choice,0.02789297052154193,0.05334712147493959,0.11809523809523806
e10_primitive_bridge:2:28,2,counts,best_arm,noul,0.01699297052154196,0.020315792842434288,0.09190476190476193
e10_primitive_bridge:2:28,2,counts,next_reward,choice,0.06121632653061228,0.1124288092362451,0.17428571428571432
e10_primitive_bridge:2:28,2,counts,next_reward,noul,0.00045918367346938817,0.0005598307930378549,0.01428571428571429
e10_primitive_bridge:2:28,2,oracle_probs_full,best_arm,choice,0.1133786848072562,2.740533891220285,0.23809523809523805
e10_primitive_bridge:2:28,2,oracle_probs_full,best_arm,noul,0.002378684807256234,0.0036353443627180765,0.028095238095238062
e10_primitive_bridge:2:28,2,oracle_probs_full,next_reward,choice,0.004459183673469385,0.004716751279383341,0.0407142857142857
e10_primitive_bridge:2:28,2,oracle_probs_full,next_reward,noul,0.008966326530612235,0.010278428586906543,0.06321428571428567
e10_primitive_bridge:2:28,2,oracle_probs_only,best_arm,choice,0.1133786848072562,2.740533891220285,0.23809523809523805
e10_primitive_bridge:2:28,2,oracle_probs_only,best_arm,noul,0.004726303854875274,0.007281313295437665,0.04809523809523805
e10_primitive_bridge:2:28,2,oracle_probs_only,next_reward,choice,0.0029234693877551055,0.003381774336242427,0.031785714285714306
e10_primitive_bridge:2:28,2,oracle_probs_only,next_reward,noul,0.006402040816326524,0.007596425415037092,0.0407142857142857
e10_primitive_bridge:2:29,2,bayes,best_arm,choice,0.20908888888888896,0.9052427842702189,0.32333333333333336
e10_primitive_bridge:2:29,2,bayes,best_arm,noul,0.052188888888888924,0.07899514156142137,0.15833333333333338
e10_primitive_bridge:2:29,2,bayes,next_reward,choice,0.015401020408163268,0.028544483771869054,0.07392857142857145
e10_primitive_bridge:2:29,2,bayes,next_reward,noul,0.0014295918367346941,0.002545739814465188,0.021071428571428574
e10_primitive_bridge:2:29,2,counts,best_arm,choice,0.14942222222222226,0.34253967310392436,0.2733333333333334
e10_primitive_bridge:2:29,2,counts,best_arm,noul,0.07703888888888893,0.12506840921987833,0.19583333333333336
e10_primitive_bridge:2:29,2,counts,next_reward,choice,0.03936530612244898,0.10218210699127026,0.13142857142857142
e10_primitive_bridge:2:29,2,counts,next_reward,noul,0.0017295918367346967,0.0025403191260832195,0.02250000000000002
e10_primitive_bridge:2:29,2,oracle_probs_full,best_arm,choice,0.22222222222222232,3.968657017692779,0.33333333333333337
e10_primitive_bridge:2:29,2,oracle_probs_full,best_arm,noul,0.015855555555555578,0.02126884461006326,0.07333333333333336
e10_primitive_bridge:2:29,2,oracle_probs_full,next_reward,choice,0.016965306122448974,0.024341976951712398,0.07357142857142857
e10_primitive_bridge:2:29,2,oracle_probs_full,next_reward,noul,0.016479591836734676,0.023235614053747133,0.08857142857142852
e10_primitive_bridge:2:29,2,oracle_probs_only,best_arm,choice,0.20908888888888896,0.9052427842702189,0.32333333333333336
e10_primitive_bridge:2:29,2,oracle_probs_only,best_arm,noul,0.010955555555555574,0.013554717652956405,0.07333333333333339
e10_primitive_bridge:2:29,2,oracle_probs_only,next_reward,choice,0.01597244897959183,0.02283245121540311,0.07607142857142857
e10_primitive_bridge:2:29,2,oracle_probs_only,next_reward,noul,0.01950816326530611,0.026427705733497675,0.09857142857142853
e10_primitive_bridge:2:3,2,bayes,best_arm,choice,0.061299999999999875,0.06541205821982612,0.17499999999999982
e10_primitive_bridge:2:3,2,bayes,best_arm,noul,0.0012999999999999997,0.0013019442402714132,0.024999999999999994
e10_primitive_bridge:2:3,2,bayes,next_reward,choice,0.10394999999999999,0.11683468270611104,0.22749999999999998
e10_primitive_bridge:2:3,2,bayes,next_reward,noul,0.008149999999999998,0.008228585132710908,0.0625
e10_primitive_bridge:2:3,2,counts,best_arm,choice,0.06249999999999987,0.0671660166540047,0.17499999999999982
e10_primitive_bridge:2:3,2,counts,best_arm,noul,0.007249999999999962,0.007321143120066126,0.05749999999999983
e10_primitive_bridge:2:3,2,counts,next_reward,choice,0.04680000000000002,0.04946073572851559,0.15000000000000002
e10_primitive_bridge:2:3,2,counts,next_reward,noul,0.00555000000000001,0.005581961720423315,0.05250000000000005
e10_primitive_bridge:2:3,2,oracle_probs_full,best_arm,choice,0.4801999999999996,1.61446308036085,0.48999999999999977
e10_primitive_bridge:2:3,2,oracle_probs_full,best_arm,noul,0.021149999999999912,0.02162243698414855,0.10249999999999979
e10_primitive_bridge:2:3,2,oracle_probs_full,next_reward,choice,0.06974999999999999,0.07623051544578935,0.1825
e10_primitive_bridge:2:3,2,oracle_probs_full,next_reward,noul,0.0014500000000000025,0.0014535430955010392,0.02250000000000002
e10_primitive_bridge:2:3,2,oracle_probs_only,best_arm,choice,0.4801999999999996,1.61446308036085,0.48999999999999977
e10_primitive_bridge:2:3,2,oracle_probs_only,best_arm,noul,0.04749999999999987,0.05046133391156175,0.1499999999999998
e10_primitive_bridge:2:3,2,oracle_probs_only,next_reward,choice,0.069,0.07446428320001014,0.185
e10_primitive_bridge:2:3,2,oracle_probs_only,next_reward,noul,0.00015000000000000029,0.00015003000800244137,0.007500000000000007
e10_primitive_bridge:2:4,2,bayes,best_arm,choice,6.398312892856391e-07,0.0030203377673341577,0.0005656108597285059
e10_primitive_bridge:2:4,2,bayes,best_arm,noul,0.0012440787453164355,0.02261977986126085,0.024434389140271504
e10_primitive_bridge:2:4,2,bayes,next_reward,choice,0.03015022675736963,0.04327970594366185,0.11059523809523814
e10_primitive_bridge:2:4,2,bayes,next_reward,noul,0.0048073696145124745,0.007736170733311315,0.047738095238095246
e10_primitive_bridge:2:4,2,counts,best_arm,choice,6.398312892856391e-07,0.0030203377673341577,0.0005656108597285059
e10_primitive_bridge:2:4,2,counts,best_arm,noul,0.0017327665281218663,0.02763046161672323,0.029434389140271508
e10_primitive_bridge:2:4,2,counts,next_reward,choice,0.013524036281179142,0.04689937898266551,0.0780952380952381
e10_primitive_bridge:2:4,2,counts,next_reward,noul,0.0021692743764172373,0.004962059378828397,0.03226190476190478
e10_primitive_bridge:2:4,2,oracle_probs_full,best_arm,choice,6.398312892856391e-07,0.0030203377673341577,0.0005656108597285059
e10_primitive_bridge:2:4,2,oracle_probs_full,best_arm,noul,0.0012440787453164358,0.022619779861260847,0.024434389140271504
e10_primitive_bridge:2:4,2,oracle_probs_full,next_reward,choice,0.02741689342403627,0.037769701533310863,0.1127380952380952
e10_primitive_bridge:2:4,2,oracle_probs_full,next_reward,noul,0.007590702947845794,0.012215542623936038,0.0602380952380952
e10_primitive_bridge:2:4,2,oracle_probs_only,best_arm,choice,6.398312892856391e-07,0.0030203377673341577,0.0005656108597285059
e10_primitive_bridge:2:4,2,oracle_probs_only,best_arm,noul,0.0028657982023300114,0.035312357622508714,0.03693438914027151
e10_primitive_bridge:2:4,2,oracle_probs_only,next_reward,choice,0.06217403628117913,0.07899165022701712,0.17273809523809525
e10_primitive_bridge:2:4,2,oracle_probs_only,next_reward,noul,0.013547845804988655,0.020688052936985363,0.08023809523809522
e10_primitive_bridge:2:5,2,bayes,best_arm,choice,0.00603791812583022,0.5462690740298319,0.05494505494505497
e10_primitive_bridge:2:5,2,bayes,best_arm,noul,0.002557698345610427,0.008806736662556124,0.03505494505494501
e10_primitive_bridge:2:5,2,bayes,next_reward,choice,0.04181111111111111,0.05755875710592167,0.14166666666666666
e10_primitive_bridge:2:5,2,bayes,next_reward,noul,0.0009111111111111133,0.0011547044202908502,0.01666666666666672
e10_primitive_bridge:2:5,2,counts,best_arm,choice,0.00603791812583022,0.5462690740298319,0.05494505494505497
e10_primitive_bridge:2:5,2,counts,best_arm,noul,0.0007461598840719727,0.005029906006887894,0.01744505494505496
e10_primitive_bridge:2:5,2,counts,next_reward,choice,0.0504777777777778,0.08988287945840487,0.1216666666666667
e10_primitive_bridge:2:5,2,counts,next_reward,noul,0.005561111111111112,0.006634935605534631,0.049166666666666664
e10_primitive_bridge:2:5,2,oracle_probs_full,best_arm,choice,0.00603791812583022,0.5462690740298319,0.05494505494505497
e10_primitive_bridge:2:5,2,oracle_probs_full,best_arm,noul,5.110493901702683e-05,0.0002327500054342957,0.00505494505494505
e10_primitive_bridge:2:5,2,oracle_probs_full,next_reward,choice,0.005177777777777779,0.006148129297483262,0.04166666666666667
e10_primitive_bridge:2:5,2,oracle_probs_full,next_reward,noul,0.003927777777777776,0.004219222907498002,0.03583333333333333
e10_primitive_bridge:2:5,2,oracle_probs_only,best_arm,choice,0.00603791812583022,0.5462690740298319,0.05494505494505497
e10_primitive_bridge:2:5,2,oracle_probs_only,best_arm,noul,0.0013555005434126262,0.00499482751263855,0.025054945054945002
e10_primitive_bridge:2:5,2,oracle_probs_only,next_reward,choice,0.01814444444444446,0.02360431442174487,0.0916666666666667
e10_primitive_bridge:2:5,2,oracle_probs_only,next_reward,noul,0.001744444444444442,0.001979069945544684,0.02833333333333332
e10_primitive_bridge:2:6,2,bayes,best_arm,choice,0.0018365472910927445,0.28285887633773243,0.030303030303030293
e10_primitive_bridge:2:6,2,bayes,best_arm,noul,0.0021107897153351744,0.010886292118588138,0.03219696969696974
e10_primitive_bridge:2:6,2,bayes,next_reward,choice,0.016810204081632675,0.017939969118449868,0.07714285714285721
e10_primitive_bridge:2:6,2,bayes,next_reward,noul,0.0028102040816326435,0.0047720076396287475,0.02928571428571425
e10_primitive_bridge:2:6,2,counts,best_arm,choice,0.0018365472910927445,0.28285887633773243,0.030303030303030293
e10_primitive_bridge:2:6,2,counts,best_arm,noul,0.002210789715335174,0.011127145377114261,0.03219696969696974
e10_primitive_bridge:2:6,2,counts,next_reward,choice,0.014831632653061241,0.03134667947524858,0.0796428571428572
e10_primitive_bridge:2:6,2,counts,next_reward,noul,0.00024591836734693816,0.00040765130024607993,0.010357142857142843
e10_primitive_bridge:2:6,2,oracle_probs_full,best_arm,choice,0.0018365472910927445,0.28285887633773243,0.030303030303030293
e10_primitive_bridge:2:6,2,oracle_probs_full,best_arm,noul,0.0004820018365472921,0.0030287282707087727,0.014696969696969726
e10_primitive_bridge:2:6,2,oracle_probs_full,next_reward,choice,0.009931632653061212,0.014687373208749695,0.06035714285714282
e10_primitive_bridge:2:6,2,oracle_probs_full,next_reward,noul,0.005088775510204069,0.008040056921611083,0.045357142857142804
e10_primitive_bridge:2:6,2,oracle_probs_only,best_arm,choice,0.0018365472910927445,0.28285887633773243,0.030303030303030293
e10_primitive_bridge:2:6,2,oracle_probs_only,best_arm,noul,0.0017698806244260796,0.008431215984235338,0.024696969696969724
e10_primitive_bridge:2:6,2,oracle_probs_only,next_reward,choice,0.012010204081632642,0.017480265943898177,0.06785714285714282
e10_primitive_bridge:2:6,2,oracle_probs_only,next_reward,noul,0.007117346938775498,0.01110961335012519,0.05035714285714282
e10_primitive_bridge:2:7,2,bayes,best_arm,choice,0.012322222222222231,0.48529928520779286,0.07833333333333337
e10_primitive_bridge:2:7,2,bayes,best_arm,noul,0.0008555555555555548,0.0036283522552849265,0.01666666666666666
e10_primitive_bridge:2:7,2,bayes,next_reward,choice,0.0576295918367347,0.073170828585053,0.14892857142857147
e10_primitive_bridge:2:7,2,bayes,next_reward,noul,0.0035081632653061216,0.004482852199439086,0.03857142857142856
e10_primitive_bridge:2:7,2,counts,best_arm,choice,0.013888888888888899,0.8644575634403624,0.08333333333333337
e10_primitive_bridge:2:7,2,counts,best_arm,noul,0.0007555555555555571,0.0031722859205999803,0.01666666666666668
e10_primitive_bridge:2:7,2,counts,next_reward,choice,0.050001020408163274,0.08087834363359003,0.14892857142857144
e10_primitive_bridge:2:7,2,counts,next_reward,noul,0.0012438775510204114,0.0016669289610020573,0.023928571428571466
e10_primitive_bridge:2:7,2,oracle_probs_full,best_arm,choice,0.013888888888888899,0.8644575634403624,0.08333333333333337
e10_primitive_bridge:2:7,2,oracle_probs_full,best_arm,noul,0.00012222222222222232,0.0004297133235712028,0.006666666666666678
e10_primitive_bridge:2:7,2,oracle_probs_full,next_reward,choice,0.033193877551020406,0.03609711644221887,0.1
e10_primitive_bridge:2:7,2,oracle_probs_full,next_reward,noul,0.006151020408163253,0.009786371727433109,0.04357142857142854
e10_primitive_bridge:2:7,2,oracle_probs_only,best_arm,choice,0.013888888888888899,0.8644575634403624,0.08333333333333337
e10_primitive_bridge:2:7,2,oracle_probs_only,best_arm,noul,0.001505555555555552,0.003992664728908309,0.02416666666666662
e10_primitive_bridge:2:7,2,oracle_probs_only,next_reward,choice,0.03698673469387755,0.043732810103185304,0.13107142857142856
e10_primitive_bridge:2:7,2,oracle_probs_only,next_reward,noul,0.008615306122448967,0.013313360315276676,0.051071428571428545
e10_primitive_bridge:2:8,2,bayes,best_arm,choice,0.2592,0.365320692493763,0.36
e10_primitive_bridge:2:8,2,bayes,best_arm,noul,0.0021500000000000017,0.002155006823157238,0.032500000000000015
e10_primitive_bridge:2:8,2,bayes,next_reward,choice,0.026999999999999996,0.02782668052072943,0.11499999999999999
e10_primitive_bridge:2:8,2,bayes,next_reward,noul,0.006100000000000011,0.006138755514095845,0.05500000000000005
e10_primitive_bridge:2:8,2,counts,best_arm,choice,0.17410000000000003,0.21409070582356682,0.29500000000000004
e10_primitive_bridge:2:8,2,counts,best_arm,noul,0.0008499999999999993,0.0008525809780328131,0.012499999999999997
e10_primitive_bridge:2:8,2,counts,next_reward,choice,0.012249999999999994,0.012413493812769474,0.07749999999999999
e10_primitive_bridge:2:8,2,counts,next_reward,noul,0.003300000000000006,0.0033122458816823575,0.040000000000000036
e10_primitive_bridge:2:8,2,oracle_probs_full,best_arm,choice,0.3961,0.7874307415449707,0.44499999999999995
e10_primitive_bridge:2:8,2,oracle_probs_full,best_arm,noul,0.0003000000000000005,0.00030018017620668525,0.010000000000000009
e10_primitive_bridge:2:8,2,oracle_probs_full,next_reward,choice,0.001650000000000003,0.0016537032663727635,0.027500000000000024
e10_primitive_bridge:2:8,2,oracle_probs_full,next_reward,noul,0.0003500000000000006,0.0003501901788741657,0.012500000000000011
e10_primitive_bridge:2:8,2,oracle_probs_only,best_arm,choice,0.42319999999999997,0.9367017291342823,0.45999999999999996
e10_primitive_bridge:2:8,2,oracle_probs_only,best_arm,noul,0.005500000000000001,0.005540797116011992,0.05000000000000002
e10_primitive_bridge:2:8,2,oracle_probs_only,next_reward,choice,0.06244999999999999,0.067645766208857,0.1725
e10_primitive_bridge:2:8,2,oracle_probs_only,next_reward,noul,0.0005000000000000009,0.0005003403470784096,0.015000000000000013
e10_primitive_bridge:2:9,2,bayes,best_arm,choice,0.22222222222222213,3.968657017692778,0.33333333333333326
e10_primitive_bridge:2:9,2,bayes,best_arm,noul,0.06208888888888883,0.09774535134385234,0.17333333333333326
e10_primitive_bridge:2:9,2,bayes,next_reward,choice,0.05552959183673469,0.06823159012434127,0.16607142857142856
e10_primitive_bridge:2:9,2,bayes,next_reward,noul,0.008786734693877554,0.012372733167661472,0.06607142857142859
e10_primitive_bridge:2:9,2,counts,best_arm,choice,0.20908888888888877,0.905242784270218,0.32333333333333325
e10_primitive_bridge:2:9,2,counts,best_arm,noul,0.036388888888888846,0.05245196238976515,0.12833333333333324
e10_primitive_bridge:2:9,2,counts,next_reward,choice,0.007622448979591839,0.011820529593417062,0.053571428571428575
e10_primitive_bridge:2:9,2,counts,next_reward,noul,0.01056530612244898,0.015754700437042538,0.06857142857142856
e10_primitive_bridge:2:9,2,oracle_probs_full,best_arm,choice,0.22222222222222213,3.968657017692778,0.33333333333333326
e10_primitive_bridge:2:9,2,oracle_probs_full,best_arm,noul,0.020622222222222188,0.027768969175100328,0.09333333333333324
e10_primitive_bridge:2:9,2,oracle_probs_full,next_reward,choice,0.028651020408163263,0.034705895089799293,0.11357142857142857
e10_primitive_bridge:2:9,2,oracle_probs_full,next_reward,noul,0.0042653061224489815,0.006792747331824667,0.04357142857142858
e10_primitive_bridge:2:9,2,oracle_probs_only,best_arm,choice,0.22222222222222213,3.968657017692778,0.33333333333333326
e10_primitive_bridge:2:9,2,oracle_probs_only,best_arm,noul,0.014188888888888862,0.01787180432352991,0.08333333333333326
e10_primitive_bridge:2:9,2,oracle_probs_only,next_reward,choice,0.08902244897959184,0.10070357933178412,0.2035714285714286
e10_primitive_bridge:2:9,2,oracle_probs_only,next_reward,noul,0.006486734693877552,0.009677474246958258,0.05607142857142857
e10_primitive_bridge:5:0,5,bayes,best_arm,choice,0.29938668676794217,1.8287244305072181,0.299063468265867
e10_primitive_bridge:5:0,5,bayes,best_arm,noul,0.11933443705702058,0.14013853723074407,0.15630832537927372
e10_primitive_bridge:5:0,5,bayes,next_reward,choice,0.08779762185866082,0.11785096725696956,0.20024675324675326
e10_primitive_bridge:5:0,5,bayes,next_reward,noul,0.0073386608196997815,0.008489864561736424,0.059246753246753256
e10_primitive_bridge:5:0,5,counts,best_arm,choice,0.2680084995467922,0.8272411497733573,0.283063468265867
e10_primitive_bridge:5:0,5,counts,best_arm,noul,0.1531078360117814,0.21512970894155742,0.20930832537927374
e10_primitive_bridge:5:0,5,counts,next_reward,choice,0.03138047900151795,0.04175312383208931,0.08938961038961038
e10_primitive_bridge:5:0,5,counts,next_reward,noul,0.004371907572946539,0.004752857897034746,0.04324675324675327
e10_primitive_bridge:5:0,5,oracle_probs_full,best_arm,choice,0.16190700937999197,0.9826509850681237,0.21419946987824343
e10_primitive_bridge:5:0,5,oracle_probs_full,best_arm,noul,0.0026939052505875827,0.009095938370353822,0.029707265135760587
e10_primitive_bridge:5:0,5,oracle_probs_full,next_reward,choice,0.01572827120931017,0.01960340851175962,0.06524675324675325
e10_primitive_bridge:5:0,5,oracle_probs_full,next_reward,noul,0.001777362118401081,0.002697468394525221,0.022610389610389633
e10_primitive_bridge:5:0,5,oracle_probs_only,best_arm,choice,0.24715596996044753,1.420792099666033,0.2721994698782434
e10_primitive_bridge:5:0,5,oracle_probs_only,best_arm,noul,0.007659240273342948,0.017524286237577433,0.056643796869893584
e10_primitive_bridge:5:0,5,oracle_probs_only,next_reward,choice,0.02698671276775173,0.03216150846693283,0.07424675324675326
e10_primitive_bridge:5:0,5,oracle_probs_only,next_reward,noul,0.002778920559959522,0.004235520807255877,0.02461038961038962
e10_primitive_bridge:5:1,5,bayes,best_arm,choice,0.055880872989917646,0.16334388642466985,0.11358377064638947
e10_primitive_bridge:5:1,5,bayes,best_arm,noul,0.0022958002202112704,0.010734627758036044,0.02967226277890664
e10_primitive_bridge:5:1,5,bayes,next_reward,choice,0.0503957684451191,0.064523162543517,0.13268398268398268
e10_primitive_bridge:5:1,5,bayes,next_reward,noul,0.00386953467888533,0.004990445987160275,0.0432900432900433
e10_primitive_bridge:5:1,5,counts,best_arm,choice,0.05240361843479911,0.06539660799948235,0.10865547444218673
e10_primitive_bridge:5:1,5,counts,best_arm,noul,0.07159004882934784,0.08741529277049592,0.1314162293536105
e10_primitive_bridge:5:1,5,counts,next_reward,choice,0.014978539007889655,0.02395291976328859,0.0784112554112554
e10_primitive_bridge:5:1,5,counts,next_reward,noul,0.0009115260208766693,0.0013840034823698693,0.01895670995670995
e10_primitive_bridge:5:1,5,oracle_probs_full,best_arm,choice,0.13968864481322052,0.601388150699181,0.17558377064638947
e10_primitive_bridge:5:1,5,oracle_probs_full,best_arm,noul,0.002669754643559984,0.01317845991233689,0.03234452555781328
e10_primitive_bridge:5:1,5,oracle_probs_full,next_reward,choice,0.014731526020876679,0.017910442442972026,0.08186147186147187
e10_primitive_bridge:5:1,5,oracle_probs_full,next_reward,noul,0.006658365847716503,0.009247565729955165,0.044861471861471866
e10_primitive_bridge:5:1,5,oracle_probs_only,best_arm,choice,0.14642721073730458,2.169114463536299,0.17958377064638947
e10_primitive_bridge:5:1,5,oracle_probs_only,best_arm,noul,0.009872316307291854,0.02946187122544199,0.06634452555781328
e10_primitive_bridge:5:1,5,oracle_probs_only,next_reward,choice,0.021616547665898322,0.026319939196698318,0.08986147186147188
e10_primitive_bridge:5:1,5,oracle_probs_only,next_reward,noul,0.0077933442026948616,0.010705644767202987,0.04786147186147188
e10_primitive_bridge:5:10,5,bayes,best_arm,choice,0.11623758506754443,0.20370704218292565,0.1805066495501278
e10_primitive_bridge:5:10,5,bayes,best_arm,noul,0.004419661123533549,0.010623135826103806,0.04099999999999998
e10_primitive_bridge:5:10,5,bayes,next_reward,choice,0.047338016528925615,0.05367819952135686,0.1477272727272727
e10_primitive_bridge:5:10,5,bayes,next_reward,noul,0.004425289256198353,0.005455918172171717,0.04572727272727276
e10_primitive_bridge:5:10,5,counts,best_arm,choice,0.2904284218635986,0.6688371605313805,0.29780797946015336
e10_primitive_bridge:5:10,5,counts,best_arm,noul,0.07275829112477224,0.08879015107667168,0.11430132991002555
e10_primitive_bridge:5:10,5,counts,next_reward,choice,0.0015398347107438044,0.0015871516951688398,0.02272727272727275
e10_primitive_bridge:5:10,5,counts,next_reward,noul,0.002099834710743805,0.0021499211970668316,0.026727272727272756
e10_primitive_bridge:5:10,5,oracle_probs_full,best_arm,choice,0.24650128426689577,0.5929561441964583,0.2713973401799489
e10_primitive_bridge:5:10,5,oracle_probs_full,best_arm,noul,0.0014012097198647605,0.0077679538106646935,0.02318592840331972
e10_primitive_bridge:5:10,5,oracle_probs_full,next_reward,choice,0.01730347107438017,0.019464379291402024,0.08472727272727273
e10_primitive_bridge:5:10,5,oracle_probs_full,next_reward,noul,0.0009325619834710759,0.00132940178538673,0.01872727272727274
e10_primitive_bridge:5:10,5,oracle_probs_only,best_arm,choice,0.25454987541809565,0.83638685703723,0.27724362915667267
e10_primitive_bridge:5:10,5,oracle_probs_only,best_arm,noul,0.005698369725720419,0.015177039792077903,0.050884598493294166
e10_primitive_bridge:5:10,5,oracle_probs_only,next_reward,choice,0.03574892561983471,0.04118894839028599,0.12372727272727273
e10_primitive_bridge:5:10,5,oracle_probs_only,next_reward,noul,0.003143471074380167,0.004744486841074471,0.02872727272727274
e10_primitive_bridge:5:11,5,bayes,best_arm,choice,0.060442613170302084,0.7107529623192409,0.13107739938080498
e10_primitive_bridge:5:11,5,bayes,best_arm,noul,0.015008412963903728,0.025736607427580604,0.055001031991744075
e10_primitive_bridge:5:11,5,bayes,next_reward,choice,0.05348489795918369,0.07487940270545117,0.13971428571428576
e10_primitive_bridge:5:11,5,bayes,next_reward,noul,0.003513469387755105,0.00407180954691449,0.03742857142857144
e10_primitive_bridge:5:11,5,counts,best_arm,choice,0.05321642121983768,0.3004425540102188,0.12307739938080497
e10_primitive_bridge:5:11,5,counts,best_arm,noul,0.008315595626442433,0.014706102786805324,0.0425964912280702
e10_primitive_bridge:5:11,5,counts,next_reward,choice,0.02864204081632653,0.051993374631692194,0.1107142857142857
e10_primitive_bridge:5:11,5,counts,next_reward,noul,0.0033677551020408203,0.004085453923479271,0.03871428571428574
e10_primitive_bridge:5:11,5,oracle_probs_full,best_arm,choice,0.0639472364933155,1.5330239174422022,0.13507739938080499
e10_primitive_bridge:5:11,5,oracle_probs_full,best_arm,noul,0.0020586812817571776,0.006632007784805059,0.027154798761609915
e10_primitive_bridge:5:11,5,oracle_probs_full,next_reward,choice,0.01533061224489796,0.017136479011941732,0.07628571428571426
e10_primitive_bridge:5:11,5,oracle_probs_full,next_reward,noul,0.0035848979591836688,0.004881104020234314,0.03128571428571427
e10_primitive_bridge:5:11,5,oracle_probs_only,best_arm,choice,0.0639472364933155,1.5330239174422022,0.13507739938080499
e10_primitive_bridge:5:11,5,oracle_probs_only,best_arm,noul,0.0028462973808283864,0.011346595561302358,0.03300000000000001
e10_primitive_bridge:5:11,5,oracle_probs_only,next_reward,choice,0.015636326530612244,0.019088374329907863,0.07528571428571429
e10_primitive_bridge:5:11,5,oracle_probs_only,next_reward,noul,0.0056534693877550975,0.008110701757427652,0.03328571428571427
e10_primitive_bridge:5:12,5,bayes,best_arm,choice,0.0741541852337008,0.44131025132655044,0.14629547954625358
e10_primitive_bridge:5:12,5,bayes,best_arm,noul,0.002458398646706763,0.0039864346777151154,0.02508731000681468
e10_primitive_bridge:5:12,5,bayes,next_reward,choice,0.05976734693877552,0.06326480496586169,0.15057142857142858
e10_primitive_bridge:5:12,5,bayes,next_reward,noul,0.0032216326530612265,0.0034672306759454376,0.03757142857142859
e10_primitive_bridge:5:12,5,counts,best_arm,choice,0.055424398199269795,0.38903104870931915,0.13282336651996096
e10_primitive_bridge:5:12,5,counts,best_arm,noul,0.010106417933921088,0.01519623121803978,0.05505577394741479
e10_primitive_bridge:5:12,5,counts,next_reward,choice,0.01190734693877552,0.014467782706437884,0.06957142857142859
e10_primitive_bridge:5:12,5,counts,next_reward,noul,0.0026587755102040838,0.0029593376691116557,0.03057142857142859
e10_primitive_bridge:5:12,5,oracle_probs_full,best_arm,choice,0.1622258704112683,1.2480716765376585,0.22229547954625356
e10_primitive_bridge:5:12,5,oracle_probs_full,best_arm,noul,0.0006878313192973311,0.0009628851418612208,0.01273605651314631
e10_primitive_bridge:5:12,5,oracle_probs_full,next_reward,choice,0.005850204081632652,0.006071322325230088,0.04557142857142858
e10_primitive_bridge:5:12,5,oracle_probs_full,next_reward,noul,0.00041591836734693926,0.00046890628600494976,0.011285714285714296
e10_primitive_bridge:5:12,5,oracle_probs_only,best_arm,choice,0.16838122226271923,2.6813614489752253,0.22629547954625356
e10_primitive_bridge:5:12,5,oracle_probs_only,best_arm,noul,0.004155487110358699,0.005944218093187936,0.03900000000000002
e10_primitive_bridge:5:12,5,oracle_probs_only,next_reward,choice,0.007727346938775514,0.008367782908393684,0.056571428571428585
e10_primitive_bridge:5:12,5,oracle_probs_only,next_reward,noul,0.000581632653061226,0.0006386338046469014,0.01357142857142859
e10_primitive_bridge:5:13,5,bayes,best_arm,choice,0.1708168998109641,0.3634691701595757,0.25626086956521743
e10_primitive_bridge:5:13,5,bayes,best_arm,noul,0.01541689981096408,0.027932707666751554,0.07999999999999999
e10_primitive_bridge:5:13,5,bayes,next_reward,choice,0.05994396694214878,0.06279769265147571,0.16918181818181818
e10_primitive_bridge:5:13,5,bayes,next_reward,noul,0.003673057851239675,0.003697579121951977,0.04218181818181821
e10_primitive_bridge:5:13,5,counts,best_arm,choice,0.4290047258979206,2.330615517295664,0.3703478260869566
e10_primitive_bridge:5:13,5,counts,best_arm,noul,0.2135264650283554,0.2538678078754503,0.1993478260869565
e10_primitive_bridge:5:13,5,counts,next_reward,choice,0.01080396694214876,0.011059247501794054,0.06418181818181817
e10_primitive_bridge:5:13,5,counts,next_reward,noul,0.0013985123966942163,0.0014067430892374222,0.025181818181818194
e10_primitive_bridge:5:13,5,oracle_probs_full,best_arm,choice,0.2214838563327032,0.516154233329269,0.27226086956521733
e10_primitive_bridge:5:13,5,oracle_probs_full,best_arm,noul,0.00092211720226843,0.003092364060232565,0.01517391304347826
e10_primitive_bridge:5:13,5,oracle_probs_full,next_reward,choice,0.005825785123966939,0.005859598020282542,0.04418181818181818
e10_primitive_bridge:5:13,5,oracle_probs_full,next_reward,noul,0.00016760330578512384,0.0001689990902860039,0.008181818181818179
e10_primitive_bridge:5:13,5,oracle_probs_only,best_arm,choice,0.22980472589792061,0.4939407172849861,0.26426086956521744
e10_primitive_bridge:5:13,5,oracle_probs_only,best_arm,noul,0.004393421550094518,0.00891641922500716,0.045000000000000005
e10_primitive_bridge:5:13,5,oracle_probs_only,next_reward,choice,0.004123966942148759,0.004156113649503251,0.04018181818181818
e10_primitive_bridge:5:13,5,oracle_probs_only,next_reward,noul,0.00012033057851239686,0.00012036573156457565,0.006181818181818177
e10_primitive_bridge:5:14,5,bayes,best_arm,choice,0.037711205938116776,0.07397467292434516,0.10325706385566392
e10_primitive_bridge:5:14,5,bayes,best_arm,noul,0.0028220820946101084,0.012668836598311518,0.03374870508710863
e10_primitive_bridge:5:14,5,bayes,next_reward,choice,0.06093709750566893,0.07395007115079588,0.16004761904761905
e10_primitive_bridge:5:14,5,bayes,next_reward,noul,0.007644716553287986,0.011660690105959817,0.05904761904761906
e10_primitive_bridge:5:14,5,counts,best_arm,choice,0.26855849315008967,0.4712256061182457,0.2690057689427726
e10_primitive_bridge:5:14,5,counts,best_arm,noul,0.045330373715942514,0.062473648085625576,0.12749741017421728
e10_primitive_bridge:5:14,5,counts,next_reward,choice,0.01721519274376418,0.017890040525884002,0.06461904761904762
e10_primitive_bridge:5:14,5,counts,next_reward,noul,0.004759002267573699,0.006811978257825191,0.04704761904761907
e10_primitive_bridge:5:14,5,oracle_probs_full,best_arm,choice,0.19756570833809634,0.5187525839078979,0.22825129491289137
e10_primitive_bridge:5:14,5,oracle_probs_full,best_arm,noul,0.0010627664814904848,0.009512578353873114,0.018874352543554306
e10_primitive_bridge:5:14,5,oracle_probs_full,next_reward,choice,0.014482811791383225,0.022423707700091312,0.07447619047619047
e10_primitive_bridge:5:14,5,oracle_probs_full,next_reward,noul,0.0023351927437641733,0.0041858479585867026,0.03147619047619048
e10_primitive_bridge:5:14,5,oracle_probs_only,best_arm,choice,0.16908570833809639,0.37657595824131673,0.21225129491289135
e10_primitive_bridge:5:14,5,oracle_probs_only,best_arm,noul,0.004756288465406865,0.019212439394393606,0.04799999999999997
e10_primitive_bridge:5:14,5,oracle_probs_only,next_reward,choice,0.024795192743764183,0.03616109858083395,0.07904761904761906
e10_primitive_bridge:5:14,5,oracle_probs_only,next_reward,noul,0.004527573696145126,0.00838933328650622,0.03204761904761906
e10_primitive_bridge:5:15,5,bayes,best_arm,choice,0.10062555152005481,0.51946262923601,0.1519333825150916
e10_primitive_bridge:5:15,5,bayes,best_arm,noul,0.05006427505206175,0.09359431423814273,0.11912724590085903
e10_primitive_bridge:5:15,5,bayes,next_reward,choice,0.06555111111111112,0.07208661508521366,0.14771428571428574
e10_primitive_bridge:5:15,5,bayes,next_reward,noul,0.002148253968253966,0.0031456906457719286,0.03090476190476189
e10_primitive_bridge:5:15,5,counts,best_arm,choice,0.07882888239430025,0.1973719958852746,0.13393338251509157
e10_primitive_bridge:5:15,5,counts,best_arm,noul,0.03503729003419219,0.07007165235675036,0.08931512021766888
e10_primitive_bridge:5:15,5,counts,next_reward,choice,0.00952730158730159,0.024960862068527233,0.06166666666666667
e10_primitive_bridge:5:15,5,counts,next_reward,noul,0.004420634920634925,0.010178476658161451,0.0413809523809524
e10_primitive_bridge:5:15,5,oracle_probs_full,best_arm,choice,0.10632676408837385,1.8480688610173295,0.1559333825150916
e10_primitive_bridge:5:15,5,oracle_probs_full,best_arm,noul,0.009035409606884494,0.021410693652475672,0.055127245900859025
e10_primitive_bridge:5:15,5,oracle_probs_full,next_reward,choice,0.009484444444444441,0.014810037599537713,0.06190476190476191
e10_primitive_bridge:5:15,5,oracle_probs_full,next_reward,noul,0.003869206349206343,0.006724643120680346,0.03561904761904759
e10_primitive_bridge:5:15,5,oracle_probs_only,best_arm,choice,0.10632676408837385,1.8480688610173295,0.1559333825150916
e10_primitive_bridge:5:15,5,oracle_probs_only,best_arm,noul,0.00996104920466802,0.02824771570810618,0.06412724590085903
e10_primitive_bridge:5:15,5,oracle_probs_only,next_reward,choice,0.041388253968253956,0.056012351611934755,0.11233333333333333
e10_primitive_bridge:5:15,5,oracle_probs_only,next_reward,noul,0.010597777777777772,0.01774580880009504,0.056333333333333326
e10_primitive_bridge:5:16,5,bayes,best_arm,choice,0.02768278675390979,0.4252296980634692,0.08288103699027559
e10_primitive_bridge:5:16,5,bayes,best_arm,noul,0.006620527915583238,0.019754441675521754,0.044118963009724434
e10_primitive_bridge:5:16,5,bayes,next_reward,choice,0.09573586776859505,0.1364071124318394,0.21072727272727274
e10_primitive_bridge:5:16,5,bayes,next_reward,noul,0.007041322314049592,0.009277063569549776,0.05272727272727275
e10_primitive_bridge:5:16,5,counts,best_arm,choice,0.018440433875429454,0.4012067498672337,0.07163058646007867
e10_primitive_bridge:5:16,5,counts,best_arm,noul,0.045484082167937215,0.05981940634893559,0.10874842284149724
e10_primitive_bridge:5:16,5,counts,next_reward,choice,0.04409404958677688,0.06601728249722558,0.12772727272727274
e10_primitive_bridge:5:16,5,counts,next_reward,noul,0.002248595041322316,0.002832956970480452,0.030727272727272742
e10_primitive_bridge:5:16,5,oracle_probs_full,best_arm,choice,0.04786382475718538,1.2911050873084167,0.11488103699027556
e10_primitive_bridge:5:16,5,oracle_probs_full,best_arm,noul,0.002119192486016431,0.010350460701940142,0.027309147646427685
e10_primitive_bridge:5:16,5,oracle_probs_full,next_reward,choice,0.01699950413223141,0.023363210530332683,0.07881818181818183
e10_primitive_bridge:5:16,5,oracle_probs_full,next_reward,noul,0.00262495867768595,0.003935555074874149,0.0279090909090909
e10_primitive_bridge:5:16,5,oracle_probs_only,best_arm,choice,0.04786382475718538,1.2911050873084167,0.11488103699027556
e10_primitive_bridge:5:16,5,oracle_probs_only,best_arm,noul,0.004237194682032855,0.01905419458110713,0.041000000000000036
e10_primitive_bridge:5:16,5,oracle_probs_only,next_reward,choice,0.022694049586776864,0.029369957371220286,0.09972727272727275
e10_primitive_bridge:5:16,5,oracle_probs_only,next_reward,noul,0.004110413223140494,0.005995934784597146,0.03672727272727274
e10_primitive_bridge:5:17,5,bayes,best_arm,choice,0.3035235452764407,1.594666980345509,0.2997687490565567
e10_primitive_bridge:5:17,5,bayes,best_arm,noul,0.06270318567408861,0.06790951000107617,0.11967851941924575
e10_primitive_bridge:5:17,5,bayes,next_reward,choice,0.0779597301399899,0.09270899361076625,0.1811948051948052
e10_primitive_bridge:5:17,5,bayes,next_reward,noul,0.0037976522179119627,0.0039915837953623965,0.04119480519480522
e10_primitive_bridge:5:17,5,counts,best_arm,choice,0.2649057718059633,0.9127638354228572,0.2797687490565567
e10_primitive_bridge:5:17,5,counts,best_arm,noul,0.0990311447011384,0.11708138662296827,0.16276874905655675
e10_primitive_bridge:5:17,5,counts,next_reward,choice,0.02737115871141847,0.032457786038272776,0.07719480519480522
e10_primitive_bridge:5:17,5,counts,next_reward,noul,0.0031503794906392333,0.0034747489089337613,0.034909090909090924
e10_primitive_bridge:5:17,5,oracle_probs_full,best_arm,choice,0.17703128967264103,0.6007635772971578,0.22866074029037714
e10_primitive_bridge:5:17,5,oracle_probs_full,best_arm,noul,0.0005781795680089095,0.0010445445536680213,0.013919140346039874
e10_primitive_bridge:5:17,5,oracle_probs_full,next_reward,choice,0.011750639230898979,0.012241615423290594,0.06819480519480522
e10_primitive_bridge:5:17,5,oracle_probs_full,next_reward,noul,0.000338171698431438,0.00034610306934506897,0.010376623376623373
e10_primitive_bridge:5:17,5,oracle_probs_only,best_arm,choice,0.16947616844537589,0.6058527907187778,0.22666074029037714
e10_primitive_bridge:5:17,5,oracle_probs_only,best_arm,noul,0.004994163885583409,0.00772481567921014,0.04423125094344329
e10_primitive_bridge:5:17,5,oracle_probs_only,next_reward,choice,0.00430674312700287,0.004375087049943114,0.033194805194805214
e10_primitive_bridge:5:17,5,oracle_probs_only,next_reward,noul,0.00014700286726260738,0.00015467956177700194,0.00609090909090908
e10_primitive_bridge:5:18,5,bayes,best_arm,choice,0.05106360529955273,0.7265889954105613,0.12536683371907578
e10_primitive_bridge:5:18,5,bayes,best_arm,noul,0.008794445698717814,0.01566276078188904,0.049544388760308034
e10_primitive_bridge:5:18,5,bayes,next_reward,choice,0.04820210565769009,0.06389078766467368,0.1468744588744589
e10_primitive_bridge:5:18,5,bayes,next_reward,noul,0.002008079683664098,0.002678325951091981,0.025458874458874448
e10_primitive_bridge:5:18,5,counts,best_arm,choice,0.028254183994235092,0.5117573039313725,0.11143671501476353
e10_primitive_bridge:5:18,5,counts,best_arm,noul,0.03461892217347942,0.06606633311943078,0.11317755504123225
e10_primitive_bridge:5:18,5,counts,next_reward,choice,0.02387994115552559,0.034085286518431276,0.10587445887445893
e10_primitive_bridge:5:18,5,counts,next_reward,noul,0.0016107636663480849,0.0029133936297330034,0.024874458874458893
e10_primitive_bridge:5:18,5,oracle_probs_full,best_arm,choice,0.05990142244495602,1.5379241126380576,0.1373668337190758
e10_primitive_bridge:5:18,5,oracle_probs_full,best_arm,noul,0.0007569812787631353,0.001116031236471146,0.01388609719007699
e10_primitive_bridge:5:18,5,oracle_probs_full,next_reward,choice,0.01911509267067708,0.022543745735905823,0.08012554112554111
e10_primitive_bridge:5:18,5,oracle_probs_full,next_reward,noul,0.0077296381252225325,0.009197107769800938,0.060125541125541096
e10_primitive_bridge:5:18,5,oracle_probs_only,best_arm,choice,0.05990142244495602,1.5379241126380576,0.1373668337190758
e10_primitive_bridge:5:18,5,oracle_probs_only,best_arm,noul,0.003248050671297123,0.0059377484296976105,0.03599999999999999
e10_primitive_bridge:5:18,5,oracle_probs_only,next_reward,choice,0.012136477952062361,0.01484318719399087,0.0691255411255411
e10_primitive_bridge:5:18,5,oracle_probs_only,next_reward,noul,0.009369638125222535,0.011816504863381788,0.062125541125541105
e10_primitive_bridge:5:19,5,bayes,best_arm,choice,0.1301985135710384,0.6635472766533912,0.1835723660657645
e10_primitive_bridge:5:19,5,bayes,best_arm,noul,0.036668019894656664,0.051276505698091446,0.089950770887507
e10_primitive_bridge:5:19,5,bayes,next_reward,choice,0.07980821236483573,0.10220702259376799,0.19134632034632038
e10_primitive_bridge:5:19,5,bayes,next_reward,noul,0.005173753490376871,0.007070640697639863,0.049346320346320374
e10_primitive_bridge:5:19,5,counts,best_arm,choice,0.11891198959189328,0.4734983657974397,0.17557236606576448
e10_primitive_bridge:5:19,5,counts,best_arm,noul,0.062476569737287234,0.10263465413166364,0.12554700604843022
e10_primitive_bridge:5:19,5,counts,next_reward,choice,0.04649938119600458,0.06065314756423703,0.11834632034632035
e10_primitive_bridge:5:19,5,counts,next_reward,noul,0.006151329247952625,0.008477326197646542,0.05434632034632035
e10_primitive_bridge:5:19,5,oracle_probs_full,best_arm,choice,0.14299986388872665,2.2831192980233137,0.1915723660657645
e10_primitive_bridge:5:19,5,oracle_probs_full,best_arm,noul,0.0029392323268945418,0.008801338453799719,0.03144014989857221
e10_primitive_bridge:5:19,5,oracle_probs_full,next_reward,choice,0.008539554356177734,0.012721288154804338,0.0508917748917749
e10_primitive_bridge:5:19,5,oracle_probs_full,next_reward,noul,0.0009308963475197247,0.001824059782307766,0.016606060606060614
e10_primitive_bridge:5:19,5,oracle_probs_only,best_arm,choice,0.14299986388872665,2.2831192980233137,0.1915723660657645
e10_primitive_bridge:5:19,5,oracle_probs_only,best_arm,noul,0.008969757939765845,0.021698181837795184,0.05946139187644175
e10_primitive_bridge:5:19,5,oracle_probs_only,next_reward,choice,0.01582215175877514,0.021903204284402022,0.07961904761904763
e10_primitive_bridge:5:19,5,oracle_probs_only,next_reward,noul,0.0023224980791214577,0.004173359630178594,0.027891774891774912
e10_primitive_bridge:5:2,5,bayes,best_arm,choice,0.0484602909842688,0.14303877927381267,0.10534290387595999
e10_primitive_bridge:5:2,5,bayes,best_arm,noul,0.006498302529128507,0.01869143592960633,0.05023021462209938
e10_primitive_bridge:5:2,5,bayes,next_reward,choice,0.03122825396825398,0.03772225695637728,0.11204761904761909
e10_primitive_bridge:5:2,5,bayes,next_reward,noul,0.0028930158730158754,0.0041775768650708645,0.03223809523809525
e10_primitive_bridge:5:2,5,counts,best_arm,choice,0.002696774770025661,0.07624444995949595,0.027342903875959983
e10_primitive_bridge:5:2,5,counts,best_arm,noul,0.022571550936237684,0.0282171770037287,0.07365709612404
e10_primitive_bridge:5:2,5,counts,next_reward,choice,0.0104168253968254,0.018016777842874337,0.06633333333333336
e10_primitive_bridge:5:2,5,counts,next_reward,noul,0.0015168253968253975,0.002143900508945318,0.023333333333333338
e10_primitive_bridge:5:2,5,oracle_probs_full,best_arm,choice,0.12451222653368658,0.5496610469164274,0.16534290387595998
e10_primitive_bridge:5:2,5,oracle_probs_full,best_arm,noul,0.005422080034207943,0.016630772668138016,0.04723021462209937
e10_primitive_bridge:5:2,5,oracle_probs_full,next_reward,choice,0.004994920634920631,0.00654361483189903,0.046952380952380926
e10_primitive_bridge:5:2,5,oracle_probs_full,next_reward,noul,0.00600253968253968,0.00856594325712377,0.048952380952380935
e10_primitive_bridge:5:2,5,oracle_probs_only,best_arm,choice,0.12451222653368658,0.5496610469164274,0.16534290387595998
e10_primitive_bridge:5:2,5,oracle_probs_only,best_arm,noul,0.011058622484948776,0.02827155463606834,0.06823021462209936
e10_primitive_bridge:5:2,5,oracle_probs_only,next_reward,choice,0.02047587301587301,0.0268966032252873,0.07166666666666666
e10_primitive_bridge:5:2,5,oracle_probs_only,next_reward,noul,0.010447301587301588,0.014868579014650685,0.05280952380952382
e10_primitive_bridge:5:20,5,bayes,best_arm,choice,0.07065509780358997,0.40472624189532597,0.13165275459594045
e10_primitive_bridge:5:20,5,bayes,best_arm,noul,0.007102197306366674,0.015255743409408004,0.04423536794030794
e10_primitive_bridge:5:20,5,bayes,next_reward,choice,0.0478916107269354,0.06299994008323122,0.14379220779220778
e10_primitive_bridge:5:20,5,bayes,next_reward,noul,0.002451610726935405,0.005495346428803022,0.03150649350649354
e10_primitive_bridge:5:20,5,counts,best_arm,choice,0.040587687991739896,0.23537890318716653,0.10165275459594048
e10_primitive_bridge:5:20,5,counts,best_arm,noul,0.012074037608791022,0.027506691911090064,0.05799664414972676
e10_primitive_bridge:5:20,5,counts,next_reward,choice,0.01847524709057176,0.02606425469196837,0.08188311688311688
e10_primitive_bridge:5:20,5,counts,next_reward,noul,0.0012212211165457923,0.002699191595393369,0.021883116883116883
e10_primitive_bridge:5:20,5,oracle_probs_full,best_arm,choice,0.08024107375341666,1.625443522063613,0.13965275459594045
e10_primitive_bridge:5:20,5,oracle_probs_full,best_arm,noul,0.0027871981846249606,0.012148331212746898,0.031996644149726736
e10_primitive_bridge:5:20,5,oracle_probs_full,next_reward,choice,0.0028955068308315042,0.005359798942449034,0.033311688311688306
e10_primitive_bridge:5:20,5,oracle_probs_full,next_reward,noul,0.0030282341035587777,0.005745152954901862,0.034025974025974015
e10_primitive_bridge:5:20,5,oracle_probs_only,best_arm,choice,0.08024107375341666,1.625443522063613,0.13965275459594045
e10_primitive_bridge:5:20,5,oracle_probs_only,best_arm,noul,0.00464108825629181,0.018498328707762506,0.04599664414972675
e10_primitive_bridge:5:20,5,oracle_probs_only,next_reward,choice,0.01384693540226008,0.02607675179166536,0.05864935064935066
e10_primitive_bridge:5:20,5,oracle_probs_only,next_reward,noul,0.002551091246415921,0.006708275632853528,0.02622077922077922
e10_primitive_bridge:5:21,5,bayes,best_arm,choice,0.024912715807203084,0.8917902134802173,0.08202426066216575
e10_primitive_bridge:5:21,5,bayes,best_arm,noul,0.011613737406616444,0.04319825357107805,0.04791385904343414
e10_primitive_bridge:5:21,5,bayes,next_reward,choice,0.05777054178145087,0.07396884633221407,0.15527272727272728
e10_primitive_bridge:5:21,5,bayes,next_reward,noul,0.0029414508723599663,0.0038173987615483683,0.03672727272727274
e10_primitive_bridge:5:21,5,counts,best_arm,choice,0.018721322204934773,0.22195392652160248,0.07202426066216575
e10_primitive_bridge:5:21,5,counts,best_arm,noul,0.009607841993517555,0.03260301939852001,0.05191385904343415
e10_primitive_bridge:5:21,5,counts,next_reward,choice,0.024437208448117538,0.033823930059209195,0.08793939393939393
e10_primitive_bridge:5:21,5,counts,next_reward,noul,0.0029159963269054195,0.0031364803725524746,0.03260606060606062
e10_primitive_bridge:5:21,5,oracle_probs_full,best_arm,choice,0.024912715807203084,0.8917902134802173,0.08202426066216575
e10_primitive_bridge:5:21,5,oracle_probs_full,best_arm,noul,0.0010345460563992044,0.007336503058171242,0.020558735213317286
e10_primitive_bridge:5:21,5,oracle_probs_full,next_reward,choice,0.01574205693296602,0.018934097048011182,0.07906060606060604
e10_primitive_bridge:5:21,5,oracle_probs_full,next_reward,noul,0.0026911478420569316,0.00420168999085096,0.025060606060606054
e10_primitive_bridge:5:21,5,oracle_probs_only,best_arm,choice,0.024912715807203084,0.8917902134802173,0.08202426066216575
e10_primitive_bridge:5:21,5,oracle_probs_only,best_arm,noul,0.0024060654619108253,0.013142043405530551,0.032101805691600205
e10_primitive_bridge:5:21,5,oracle_probs_only,next_reward,choice,0.018731147842056928,0.024052128970811902,0.07772727272727271
e10_primitive_bridge:5:21,5,oracle_probs_only,next_reward,noul,0.004369329660238752,0.006648097201328454,0.03406060606060607
e10_primitive_bridge:5:22,5,bayes,best_arm,choice,0.04207594197697181,1.273558245311759,0.1159284277832207
e10_primitive_bridge:5:22,5,bayes,best_arm,noul,0.020674623975631138,0.05142841127573143,0.06363210092988876
e10_primitive_bridge:5:22,5,bayes,next_reward,choice,0.04630876033057851,0.05848667638326057,0.13145454545454546
e10_primitive_bridge:5:22,5,bayes,next_reward,noul,0.0024705785123966964,0.003555115109537979,0.03136363636363637
e10_primitive_bridge:5:22,5,counts,best_arm,choice,0.03935436408804281,0.6317869112948096,0.1119284277832207
e10_primitive_bridge:5:22,5,counts,best_arm,noul,0.012660092271751725,0.032050606774802363,0.05977796111999171
e10_primitive_bridge:5:22,5,counts,next_reward,choice,0.008739669421487607,0.01415927494503651,0.05463636363636366
e10_primitive_bridge:5:22,5,counts,next_reward,noul,0.0006578512396694227,0.0006997226923339872,0.013454545454545474
e10_primitive_bridge:5:22,5,oracle_probs_full,best_arm,choice,0.04207594197697181,1.273558245311759,0.1159284277832207
e10_primitive_bridge:5:22,5,oracle_probs_full,best_arm,noul,0.0012796199363729948,0.001842514345196862,0.015075233331614498
e10_primitive_bridge:5:22,5,oracle_probs_full,next_reward,choice,0.01909421487603306,0.024326179467844516,0.07781818181818181
e10_primitive_bridge:5:22,5,oracle_probs_full,next_reward,noul,0.0026923966942148767,0.004852594671284053,0.02936363636363637
e10_primitive_bridge:5:22,5,oracle_probs_only,best_arm,choice,0.04207594197697181,1.273558245311759,0.1159284277832207
e10_primitive_bridge:5:22,5,oracle_probs_only,best_arm,noul,0.003189987251039801,0.006270920604324616,0.035
e10_primitive_bridge:5:22,5,oracle_probs_only,next_reward,choice,0.027325123966942144,0.035307222072722126,0.10736363636363637
e10_primitive_bridge:5:22,5,oracle_probs_only,next_reward,noul,0.005766942148760324,0.01004597524027275,0.036363636363636355
e10_primitive_bridge:5:23,5,bayes,best_arm,choice,0.1731613468057756,0.86495479814273,0.20677266278726164
e10_primitive_bridge:5:23,5,bayes,best_arm,noul,0.0791493292592221,0.12088039228699383,0.13674369643489734
e10_primitive_bridge:5:23,5,bayes,next_reward,choice,0.032497338505650196,0.05114786962799387,0.12142857142857144
e10_primitive_bridge:5:23,5,bayes,next_reward,noul,0.003616819025130716,0.005381790782041071,0.036701298701298714
e10_primitive_bridge:5:23,5,counts,best_arm,choice,0.06082917276040175,0.35214997895436123,0.12677266278726168
e10_primitive_bridge:5:23,5,counts,best_arm,noul,0.0770544505191675,0.11485134679257417,0.13974369643489734
e10_primitive_bridge:5:23,5,counts,next_reward,choice,0.017596559284870975,0.038766033586483555,0.08129870129870131
e10_primitive_bridge:5:23,5,counts,next_reward,noul,0.0029508449991566877,0.004769579436589408,0.03015584415584414
e10_primitive_bridge:5:23,5,oracle_probs_full,best_arm,choice,0.1804579555080443,2.5613154221434757,0.21077266278726164
e10_primitive_bridge:5:23,5,oracle_probs_full,best_arm,noul,0.005209184215031713,0.016041367341359972,0.044743696434897354
e10_primitive_bridge:5:23,5,oracle_probs_full,next_reward,choice,0.008122533310845002,0.009681688281131159,0.05570129870129872
e10_primitive_bridge:5:23,5,oracle_probs_full,next_reward,noul,0.005658377466689156,0.007719636446534725,0.04342857142857144
e10_primitive_bridge:5:23,5,oracle_probs_only,best_arm,choice,0.1804579555080443,2.5613154221434757,0.21077266278726164
e10_primitive_bridge:5:23,5,oracle_probs_only,best_arm,noul,0.0024716336194413324,0.018290407509678773,0.029743696434897347
e10_primitive_bridge:5:23,5,oracle_probs_only,next_reward,choice,0.032352922921234616,0.03990937882994341,0.11470129870129872
e10_primitive_bridge:5:23,5,oracle_probs_only,next_reward,noul,0.008345390453702143,0.011612318035126393,0.05570129870129872
e10_primitive_bridge:5:24,5,bayes,best_arm,choice,0.006454442599813502,0.3996650644644032,0.039171147074458235
e10_primitive_bridge:5:24,5,bayes,best_arm,noul,0.0014041842467864551,0.013600233112997667,0.02145187307409896
e10_primitive_bridge:5:24,5,bayes,next_reward,choice,0.09262133243379995,0.10125216686351286,0.1836103896103896
e10_primitive_bridge:5:24,5,bayes,next_reward,noul,0.004433020745488278,0.005284694227318104,0.04546753246753247
e10_primitive_bridge:5:24,5,counts,best_arm,choice,0.00571372123929259,0.21450050864939532,0.037306226122870934
e10_primitive_bridge:5:24,5,counts,best_arm,noul,0.0035852789880672794,0.01972391397432144,0.033903746148197925
e10_primitive_bridge:5:24,5,counts,next_reward,choice,0.009339773992241524,0.01834617428069213,0.06075324675324675
e10_primitive_bridge:5:24,5,counts,next_reward,noul,0.0075740597065272405,0.010318591006292835,0.05789610389610391
e10_primitive_bridge:5:24,5,oracle_probs_full,best_arm,choice,0.006454442599813502,0.3996650644644032,0.039171147074458235
e10_primitive_bridge:5:24,5,oracle_probs_full,best_arm,noul,0.0009499182690426145,0.010807039579369902,0.017903746148197914
e10_primitive_bridge:5:24,5,oracle_probs_full,next_reward,choice,0.007962631135098666,0.010363033212428634,0.05028571428571427
e10_primitive_bridge:5:24,5,oracle_probs_full,next_reward,noul,0.002706527238994767,0.0040373551643524686,0.02610389610389609
e10_primitive_bridge:5:24,5,oracle_probs_only,best_arm,choice,0.006454442599813502,0.3996650644644032,0.039171147074458235
e10_primitive_bridge:5:24,5,oracle_probs_only,best_arm,noul,0.0027557244793866894,0.021042937475364308,0.03241442646277089
e10_primitive_bridge:5:24,5,oracle_probs_only,next_reward,choice,0.026020293472760997,0.03138488982071661,0.09046753246753245
e10_primitive_bridge:5:24,5,oracle_probs_only,next_reward,noul,0.004726267498735027,0.00688916208141096,0.03646753246753246
e10_primitive_bridge:5:25,5,bayes,best_arm,choice,0.10388283497828521,0.6812229479129475,0.16586904810621989
e10_primitive_bridge:5:25,5,bayes,best_arm,noul,0.027908422544303663,0.046273946047455855,0.09506547594689012
e10_primitive_bridge:5:25,5,bayes,next_reward,choice,0.07034897959183674,0.0904856682944947,0.17357142857142857
e10_primitive_bridge:5:25,5,bayes,next_reward,noul,0.0047546938775510205,0.005052652349318615,0.04042857142857144
e10_primitive_bridge:5:25,5,counts,best_arm,choice,0.01911105431774695,0.12198319098980967,0.08066835812862805
e10_primitive_bridge:5:25,5,counts,best_arm,noul,0.00584306622742485,0.019984707003942632,0.04442063459585349
e10_primitive_bridge:5:25,5,counts,next_reward,choice,0.022803265306122453,0.03398432250416429,0.09457142857142858
e10_primitive_bridge:5:25,5,counts,next_reward,noul,0.0020804081632653094,0.002409575749777143,0.029000000000000026
e10_primitive_bridge:5:25,5,oracle_probs_full,best_arm,choice,0.1095015254593474,1.9908070325309315,0.1698690481062199
e10_primitive_bridge:5:25,5,oracle_probs_full,best_arm,noul,0.00590233054067766,0.012136810708121748,0.04324305527137181
e10_primitive_bridge:5:25,5,oracle_probs_full,next_reward,choice,0.015048979591836736,0.016555859869500113,0.07142857142857142
e10_primitive_bridge:5:25,5,oracle_probs_full,next_reward,noul,0.005217551020408157,0.0065636497654047886,0.042428571428571406
e10_primitive_bridge:5:25,5,oracle_probs_only,best_arm,choice,0.1095015254593474,1.9908070325309315,0.1698690481062199
e10_primitive_bridge:5:25,5,oracle_probs_only,best_arm,noul,0.005559618137573998,0.015305937457155982,0.04406547594689013
e10_primitive_bridge:5:25,5,oracle_probs_only,next_reward,choice,0.020071836734693878,0.023912000980522343,0.08142857142857143
e10_primitive_bridge:5:25,5,oracle_probs_only,next_reward,noul,0.004563265306122442,0.0062142809690095445,0.033428571428571405
e10_primitive_bridge:5:26,5,bayes,best_arm,choice,0.014253964522604223,0.6573528114903919,0.06172645121433882
e10_primitive_bridge:5:26,5,bayes,best_arm,noul,0.0065708912414310485,0.03520194527340138,0.03612821119804467
e10_primitive_bridge:5:26,5,bayes,next_reward,choice,0.04641083900226757,0.05084246340968992,0.13852380952380955
e10_primitive_bridge:5:26,5,bayes,next_reward,noul,0.0031070294784580534,0.003511323161835883,0.0361904761904762
e10_primitive_bridge:5:26,5,counts,best_arm,choice,0.014253964522604223,0.6573528114903919,0.06172645121433882
e10_primitive_bridge:5:26,5,counts,best_arm,noul,0.005857389800518574,0.030123776366654136,0.04550428159739289
e10_primitive_bridge:5:26,5,counts,next_reward,choice,0.009206077097505668,0.0171897574433094,0.05580952380952382
e10_primitive_bridge:5:26,5,counts,next_reward,noul,0.004103219954648525,0.006885898240977266,0.03580952380952381
e10_primitive_bridge:5:26,5,oracle_probs_full,best_arm,choice,0.014253964522604223,0.6573528114903919,0.06172645121433882
e10_primitive_bridge:5:26,5,oracle_probs_full,best_arm,noul,0.0006891734248043802,0.009964741150647808,0.01575214079869645
e10_primitive_bridge:5:26,5,oracle_probs_full,next_reward,choice,0.015513696145124711,0.018912318179414255,0.06719047619047619
e10_primitive_bridge:5:26,5,oracle_probs_full,next_reward,noul,0.001870839002267573,0.0041570610620298345,0.01847619047619047
e10_primitive_bridge:5:26,5,oracle_probs_only,best_arm,choice,0.014253964522604223,0.6573528114903919,0.06172645121433882
e10_primitive_bridge:5:26,5,oracle_probs_only,best_arm,noul,0.001583721830185265,0.015206183470638453,0.025999999999999995
e10_primitive_bridge:5:26,5,oracle_probs_only,next_reward,choice,0.03289274376417233,0.042067361275179294,0.11033333333333332
e10_primitive_bridge:5:26,5,oracle_probs_only,next_reward,noul,0.0035860770975056694,0.006943208559223005,0.031190476190476202
e10_primitive_bridge:5:27,5,bayes,best_arm,choice,0.23081773318864615,0.4628562378418166,0.2635294117647059
e10_primitive_bridge:5:27,5,bayes,best_arm,noul,0.005434384772356557,0.008224090761719326,0.03582956259426848
e10_primitive_bridge:5:27,5,bayes,next_reward,choice,0.05574000000000001,0.06194102406297954,0.15100000000000002
e10_primitive_bridge:5:27,5,bayes,next_reward,noul,0.00826,0.008642916838371267,0.06300000000000001
e10_primitive_bridge:5:27,5,counts,best_arm,choice,0.32598165475727364,0.7404508641795491,0.3155294117647059
e10_primitive_bridge:5:27,5,counts,best_arm,noul,0.06465308763811824,0.07385779712387804,0.12299547511312217
e10_primitive_bridge:5:27,5,counts,next_reward,choice,0.01202,0.015536869046661664,0.069
e10_primitive_bridge:5:27,5,counts,next_reward,noul,0.003940000000000008,0.0040299435083176235,0.04300000000000004
e10_primitive_bridge:5:27,5,oracle_probs_full,best_arm,choice,0.22712726561700214,0.5735800518632329,0.2596681749622926
e10_primitive_bridge:5:27,5,oracle_probs_full,best_arm,noul,0.0009299805491288039,0.0026349739860909785,0.019165912518853682
e10_primitive_bridge:5:27,5,oracle_probs_full,next_reward,choice,0.024900000000000002,0.026006567224132037,0.10300000000000002
e10_primitive_bridge:5:27,5,oracle_probs_full,next_reward,noul,0.0003400000000000006,0.00034641690539255753,0.01100000000000001
e10_primitive_bridge:5:27,5,oracle_probs_only,best_arm,choice,0.2377969790408332,0.6144410641698089,0.2676681749622926
e10_primitive_bridge:5:27,5,oracle_probs_only,best_arm,noul,0.006285666823638606,0.010892006808561552,0.05199999999999999
e10_primitive_bridge:5:27,5,oracle_probs_only,next_reward,choice,0.018260000000000002,0.019115601601284643,0.08499999999999999
e10_primitive_bridge:5:27,5,oracle_probs_only,next_reward,noul,0.0006600000000000012,0.0006670584626697479,0.015000000000000013
e10_primitive_bridge:5:28,5,bayes,best_arm,choice,0.17183505840705393,0.6153525901885628,0.205747916514098
e10_primitive_bridge:5:28,5,bayes,best_arm,noul,0.027093608722731977,0.03207620272069122,0.07945966130076536
e10_primitive_bridge:5:28,5,bayes,next_reward,choice,0.058932653061224485,0.07306327794328224,0.15547619047619046
e10_primitive_bridge:5:28,5,bayes,next_reward,noul,0.000990748299319728,0.0016596314272181779,0.014761904761904749
e10_primitive_bridge:5:28,5,counts,best_arm,choice,0.1754357296371249,0.6363901207149012,0.207747916514098
e10_primitive_bridge:5:28,5,counts,best_arm,noul,0.04391760663476472,0.054582115768423,0.10031920649299911
e10_primitive_bridge:5:28,5,counts,next_reward,choice,0.03395360544217686,0.04078737103712723,0.11138095238095239
e10_primitive_bridge:5:28,5,counts,next_reward,noul,0.002818367346938774,0.003826077101991082,0.030047619047619024
e10_primitive_bridge:5:28,5,oracle_probs_full,best_arm,choice,0.19431908578747975,0.8772692029332662,0.217747916514098
e10_primitive_bridge:5:28,5,oracle_probs_full,best_arm,noul,0.004999823544550025,0.009621676821133223,0.037389433896882235
e10_primitive_bridge:5:28,5,oracle_probs_full,next_reward,choice,0.004705986394557824,0.005912226717879282,0.041095238095238094
e10_primitive_bridge:5:28,5,oracle_probs_full,next_reward,noul,0.0037164625850340145,0.004339600891257453,0.04038095238095237
e10_primitive_bridge:5:28,5,oracle_probs_only,best_arm,choice,0.19431908578747975,0.8772692029332662,0.217747916514098
e10_primitive_bridge:5:28,5,oracle_probs_only,best_arm,noul,0.011251513880529975,0.022175030432691756,0.06831920649299912
e10_primitive_bridge:5:28,5,oracle_probs_only,next_reward,choice,0.006892653061224492,0.009574645028258447,0.040809523809523816
e10_primitive_bridge:5:28,5,oracle_probs_only,next_reward,noul,0.001276462585034013,0.00195431048236811,0.020761904761904742
e10_primitive_bridge:5:29,5,bayes,best_arm,choice,0.002883032917523431,0.2526497789705425,0.025661362669803435
e10_primitive_bridge:5:29,5,bayes,best_arm,noul,0.001268654875936071,0.013632700570861415,0.022101330316340467
e10_primitive_bridge:5:29,5,bayes,next_reward,choice,0.04111430595378647,0.06006525866080904,0.11441558441558444
e10_primitive_bridge:5:29,5,bayes,next_reward,noul,0.004810409849890371,0.006674112788043402,0.04587012987012988
e10_primitive_bridge:5:29,5,counts,best_arm,choice,0.002883032917523431,0.2526497789705425,0.025661362669803435
e10_primitive_bridge:5:29,5,counts,best_arm,noul,0.0010704365304259624,0.010778558667702793,0.019101330316340464
e10_primitive_bridge:5:29,5,counts,next_reward,choice,0.03359690335638389,0.051994489407136954,0.10955844155844156
e10_primitive_bridge:5:29,5,counts,next_reward,noul,0.0022989812784618003,0.0034960217082344288,0.03141558441558443
e10_primitive_bridge:5:29,5,oracle_probs_full,best_arm,choice,0.002883032917523431,0.2526497789705425,0.025661362669803435
e10_primitive_bridge:5:29,5,oracle_probs_full,best_arm,noul,0.0006994786994655131,0.011009659029691105,0.016050665158170236
e10_primitive_bridge:5:29,5,oracle_probs_full,next_reward,choice,0.01112781244729297,0.015478952143475616,0.06787012987012989
e10_primitive_bridge:5:29,5,oracle_probs_full,next_reward,noul,0.0029615786810591985,0.0049671651000816166,0.026441558441558422
e10_primitive_bridge:5:29,5,oracle_probs_only,best_arm,choice,0.002883032917523431,0.2526497789705425,0.025661362669803435
e10_primitive_bridge:5:29,5,oracle_probs_only,best_arm,noul,0.0023227275877395924,0.021505764245555743,0.03133863733019656
e10_primitive_bridge:5:29,5,oracle_probs_only,next_reward,choice,0.02161690335638388,0.02869134040403538,0.09687012987012988
e10_primitive_bridge:5:29,5,oracle_probs_only,next_reward,noul,0.004202098161578681,0.006742894406980671,0.03615584415584416
e10_primitive_bridge:5:3,5,bayes,best_arm,choice,0.002113971778037479,0.21750896744618556,0.02250433588668884
e10_primitive_bridge:5:3,5,bayes,best_arm,noul,0.0010832570960324743,0.014865106790306563,0.020000000000000014
e10_primitive_bridge:5:3,5,bayes,next_reward,choice,0.06054807893405295,0.06573897703949981,0.1534805194805195
e10_primitive_bridge:5:3,5,bayes,next_reward,noul,0.003973273739247765,0.005424876470797183,0.03848051948051949
e10_primitive_bridge:5:3,5,counts,best_arm,choice,0.0013843653801957868,0.034906519096311026,0.018504335886688837
e10_primitive_bridge:5:3,5,counts,best_arm,noul,0.0005617055601450738,0.008465167692577524,0.015975984005395773
e10_primitive_bridge:5:3,5,counts,next_reward,choice,0.010126780232754266,0.010767661083611747,0.0510909090909091
e10_primitive_bridge:5:3,5,counts,next_reward,noul,0.0013384685444425728,0.0013824483424236603,0.019909090909090942
e10_primitive_bridge:5:3,5,oracle_probs_full,best_arm,choice,0.002113971778037479,0.21750896744618556,0.02250433588668884
e10_primitive_bridge:5:3,5,oracle_probs_full,best_arm,noul,0.0008800540968332687,0.012342898909841213,0.018000000000000006
e10_primitive_bridge:5:3,5,oracle_probs_full,next_reward,choice,0.021284962050936086,0.029036693931311926,0.08962337662337663
e10_primitive_bridge:5:3,5,oracle_probs_full,next_reward,noul,0.002033533479507504,0.004611363364409676,0.025337662337662326
e10_primitive_bridge:5:3,5,oracle_probs_only,best_arm,choice,0.002113971778037479,0.21750896744618556,0.02250433588668884
e10_primitive_bridge:5:3,5,oracle_probs_only,best_arm,noul,0.0029239891715368447,0.023653406568498164,0.03474783205665559
e10_primitive_bridge:5:3,5,oracle_probs_only,next_reward,choice,0.04003613088210491,0.056616314183181735,0.11133766233766236
e10_primitive_bridge:5:3,5,oracle_probs_only,next_reward,noul,0.004454312700286728,0.01057974840120098,0.03533766233766234
e10_primitive_bridge:5:4,5,bayes,best_arm,choice,0.07342974961079178,0.24976021914085256,0.1387895943255884
e10_primitive_bridge:5:4,5,bayes,best_arm,noul,0.009372540173937785,0.017630071465396996,0.04780497046233897
e10_primitive_bridge:5:4,5,bayes,next_reward,choice,0.06995054178145088,0.0928902484760053,0.17839393939393938
e10_primitive_bridge:5:4,5,bayes,next_reward,noul,0.004866905417814515,0.007045379823959317,0.04239393939393942
e10_primitive_bridge:5:4,5,counts,best_arm,choice,0.03433872792989501,0.09466986718404291,0.08478959432558843
e10_primitive_bridge:5:4,5,counts,best_arm,noul,0.09901836736607691,0.12012750843821056,0.1660153761367506
e10_primitive_bridge:5:4,5,counts,next_reward,choice,0.029118420569329662,0.044956401105170234,0.0933939393939394
e10_primitive_bridge:5:4,5,counts,next_reward,noul,0.0046099357208448126,0.005721450883696128,0.04439393939393941
e10_primitive_bridge:5:4,5,oracle_probs_full,best_arm,choice,0.09252173645491753,1.8321061031894523,0.15678959432558842
e10_primitive_bridge:5:4,5,oracle_probs_full,best_arm,noul,0.004189083029846006,0.014133649465036402,0.03444531254199622
e10_primitive_bridge:5:4,5,oracle_probs_full,next_reward,choice,0.010033572084481177,0.016284878498235077,0.05793939393939396
e10_primitive_bridge:5:4,5,oracle_probs_full,next_reward,noul,0.004528117539026628,0.006594704509662497,0.037939393939393946
e10_primitive_bridge:5:4,5,oracle_probs_only,best_arm,choice,0.09252173645491753,1.8321061031894523,0.15678959432558842
e10_primitive_bridge:5:4,5,oracle_probs_only,best_arm,noul,0.005731996233056882,0.022336055177718677,0.041999999999999975
e10_primitive_bridge:5:4,5,oracle_probs_only,next_reward,choice,0.020674784205693304,0.029690669487175803,0.07739393939393942
e10_primitive_bridge:5:4,5,oracle_probs_only,next_reward,noul,0.005332359963269052,0.00815788640533778,0.04293939393939394
e10_primitive_bridge:5:5,5,bayes,best_arm,choice,0.08931287831263165,0.3822516833045808,0.13412336906771563
e10_primitive_bridge:5:5,5,bayes,best_arm,noul,0.0495100133120157,0.1091124972080851,0.11117347334548225
e10_primitive_bridge:5:5,5,bayes,next_reward,choice,0.0333219549858511,0.040284125439013926,0.10250216450216451
e10_primitive_bridge:5:5,5,bayes,next_reward,noul,0.0028177125616086667,0.005091448126410996,0.03650216450216451
e10_primitive_bridge:5:5,5,counts,best_arm,choice,0.07646803619197176,0.21794359117360884,0.12412336906771562
e10_primitive_bridge:5:5,5,counts,best_arm,noul,0.049234220463867856,0.10144312273646683,0.11117347334548226
e10_primitive_bridge:5:5,5,counts,next_reward,choice,0.020481695245591354,0.026619854573821794,0.07974458874458877
e10_primitive_bridge:5:5,5,counts,next_reward,noul,0.0005571065010026053,0.0012763113972098284,0.013316017316017337
e10_primitive_bridge:5:5,5,oracle_probs_full,best_arm,choice,0.09202584673676364,1.0148279280541566,0.13612336906771563
e10_primitive_bridge:5:5,5,oracle_probs_full,best_arm,noul,0.004074355975493638,0.020194010064800906,0.042173473345482236
e10_primitive_bridge:5:5,5,oracle_probs_full,next_reward,choice,0.017377279661175762,0.03326549837631998,0.07407359307359306
e10_primitive_bridge:5:5,5,oracle_probs_full,next_reward,noul,0.005141695245591348,0.010966394390206403,0.045073593073593064
e10_primitive_bridge:5:5,5,oracle_probs_only,best_arm,choice,0.08931287831263165,0.3822516833045808,0.13412336906771563
e10_primitive_bridge:5:5,5,oracle_probs_only,best_arm,noul,0.005464906209765681,0.028526489666220945,0.05017347334548224
e10_primitive_bridge:5:5,5,oracle_probs_only,next_reward,choice,0.034793296977193085,0.05718174540518919,0.10707359307359307
e10_primitive_bridge:5:5,5,oracle_probs_only,next_reward,noul,0.009687582691478791,0.021070781505028134,0.05607359307359305
e10_primitive_bridge:5:6,5,bayes,best_arm,choice,0.077308217497085,0.6659874513319454,0.14749534474140744
e10_primitive_bridge:5:6,5,bayes,best_arm,noul,0.011900884074013265,0.018814129179923873,0.055818499040332384
e10_primitive_bridge:5:6,5,bayes,next_reward,choice,0.0884603628117914,0.10373343166104876,0.2045238095238095
e10_primitive_bridge:5:6,5,bayes,next_reward,noul,0.0031670294784580514,0.0032521949312602993,0.03452380952380953
e10_primitive_bridge:5:6,5,counts,best_arm,choice,0.07274575089248217,0.5491907236410616,0.14149534474140743
e10_primitive_bridge:5:6,5,counts,best_arm,noul,0.009153569781539467,0.02450513059372543,0.05407082666962865
e10_primitive_bridge:5:6,5,counts,next_reward,choice,0.02169655328798186,0.03776441296654751,0.08880952380952382
e10_primitive_bridge:5:6,5,counts,next_reward,noul,0.0045832199546485255,0.005720714207619104,0.04380952380952381
e10_primitive_bridge:5:6,5,oracle_probs_full,best_arm,choice,0.08191482209363711,1.7422758538233662,0.15149534474140744
e10_primitive_bridge:5:6,5,oracle_probs_full,best_arm,noul,0.0038900671971673116,0.00940433766608097,0.03881849904033237
e10_primitive_bridge:5:6,5,oracle_probs_full,next_reward,choice,0.022962267573696155,0.024498637521305718,0.07485714285714287
e10_primitive_bridge:5:6,5,oracle_probs_full,next_reward,noul,0.0016270294784580524,0.001953167099778891,0.01914285714285715
e10_primitive_bridge:5:6,5,oracle_probs_only,best_arm,choice,0.07961151979536105,1.2041316525776558,0.14949534474140744
e10_primitive_bridge:5:6,5,oracle_probs_only,best_arm,noul,0.004344393338563046,0.011787223518080123,0.03881849904033237
e10_primitive_bridge:5:6,5,oracle_probs_only,next_reward,choice,0.011947981859410432,0.01243689471585494,0.06852380952380951
e10_primitive_bridge:5:6,5,oracle_probs_only,next_reward,noul,0.0013498866213151944,0.0016181925852509383,0.018523809523809533
e10_primitive_bridge:5:7,5,bayes,best_arm,choice,0.10346388437359388,1.5761345935559863,0.17202015940715631
e10_primitive_bridge:5:7,5,bayes,best_arm,noul,0.007454538528520477,0.014375504845579043,0.0443266135309479
e10_primitive_bridge:5:7,5,bayes,next_reward,choice,0.05924040816326531,0.07561077929894838,0.16642857142857143
e10_primitive_bridge:5:7,5,bayes,next_reward,noul,0.004488979591836735,0.0052174616845576255,0.03942857142857144
e10_primitive_bridge:5:7,5,counts,best_arm,choice,0.06523378794783183,0.18462238420608634,0.13255314345097627
e10_primitive_bridge:5:7,5,counts,best_arm,noul,0.0060659165210130124,0.017092088137027835,0.04564314735831761
e10_primitive_bridge:5:7,5,counts,next_reward,choice,0.018146122448979597,0.034518605830209034,0.07457142857142858
e10_primitive_bridge:5:7,5,counts,next_reward,noul,0.004634693877551029,0.005437993147670165,0.046428571428571465
e10_primitive_bridge:5:7,5,oracle_probs_full,best_arm,choice,0.10539342628678905,2.028123375262831,0.17402015940715632
e10_primitive_bridge:5:7,5,oracle_probs_full,best_arm,noul,0.00420521119950275,0.009749250653680767,0.03298992029642185
e10_primitive_bridge:5:7,5,oracle_probs_full,next_reward,choice,0.006443265306122452,0.00863867980596537,0.04342857142857144
e10_primitive_bridge:5:7,5,oracle_probs_full,next_reward,noul,0.003991836734693876,0.00491030261643865,0.03942857142857144
e10_primitive_bridge:5:7,5,oracle_probs_only,best_arm,choice,0.10539342628678905,2.028123375262831,0.17402015940715632
e10_primitive_bridge:5:7,5,oracle_probs_only,best_arm,noul,0.00817884825388284,0.018566398037291133,0.048000000000000036
e10_primitive_bridge:5:7,5,oracle_probs_only,next_reward,choice,0.009197551020408166,0.011985911286969375,0.05742857142857144
e10_primitive_bridge:5:7,5,oracle_probs_only,next_reward,noul,0.004386122448979591,0.005772179268926347,0.03942857142857144
e10_primitive_bridge:5:8,5,bayes,best_arm,choice,0.005807366804545957,0.35988592239509565,0.03492809895116327
e10_primitive_bridge:5:8,5,bayes,best_arm,noul,0.002469400329700014,0.0228051861443966,0.029188354640803334
e10_primitive_bridge:5:8,5,bayes,next_reward,choice,0.028162222222222227,0.03279633044904809,0.09633333333333335
e10_primitive_bridge:5:8,5,bayes,next_reward,noul,0.005602222222222222,0.007264107661977909,0.048999999999999995
e10_primitive_bridge:5:8,5,counts,best_arm,choice,0.003402708660867293,0.029983311799117417,0.026928098951163264
e10_primitive_bridge:5:8,5,counts,best_arm,noul,0.0018012162222202268,0.016359899645817348,0.028188354640803333
e10_primitive_bridge:5:8,5,counts,next_reward,choice,0.009982222222222222,0.02128195385140446,0.06266666666666668
e10_primitive_bridge:5:8,5,counts,next_reward,noul,0.0019088888888888916,0.0035081708895012623,0.024333333333333353
e10_primitive_bridge:5:8,5,oracle_probs_full,best_arm,choice,0.005807366804545957,0.35988592239509565,0.03492809895116327
e10_primitive_bridge:5:8,5,oracle_probs_full,best_arm,noul,0.0011611971023955934,0.01515282065860514,0.023188354640803346
e10_primitive_bridge:5:8,5,oracle_probs_full,next_reward,choice,0.009255555555555552,0.014236083578840774,0.05899999999999998
e10_primitive_bridge:5:8,5,oracle_probs_full,next_reward,noul,0.0015888888888888884,0.003483260932260407,0.021
e10_primitive_bridge:5:8,5,oracle_probs_only,best_arm,choice,0.005807366804545957,0.35988592239509565,0.03492809895116327
e10_primitive_bridge:5:8,5,oracle_probs_only,best_arm,noul,0.002418575425674558,0.024294981581979826,0.029535950524418375
e10_primitive_bridge:5:8,5,oracle_probs_only,next_reward,choice,0.03838222222222222,0.051218985996683106,0.11800000000000002
e10_primitive_bridge:5:8,5,oracle_probs_only,next_reward,noul,0.006682222222222213,0.011840789838824903,0.048999999999999974
e10_primitive_bridge:5:9,5,bayes,best_arm,choice,0.09602032026594444,0.4339571465150744,0.1427559296603091
e10_primitive_bridge:5:9,5,bayes,best_arm,noul,0.03715667873992669,0.06698311849565224,0.10113312927619497
e10_primitive_bridge:5:9,5,bayes,next_reward,choice,0.04180426303854877,0.055682271281420045,0.10533333333333336
e10_primitive_bridge:5:9,5,bayes,next_reward,noul,0.0025252154195011347,0.004063815158129638,0.034523809523809526
e10_primitive_bridge:5:9,5,counts,best_arm,choice,0.08012697672975418,0.24441250756781857,0.1307559296603091
e10_primitive_bridge:5:9,5,counts,best_arm,noul,0.04532867547220644,0.08403259524348039,0.10813312927619498
e10_primitive_bridge:5:9,5,counts,next_reward,choice,0.03326140589569163,0.04704648997284892,0.10333333333333336
e10_primitive_bridge:5:9,5,counts,next_reward,noul,0.002270929705215423,0.004606806982725911,0.031333333333333345
e10_primitive_bridge:5:9,5,oracle_probs_full,best_arm,choice,0.10163810144467449,1.743331628063716,0.1467559296603091
e10_primitive_bridge:5:9,5,oracle_probs_full,best_arm,noul,0.006594383190366743,0.020197685730908903,0.05213312927619498
e10_primitive_bridge:5:9,5,oracle_probs_full,next_reward,choice,0.014261405895691604,0.019522083602238192,0.07066666666666666
e10_primitive_bridge:5:9,5,oracle_probs_full,next_reward,noul,0.0037471201814058886,0.007156684115015707,0.03666666666666661
e10_primitive_bridge:5:9,5,oracle_probs_only,best_arm,choice,0.10163810144467449,1.743331628063716,0.1467559296603091
e10_primitive_bridge:5:9,5,oracle_probs_only,best_arm,noul,0.009975247934832631,0.033761091400521345,0.06813312927619497
e10_primitive_bridge:5:9,5,oracle_probs_only,next_reward,choice,0.019665215419501125,0.03223647190766702,0.08266666666666664
e10_primitive_bridge:5:9,5,oracle_probs_only,next_reward,noul,0.009931882086167796,0.01774441695458264,0.058666666666666624
