experiment,family,k,horizon,policy,turn,n_episodes,mean_cumulative_pseudo_regret,mean_cumulative_reward,non_greedy_fraction
e3_exact_online,prior,2,20,bayes_direct,1,200,0.15948094499342147,0.51,0.0
e3_exact_online,prior,2,20,bayes_direct,2,200,0.2298112773167148,1.095,0.0
e3_exact_online,prior,2,20,bayes_direct,3,200,0.331539590326238,1.645,0.0
e3_exact_online,prior,2,20,bayes_direct,4,200,0.39660081374729805,2.255,0.0
e3_exact_online,prior,2,20,bayes_direct,5,200,0.45869981697527024,2.855,0.0
e3_exact_online,prior,2,20,bayes_direct,6,200,0.505625263817053,3.41,0.0
e3_exact_online,prior,2,20,bayes_direct,7,200,0.549180181353899,4.05,0.0
e3_exact_online,prior,2,20,bayes_direct,8,200,0.5930866249047222,4.64,0.0
e3_exact_online,prior,2,20,bayes_direct,9,200,0.6377106291711526,5.245,0.0
e3_exact_online,prior,2,20,bayes_direct,10,200,0.6804210935161679,5.9,0.015
e3_exact_online,prior,2,20,bayes_direct,11,200,0.709303650211899,6.465,0.0
e3_exact_online,prior,2,20,bayes_direct,12,200,0.7421446811035847,7.075,0.0
e3_exact_online,prior,2,20,bayes_direct,13,200,0.7698741283860052,7.68,0.01
e3_exact_online,prior,2,20,bayes_direct,14,200,0.7983556534173201,8.31,0.0
e3_exact_online,prior,2,20,bayes_direct,15,200,0.8231756334142566,8.9,0.0
e3_exact_online,prior,2,20,bayes_direct,16,200,0.8488785435886261,9.545,0.005
e3_exact_online,prior,2,20,bayes_direct,17,200,0.876886668587154,10.185,0.005
e3_exact_online,prior,2,20,bayes_direct,18,200,0.9014230091030774,10.8,0.005
e3_exact_online,prior,2,20,bayes_direct,19,200,0.9224018671582936,11.51,0.005
e3_exact_online,prior,2,20,bayes_direct,20,200,0.9443007383407376,12.23,0.0
e3_exact_online,prior,2,20,bayes_sample,1,200,0.17358346879444864,0.5,0.0
e3_exact_online,prior,2,20,bayes_sample,2,200,0.2802903826449382,1.065,0.14
e3_exact_online,prior,2,20,bayes_sample,3,200,0.3943581646550359,1.605,0.06
e3_exact_online,prior,2,20,bayes_sample,4,200,0.4786200142928923,2.185,0.145
e3_exact_online,prior,2,20,bayes_sample,5,200,0.5593995008848069,2.74,0.12
e3_exact_online,prior,2,20,bayes_sample,6,200,0.6302463023190094,3.285,0.12
e3_exact_online,prior,2,20,bayes_sample,7,200,0.7121502679506974,3.85,0.115
e3_exact_online,prior,2,20,bayes_sample,8,200,0.7785448738199513,4.425,0.14
e3_exact_online,prior,2,20,bayes_sample,9,200,0.8414058991855952,5.04,0.13
e3_exact_online,prior,2,20,bayes_sample,10,200,0.8912894861956309,5.665,0.095
e3_exact_online,prior,2,20,bayes_sample,11,200,0.9562728028418528,6.255,0.11
e3_exact_online,prior,2,20,bayes_sample,12,200,1.0183074969220234,6.835,0.13
e3_exact_online,prior,2,20,bayes_sample,13,200,1.0689608128103294,7.415,0.11
e3_exact_online,prior,2,20,bayes_sample,14,200,1.115408295768984,7.99,0.1
e3_exact_online,prior,2,20,bayes_sample,15,200,1.1561845059141214,8.55,0.085
e3_exact_online,prior,2,20,bayes_sample,16,200,1.1989671636214634,9.185,0.095
e3_exact_online,prior,2,20,bayes_sample,17,200,1.2388278347951056,9.8,0.085
e3_exact_online,prior,2,20,bayes_sample,18,200,1.2897111964423582,10.405,0.15
e3_exact_online,prior,2,20,bayes_sample,19,200,1.3259607191419485,10.99,0.085
e3_exact_online,prior,2,20,bayes_sample,20,200,1.3441671305354999,11.67,0.005
e3_exact_online,prior,2,20,bayes_ucb,1,200,0.16026318064826106,0.515,0.0
e3_exact_online,prior,2,20,bayes_ucb,2,200,0.23728788535153472,1.13,0.0
e3_exact_online,prior,2,20,bayes_ucb,3,200,0.3246199713867668,1.63,0.0
e3_exact_online,prior,2,20,bayes_ucb,4,200,0.38603886198280063,2.25,0.0
e3_exact_online,prior,2,20,bayes_ucb,5,200,0.4376639428819295,2.875,0.0
e3_exact_online,prior,2,20,bayes_ucb,6,200,0.48200542797519047,3.47,0.025
e3_exact_online,prior,2,20,bayes_ucb,7,200,0.529609659184787,4.045,0.04
e3_exact_online,prior,2,20,bayes_ucb,8,200,0.568305832113355,4.655,0.115
e3_exact_online,prior,2,20,bayes_ucb,9,200,0.6049490805109111,5.325,0.055
e3_exact_online,prior,2,20,bayes_ucb,10,200,0.6401428092255899,5.92,0.04
e3_exact_online,prior,2,20,bayes_ucb,11,200,0.6686054465737703,6.55,0.115
e3_exact_online,prior,2,20,bayes_ucb,12,200,0.7073398432965399,7.175,0.06
e3_exact_online,prior,2,20,bayes_ucb,13,200,0.7297604384497629,7.79,0.095
e3_exact_online,prior,2,20,bayes_ucb,14,200,0.7559567044843621,8.42,0.08
e3_exact_online,prior,2,20,bayes_ucb,15,200,0.7898564082556205,9.04,0.055
e3_exact_online,prior,2,20,bayes_ucb,16,200,0.8297175032655011,9.65,0.12
e3_exact_online,prior,2,20,bayes_ucb,17,200,0.8489355245781164,10.255,0.025
e3_exact_online,prior,2,20,bayes_ucb,18,200,0.8746327049280019,10.875,0.085
e3_exact_online,prior,2,20,bayes_ucb,19,200,0.8912063527265843,11.525,0.05
e3_exact_online,prior,2,20,bayes_ucb,20,200,0.9114588267564637,12.225,0.07
e3_exact_online,prior,2,20,counts_direct,1,200,0.15948094499342147,0.51,0.0
e3_exact_online,prior,2,20,counts_direct,2,200,0.2298112773167148,1.095,0.0
e3_exact_online,prior,2,20,counts_direct,3,200,0.3101718977725678,1.665,0.0
e3_exact_online,prior,2,20,counts_direct,4,200,0.3754300975909414,2.27,0.055
e3_exact_online,prior,2,20,counts_direct,5,200,0.43126892783953674,2.865,0.0
e3_exact_online,prior,2,20,counts_direct,6,200,0.4871864788341626,3.42,0.055
e3_exact_online,prior,2,20,counts_direct,7,200,0.5436021318560748,4.06,0.025
e3_exact_online,prior,2,20,counts_direct,8,200,0.5903879122066757,4.61,0.04
e3_exact_online,prior,2,20,counts_direct,9,200,0.6408876615958756,5.225,0.0
e3_exact_online,prior,2,20,counts_direct,10,200,0.6835133905526454,5.85,0.065
e3_exact_online,prior,2,20,counts_direct,11,200,0.7167904771978588,6.43,0.045
e3_exact_online,prior,2,20,counts_direct,12,200,0.7525503534975949,7.015,0.04
e3_exact_online,prior,2,20,counts_direct,13,200,0.7832586222633096,7.63,0.03
e3_exact_online,prior,2,20,counts_direct,14,200,0.8215643114171935,8.245,0.06
e3_exact_online,prior,2,20,counts_direct,15,200,0.8505984578883939,8.83,0.015
e3_exact_online,prior,2,20,counts_direct,16,200,0.8798919306682588,9.49,0.045
e3_exact_online,prior,2,20,counts_direct,17,200,0.9088775674006909,10.135,0.04
e3_exact_online,prior,2,20,counts_direct,18,200,0.9381902434801023,10.73,0.045
e3_exact_online,prior,2,20,counts_direct,19,200,0.9654461396385868,11.42,0.035
e3_exact_online,prior,2,20,counts_direct,20,200,0.9945707596416119,12.12,0.05
e3_exact_online,prior,2,20,counts_sample,1,200,0.1627794140339295,0.515,0.0
e3_exact_online,prior,2,20,counts_sample,2,200,0.28537400739109925,1.04,0.215
e3_exact_online,prior,2,20,counts_sample,3,200,0.3921330844457534,1.605,0.115
e3_exact_online,prior,2,20,counts_sample,4,200,0.4776229382155943,2.18,0.195
e3_exact_online,prior,2,20,counts_sample,5,200,0.5494302131116133,2.765,0.12
e3_exact_online,prior,2,20,counts_sample,6,200,0.6241940672962398,3.31,0.12
e3_exact_online,prior,2,20,counts_sample,7,200,0.7117543004276787,3.84,0.15
e3_exact_online,prior,2,20,counts_sample,8,200,0.7878381663911675,4.45,0.15
e3_exact_online,prior,2,20,counts_sample,9,200,0.8605656800143526,5.065,0.115
e3_exact_online,prior,2,20,counts_sample,10,200,0.9110849625002043,5.7,0.09
e3_exact_online,prior,2,20,counts_sample,11,200,0.9725993262954523,6.245,0.13
e3_exact_online,prior,2,20,counts_sample,12,200,1.0308600051467953,6.805,0.125
e3_exact_online,prior,2,20,counts_sample,13,200,1.0795496811608825,7.38,0.16
e3_exact_online,prior,2,20,counts_sample,14,200,1.1253259811872167,8.0,0.135
e3_exact_online,prior,2,20,counts_sample,15,200,1.1623949323475429,8.555,0.07
e3_exact_online,prior,2,20,counts_sample,16,200,1.2246028391271109,9.16,0.13
e3_exact_online,prior,2,20,counts_sample,17,200,1.267277485836427,9.81,0.09
e3_exact_online,prior,2,20,counts_sample,18,200,1.3068899402251952,10.42,0.085
e3_exact_online,prior,2,20,counts_sample,19,200,1.3521413723560745,11.06,0.105
e3_exact_online,prior,2,20,counts_sample,20,200,1.3692945642297343,11.735,0.025
e3_exact_online,prior,2,20,dp_direct,1,200,0.15948094499342147,0.51,0.0
e3_exact_online,prior,2,20,dp_direct,2,200,0.2298112773167148,1.095,0.0
e3_exact_online,prior,2,20,dp_direct,3,200,0.331539590326238,1.645,0.0
e3_exact_online,prior,2,20,dp_direct,4,200,0.4000738496605819,2.28,0.105
e3_exact_online,prior,2,20,dp_direct,5,200,0.45569691576763094,2.855,0.125
e3_exact_online,prior,2,20,dp_direct,6,200,0.5033877823626386,3.445,0.005
e3_exact_online,prior,2,20,dp_direct,7,200,0.5680941755602054,4.025,0.085
e3_exact_online,prior,2,20,dp_direct,8,200,0.6034837621205934,4.635,0.07
e3_exact_online,prior,2,20,dp_direct,9,200,0.6421422702890538,5.29,0.03
e3_exact_online,prior,2,20,dp_direct,10,200,0.6755688616261335,5.93,0.01
e3_exact_online,prior,2,20,dp_direct,11,200,0.696866044206363,6.54,0.085
e3_exact_online,prior,2,20,dp_direct,12,200,0.726537583181986,7.145,0.0
e3_exact_online,prior,2,20,dp_direct,13,200,0.7466567868965207,7.77,0.01
e3_exact_online,prior,2,20,dp_direct,14,200,0.7724231141990667,8.4,0.085
e3_exact_online,prior,2,20,dp_direct,15,200,0.796360782642665,9.02,0.01
e3_exact_online,prior,2,20,dp_direct,16,200,0.8179745204643768,9.64,0.005
e3_exact_online,prior,2,20,dp_direct,17,200,0.839620132327693,10.305,0.035
e3_exact_online,prior,2,20,dp_direct,18,200,0.8581424195185133,10.905,0.005
e3_exact_online,prior,2,20,dp_direct,19,200,0.8747562816264894,11.58,0.0
e3_exact_online,prior,2,20,dp_direct,20,200,0.8917361902585762,12.275,0.0
e3_exact_online,prior,2,20,exact,1,200,0.1764116515462243,0.52,0.0
e3_exact_online,prior,2,20,exact,2,200,0.25079069298124546,1.085,0.0
e3_exact_online,prior,2,20,exact,3,200,0.35049181397416335,1.625,0.0
e3_exact_online,prior,2,20,exact,4,200,0.4079698030997358,2.265,0.09
e3_exact_online,prior,2,20,exact,5,200,0.46451653706409246,2.85,0.11
e3_exact_online,prior,2,20,exact,6,200,0.5076394082551353,3.44,0.005
e3_exact_online,prior,2,20,exact,7,200,0.562612835988203,4.0,0.075
e3_exact_online,prior,2,20,exact,8,200,0.5938570161400171,4.655,0.085
e3_exact_online,prior,2,20,exact,9,200,0.6337319173085788,5.305,0.03
e3_exact_online,prior,2,20,exact,10,200,0.6631364326768399,5.945,0.0
e3_exact_online,prior,2,20,exact,11,200,0.6861230428463417,6.545,0.075
e3_exact_online,prior,2,20,exact,12,200,0.7147603732980928,7.17,0.0
e3_exact_online,prior,2,20,exact,13,200,0.7401930200872733,7.79,0.01
e3_exact_online,prior,2,20,exact,14,200,0.762284425018195,8.405,0.085
e3_exact_online,prior,2,20,exact,15,200,0.7855961619967775,9.045,0.005
e3_exact_online,prior,2,20,exact,16,200,0.8053923294346857,9.64,0.005
e3_exact_online,prior,2,20,exact,17,200,0.8266511269854964,10.325,0.045
e3_exact_online,prior,2,20,exact,18,200,0.8447588565747016,10.93,0.005
e3_exact_online,prior,2,20,exact,19,200,0.8624709671437343,11.605,0.0
e3_exact_online,prior,2,20,exact,20,200,0.8791479861547822,12.3,0.0
e3_exact_online,prior,2,20,finite_ap_index,1,200,0.16128058552154706,0.49,0.0
e3_exact_online,prior,2,20,finite_ap_index,2,200,0.23757076342407385,1.09,0.0
e3_exact_online,prior,2,20,finite_ap_index,3,200,0.3222765846672523,1.66,0.0
e3_exact_online,prior,2,20,finite_ap_index,4,200,0.3835441244225464,2.295,0.105
e3_exact_online,prior,2,20,finite_ap_index,5,200,0.43936395782365373,2.875,0.0
e3_exact_online,prior,2,20,finite_ap_index,6,200,0.482278605312375,3.44,0.005
e3_exact_online,prior,2,20,finite_ap_index,7,200,0.5273411344035872,4.06,0.03
e3_exact_online,prior,2,20,finite_ap_index,8,200,0.5754696750765548,4.68,0.105
e3_exact_online,prior,2,20,finite_ap_index,9,200,0.6075950722979103,5.35,0.0
e3_exact_online,prior,2,20,finite_ap_index,10,200,0.6431006330733848,5.96,0.02
e3_exact_online,prior,2,20,finite_ap_index,11,200,0.6645667945109737,6.57,0.065
e3_exact_online,prior,2,20,finite_ap_index,12,200,0.6935927081663078,7.14,0.005
e3_exact_online,prior,2,20,finite_ap_index,13,200,0.7178753847191648,7.785,0.005
e3_exact_online,prior,2,20,finite_ap_index,14,200,0.7434025187384902,8.39,0.08
e3_exact_online,prior,2,20,finite_ap_index,15,200,0.7665295629961958,9.02,0.015
e3_exact_online,prior,2,20,finite_ap_index,16,200,0.7914027853658183,9.635,0.01
e3_exact_online,prior,2,20,finite_ap_index,17,200,0.81407927724069,10.325,0.03
e3_exact_online,prior,2,20,finite_ap_index,18,200,0.8343186704206874,10.935,0.0
e3_exact_online,prior,2,20,finite_ap_index,19,200,0.8535696516450675,11.58,0.0
e3_exact_online,prior,2,20,finite_ap_index,20,200,0.8711276021732156,12.28,0.0
e3_exact_online,prior,2,20,greedy,1,200,0.14793351084468706,0.54,0.0
e3_exact_online,prior,2,20,greedy,2,200,0.22282591063202709,1.115,0.0
e3_exact_online,prior,2,20,greedy,3,200,0.3003611225845246,1.67,0.0
e3_exact_online,prior,2,20,greedy,4,200,0.34959512155498484,2.285,0.0
e3_exact_online,prior,2,20,greedy,5,200,0.3968411173213749,2.915,0.0
e3_exact_online,prior,2,20,greedy,6,200,0.43759790026043527,3.49,0.0
e3_exact_online,prior,2,20,greedy,7,200,0.4812209307210697,4.075,0.0
e3_exact_online,prior,2,20,greedy,8,200,0.5152958665346454,4.715,0.0
e3_exact_online,prior,2,20,greedy,9,200,0.549193494150943,5.325,0.0
e3_exact_online,prior,2,20,greedy,10,200,0.5788204442373358,5.985,0.0
e3_exact_online,prior,2,20,greedy,11,200,0.6042183790780759,6.565,0.0
e3_exact_online,prior,2,20,greedy,12,200,0.6302467769216611,7.195,0.0
e3_exact_online,prior,2,20,greedy,13,200,0.6501078311134836,7.82,0.0
e3_exact_online,prior,2,20,greedy,14,200,0.6696800256205172,8.425,0.0
e3_exact_online,prior,2,20,greedy,15,200,0.688474079411541,9.03,0.0
e3_exact_online,prior,2,20,greedy,16,200,0.704706168173976,9.67,0.0
e3_exact_online,prior,2,20,greedy,17,200,0.7272042142552099,10.345,0.0
e3_exact_online,prior,2,20,greedy,18,200,0.7453751704340289,10.935,0.0
e3_exact_online,prior,2,20,greedy,19,200,0.7613508022881406,11.64,0.0
e3_exact_online,prior,2,20,greedy,20,200,0.777841646308069,12.355,0.0
e3_exact_online,prior,2,20,ids,1,200,0.14588003181302683,0.505,0.0
e3_exact_online,prior,2,20,ids,2,200,0.22231227536241288,1.1,0.0
e3_exact_online,prior,2,20,ids,3,200,0.32424191279805475,1.66,0.0
e3_exact_online,prior,2,20,ids,4,200,0.384520509884022,2.285,0.055
e3_exact_online,prior,2,20,ids,5,200,0.44318480514559333,2.895,0.045
e3_exact_online,prior,2,20,ids,6,200,0.48752275436479986,3.475,0.025
e3_exact_online,prior,2,20,ids,7,200,0.5303598937263007,4.07,0.02
e3_exact_online,prior,2,20,ids,8,200,0.5786418949973854,4.69,0.1
e3_exact_online,prior,2,20,ids,9,200,0.6153535780527695,5.33,0.025
e3_exact_online,prior,2,20,ids,10,200,0.6580439080548673,5.935,0.06
e3_exact_online,prior,2,20,ids,11,200,0.6906792432557205,6.52,0.075
e3_exact_online,prior,2,20,ids,12,200,0.7199955910174198,7.125,0.035
e3_exact_online,prior,2,20,ids,13,200,0.7393844630620863,7.795,0.05
e3_exact_online,prior,2,20,ids,14,200,0.7724076669885583,8.405,0.085
e3_exact_online,prior,2,20,ids,15,200,0.7927745998645925,9.035,0.055
e3_exact_online,prior,2,20,ids,16,200,0.8212715650930862,9.635,0.065
e3_exact_online,prior,2,20,ids,17,200,0.8475140720972918,10.285,0.06
e3_exact_online,prior,2,20,ids,18,200,0.8640245940154239,10.935,0.035
e3_exact_online,prior,2,20,ids,19,200,0.8844610233902896,11.605,0.06
e3_exact_online,prior,2,20,ids,20,200,0.9027111365132118,12.265,0.045
e3_exact_online,prior,2,20,knowledge_gradient,1,200,0.1978733621946126,0.475,0.0
e3_exact_online,prior,2,20,knowledge_gradient,2,200,0.2804739369742087,1.07,0.0
e3_exact_online,prior,2,20,knowledge_gradient,3,200,0.3731663973321767,1.6,0.0
e3_exact_online,prior,2,20,knowledge_gradient,4,200,0.4514658769140387,2.22,0.28
e3_exact_online,prior,2,20,knowledge_gradient,5,200,0.5122324183991208,2.79,0.16
e3_exact_online,prior,2,20,knowledge_gradient,6,200,0.5613970101864738,3.375,0.085
e3_exact_online,prior,2,20,knowledge_gradient,7,200,0.6230233639500556,3.94,0.16
e3_exact_online,prior,2,20,knowledge_gradient,8,200,0.6628977327417637,4.625,0.07
e3_exact_online,prior,2,20,knowledge_gradient,9,200,0.7021798624956844,5.26,0.155
e3_exact_online,prior,2,20,knowledge_gradient,10,200,0.7349071595766793,5.87,0.05
e3_exact_online,prior,2,20,knowledge_gradient,11,200,0.7675059920546723,6.465,0.075
e3_exact_online,prior,2,20,knowledge_gradient,12,200,0.7929345290031479,7.065,0.06
e3_exact_online,prior,2,20,knowledge_gradient,13,200,0.821360674695264,7.745,0.08
e3_exact_online,prior,2,20,knowledge_gradient,14,200,0.8449753621460998,8.335,0.03
e3_exact_online,prior,2,20,knowledge_gradient,15,200,0.8676628841152378,8.975,0.075
e3_exact_online,prior,2,20,knowledge_gradient,16,200,0.8847009708440183,9.575,0.025
e3_exact_online,prior,2,20,knowledge_gradient,17,200,0.8980124013609802,10.235,0.015
e3_exact_online,prior,2,20,knowledge_gradient,18,200,0.9159691660618031,10.845,0.015
e3_exact_online,prior,2,20,knowledge_gradient,19,200,0.9304614684849475,11.495,0.0
e3_exact_online,prior,2,20,knowledge_gradient,20,200,0.9453189222755646,12.2,0.0
e3_exact_online,prior,2,20,random,1,200,0.1520112946851736,0.515,0.0
e3_exact_online,prior,2,20,random,2,200,0.3281149198553804,0.995,0.48
e3_exact_online,prior,2,20,random,3,200,0.4990247931770845,1.48,0.285
e3_exact_online,prior,2,20,random,4,200,0.6934302808965853,1.915,0.58
e3_exact_online,prior,2,20,random,5,200,0.844342621696906,2.355,0.375
e3_exact_online,prior,2,20,random,6,200,1.0000672256975545,2.89,0.435
e3_exact_online,prior,2,20,random,7,200,1.1712851409961482,3.39,0.45
e3_exact_online,prior,2,20,random,8,200,1.348067743248034,3.895,0.45
e3_exact_online,prior,2,20,random,9,200,1.509432702427219,4.44,0.435
e3_exact_online,prior,2,20,random,10,200,1.6954572526628033,4.895,0.575
e3_exact_online,prior,2,20,random,11,200,1.8720278562145598,5.305,0.44
e3_exact_online,prior,2,20,random,12,200,2.053363808084038,5.79,0.49
e3_exact_online,prior,2,20,random,13,200,2.228250349133331,6.325,0.5
e3_exact_online,prior,2,20,random,14,200,2.4248699638568074,6.765,0.56
e3_exact_online,prior,2,20,random,15,200,2.5886892298968287,7.23,0.485
e3_exact_online,prior,2,20,random,16,200,2.761571518402256,7.695,0.48
e3_exact_online,prior,2,20,random,17,200,2.9361263029402824,8.185,0.48
e3_exact_online,prior,2,20,random,18,200,3.07874241507306,8.73,0.43
e3_exact_online,prior,2,20,random,19,200,3.247134286586778,9.21,0.495
e3_exact_online,prior,2,20,random,20,200,3.4190960535777175,9.7,0.495
e3_exact_online,prior,2,20,ts,1,200,0.1709286384141569,0.495,0.0
e3_exact_online,prior,2,20,ts,2,200,0.3234934089629389,1.04,0.305
e3_exact_online,prior,2,20,ts,3,200,0.4358232160589434,1.57,0.085
e3_exact_online,prior,2,20,ts,4,200,0.5528661074182991,2.13,0.32
e3_exact_online,prior,2,20,ts,5,200,0.6615805290930442,2.675,0.245
e3_exact_online,prior,2,20,ts,6,200,0.7220581202127011,3.26,0.175
e3_exact_online,prior,2,20,ts,7,200,0.7993462000986193,3.86,0.19
e3_exact_online,prior,2,20,ts,8,200,0.8805803592221045,4.385,0.28
e3_exact_online,prior,2,20,ts,9,200,0.940330795218337,4.985,0.16
e3_exact_online,prior,2,20,ts,10,200,1.0034939024189802,5.585,0.195
e3_exact_online,prior,2,20,ts,11,200,1.0671211597409005,6.195,0.2
e3_exact_online,prior,2,20,ts,12,200,1.1167730885867235,6.78,0.19
e3_exact_online,prior,2,20,ts,13,200,1.1622729002128727,7.395,0.17
e3_exact_online,prior,2,20,ts,14,200,1.2136878672726334,7.94,0.185
e3_exact_online,prior,2,20,ts,15,200,1.2601481211781396,8.565,0.155
e3_exact_online,prior,2,20,ts,16,200,1.301044427053542,9.18,0.14
e3_exact_online,prior,2,20,ts,17,200,1.3434706909486411,9.75,0.115
e3_exact_online,prior,2,20,ts,18,200,1.3841016365207046,10.315,0.105
e3_exact_online,prior,2,20,ts,19,200,1.4243190930284746,10.935,0.11
e3_exact_online,prior,2,20,ts,20,200,1.4557073421677407,11.605,0.135
e3_exact_online,prior,2,20,ucb1,1,200,0.16050623816005044,0.565,0.0
e3_exact_online,prior,2,20,ucb1,2,200,0.34363736031946424,1.015,0.565
e3_exact_online,prior,2,20,ucb1,3,200,0.4151409772359543,1.605,0.0
e3_exact_online,prior,2,20,ucb1,4,200,0.48773820916910277,2.205,0.17
e3_exact_online,prior,2,20,ucb1,5,200,0.6242146020948701,2.69,0.355
e3_exact_online,prior,2,20,ucb1,6,200,0.694334382701242,3.27,0.235
e3_exact_online,prior,2,20,ucb1,7,200,0.8503285555715843,3.735,0.335
e3_exact_online,prior,2,20,ucb1,8,200,0.9446930417956442,4.28,0.31
e3_exact_online,prior,2,20,ucb1,9,200,1.0025300685749758,4.86,0.18
e3_exact_online,prior,2,20,ucb1,10,200,1.081491853649584,5.435,0.265
e3_exact_online,prior,2,20,ucb1,11,200,1.177448791454607,6.01,0.285
e3_exact_online,prior,2,20,ucb1,12,200,1.2402076015230146,6.575,0.21
e3_exact_online,prior,2,20,ucb1,13,200,1.2980579972166577,7.23,0.205
e3_exact_online,prior,2,20,ucb1,14,200,1.381246828968823,7.8,0.305
e3_exact_online,prior,2,20,ucb1,15,200,1.4858913265313305,8.365,0.32
e3_exact_online,prior,2,20,ucb1,16,200,1.6080202676032693,8.93,0.38
e3_exact_online,prior,2,20,ucb1,17,200,1.6781660813963484,9.47,0.175
e3_exact_online,prior,2,20,ucb1,18,200,1.7332592497733694,10.045,0.24
e3_exact_online,prior,2,20,ucb1,19,200,1.79285632523965,10.64,0.2
e3_exact_online,prior,2,20,ucb1,20,200,1.8431748372086185,11.255,0.24
pilot,clear,2,20,bayes_direct,1,3,0.0,1.0,0.0
pilot,clear,2,20,bayes_direct,2,3,0.0,1.6666666666666667,0.0
pilot,clear,2,20,bayes_direct,3,3,0.13333333333333333,2.3333333333333335,0.0
pilot,clear,2,20,bayes_direct,4,3,0.13333333333333333,3.0,0.0
pilot,clear,2,20,bayes_direct,5,3,0.13333333333333333,3.6666666666666665,0.0
pilot,clear,2,20,bayes_direct,6,3,0.13333333333333333,4.666666666666667,0.0
pilot,clear,2,20,bayes_direct,7,3,0.13333333333333333,5.0,0.0
pilot,clear,2,20,bayes_direct,8,3,0.13333333333333333,5.666666666666667,0.0
pilot,clear,2,20,bayes_direct,9,3,0.13333333333333333,6.666666666666667,0.0
pilot,clear,2,20,bayes_direct,10,3,0.13333333333333333,7.666666666666667,0.0
pilot,clear,2,20,bayes_direct,11,3,0.13333333333333333,8.0,0.0
pilot,clear,2,20,bayes_direct,12,3,0.13333333333333333,8.0,0.0
pilot,clear,2,20,bayes_direct,13,3,0.13333333333333333,8.666666666666666,0.0
pilot,clear,2,20,bayes_direct,14,3,0.13333333333333333,9.333333333333334,0.0
pilot,clear,2,20,bayes_direct,15,3,0.13333333333333333,9.666666666666666,0.0
pilot,clear,2,20,bayes_direct,16,3,0.13333333333333333,10.0,0.0
pilot,clear,2,20,bayes_direct,17,3,0.13333333333333333,10.666666666666666,0.0
pilot,clear,2,20,bayes_direct,18,3,0.13333333333333333,11.0,0.0
pilot,clear,2,20,bayes_direct,19,3,0.13333333333333333,11.333333333333334,0.0
pilot,clear,2,20,bayes_direct,20,3,0.13333333333333333,12.333333333333334,0.0
pilot,clear,2,20,bayes_sample,1,3,0.0,1.0,0.0
pilot,clear,2,20,bayes_sample,2,3,0.0,1.6666666666666667,0.0
pilot,clear,2,20,bayes_sample,3,3,0.26666666666666666,2.0,0.3333333333333333
pilot,clear,2,20,bayes_sample,4,3,0.39999999999999997,2.6666666666666665,0.3333333333333333
pilot,clear,2,20,bayes_sample,5,3,0.5333333333333333,3.0,0.3333333333333333
pilot,clear,2,20,bayes_sample,6,3,0.5333333333333333,3.6666666666666665,0.0
pilot,clear,2,20,bayes_sample,7,3,0.5333333333333333,4.666666666666667,0.0
pilot,clear,2,20,bayes_sample,8,3,0.6666666666666666,5.0,0.3333333333333333
pilot,clear,2,20,bayes_sample,9,3,0.7999999999999999,5.333333333333333,0.3333333333333333
pilot,clear,2,20,bayes_sample,10,3,0.7999999999999999,6.0,0.0
pilot,clear,2,20,bayes_sample,11,3,0.7999999999999999,7.0,0.0
pilot,clear,2,20,bayes_sample,12,3,0.9333333333333332,7.666666666666667,0.3333333333333333
pilot,clear,2,20,bayes_sample,13,3,0.9333333333333332,8.0,0.0
pilot,clear,2,20,bayes_sample,14,3,0.9333333333333332,8.333333333333334,0.0
pilot,clear,2,20,bayes_sample,15,3,0.9333333333333332,8.333333333333334,0.0
pilot,clear,2,20,bayes_sample,16,3,0.9333333333333332,9.0,0.0
pilot,clear,2,20,bayes_sample,17,3,0.9333333333333332,10.0,0.0
pilot,clear,2,20,bayes_sample,18,3,0.9333333333333332,10.333333333333334,0.0
pilot,clear,2,20,bayes_sample,19,3,1.0666666666666667,10.333333333333334,0.3333333333333333
pilot,clear,2,20,bayes_sample,20,3,1.0666666666666667,11.0,0.0
pilot,clear,2,20,bayes_ucb,1,3,0.26666666666666666,0.3333333333333333,0.0
pilot,clear,2,20,bayes_ucb,2,3,0.26666666666666666,1.3333333333333333,0.0
pilot,clear,2,20,bayes_ucb,3,3,0.26666666666666666,2.0,0.0
pilot,clear,2,20,bayes_ucb,4,3,0.26666666666666666,2.6666666666666665,0.0
pilot,clear,2,20,bayes_ucb,5,3,0.26666666666666666,3.3333333333333335,0.0
pilot,clear,2,20,bayes_ucb,6,3,0.26666666666666666,4.333333333333333,0.0
pilot,clear,2,20,bayes_ucb,7,3,0.26666666666666666,4.666666666666667,0.0
pilot,clear,2,20,bayes_ucb,8,3,0.39999999999999997,5.0,0.3333333333333333
pilot,clear,2,20,bayes_ucb,9,3,0.5333333333333333,5.666666666666667,0.3333333333333333
pilot,clear,2,20,bayes_ucb,10,3,0.5333333333333333,6.666666666666667,0.0
pilot,clear,2,20,bayes_ucb,11,3,0.5333333333333333,7.666666666666667,0.0
pilot,clear,2,20,bayes_ucb,12,3,0.5333333333333333,8.0,0.0
pilot,clear,2,20,bayes_ucb,13,3,0.5333333333333333,8.0,0.0
pilot,clear,2,20,bayes_ucb,14,3,0.5333333333333333,8.666666666666666,0.0
pilot,clear,2,20,bayes_ucb,15,3,0.5333333333333333,9.333333333333334,0.0
pilot,clear,2,20,bayes_ucb,16,3,0.5333333333333333,9.666666666666666,0.0
pilot,clear,2,20,bayes_ucb,17,3,0.5333333333333333,10.0,0.0
pilot,clear,2,20,bayes_ucb,18,3,0.5333333333333333,10.666666666666666,0.0
pilot,clear,2,20,bayes_ucb,19,3,0.6666666666666666,10.666666666666666,0.3333333333333333
pilot,clear,2,20,bayes_ucb,20,3,0.6666666666666666,11.333333333333334,0.0
pilot,clear,2,20,counts_direct,1,3,0.0,1.0,0.0
pilot,clear,2,20,counts_direct,2,3,0.0,1.6666666666666667,0.0
pilot,clear,2,20,counts_direct,3,3,0.0,2.3333333333333335,0.0
pilot,clear,2,20,counts_direct,4,3,0.0,3.3333333333333335,0.3333333333333333
pilot,clear,2,20,counts_direct,5,3,0.0,4.0,0.0
pilot,clear,2,20,counts_direct,6,3,0.0,4.666666666666667,0.0
pilot,clear,2,20,counts_direct,7,3,0.0,5.0,0.0
pilot,clear,2,20,counts_direct,8,3,0.0,6.0,0.3333333333333333
pilot,clear,2,20,counts_direct,9,3,0.0,7.0,0.0
pilot,clear,2,20,counts_direct,10,3,0.0,7.666666666666667,0.0
pilot,clear,2,20,counts_direct,11,3,0.0,8.0,0.0
pilot,clear,2,20,counts_direct,12,3,0.13333333333333333,8.0,0.0
pilot,clear,2,20,counts_direct,13,3,0.13333333333333333,8.666666666666666,0.0
pilot,clear,2,20,counts_direct,14,3,0.13333333333333333,9.333333333333334,0.0
pilot,clear,2,20,counts_direct,15,3,0.13333333333333333,9.666666666666666,0.0
pilot,clear,2,20,counts_direct,16,3,0.13333333333333333,10.0,0.0
pilot,clear,2,20,counts_direct,17,3,0.13333333333333333,10.666666666666666,0.0
pilot,clear,2,20,counts_direct,18,3,0.13333333333333333,11.0,0.0
pilot,clear,2,20,counts_direct,19,3,0.13333333333333333,11.333333333333334,0.0
pilot,clear,2,20,counts_direct,20,3,0.13333333333333333,12.333333333333334,0.0
pilot,clear,2,20,counts_sample,1,3,0.0,1.0,0.0
pilot,clear,2,20,counts_sample,2,3,0.0,1.6666666666666667,0.0
pilot,clear,2,20,counts_sample,3,3,0.0,2.3333333333333335,0.0
pilot,clear,2,20,counts_sample,4,3,0.0,3.3333333333333335,0.3333333333333333
pilot,clear,2,20,counts_sample,5,3,0.0,4.0,0.0
pilot,clear,2,20,counts_sample,6,3,0.0,4.666666666666667,0.0
pilot,clear,2,20,counts_sample,7,3,0.13333333333333333,5.0,0.0
pilot,clear,2,20,counts_sample,8,3,0.13333333333333333,5.666666666666667,0.0
pilot,clear,2,20,counts_sample,9,3,0.13333333333333333,6.666666666666667,0.0
pilot,clear,2,20,counts_sample,10,3,0.13333333333333333,7.666666666666667,0.0
pilot,clear,2,20,counts_sample,11,3,0.26666666666666666,8.0,0.3333333333333333
pilot,clear,2,20,counts_sample,12,3,0.26666666666666666,8.0,0.0
pilot,clear,2,20,counts_sample,13,3,0.26666666666666666,8.333333333333334,0.0
pilot,clear,2,20,counts_sample,14,3,0.5333333333333333,8.666666666666666,0.6666666666666666
pilot,clear,2,20,counts_sample,15,3,0.5333333333333333,9.333333333333334,0.0
pilot,clear,2,20,counts_sample,16,3,0.5333333333333333,9.666666666666666,0.0
pilot,clear,2,20,counts_sample,17,3,0.5333333333333333,10.0,0.0
pilot,clear,2,20,counts_sample,18,3,0.5333333333333333,10.666666666666666,0.0
pilot,clear,2,20,counts_sample,19,3,0.5333333333333333,11.0,0.0
pilot,clear,2,20,counts_sample,20,3,0.5333333333333333,11.333333333333334,0.0
pilot,clear,2,20,greedy,1,3,0.13333333333333333,0.6666666666666666,0.0
pilot,clear,2,20,greedy,2,3,0.13333333333333333,1.6666666666666667,0.0
pilot,clear,2,20,greedy,3,3,0.13333333333333333,2.3333333333333335,0.0
pilot,clear,2,20,greedy,4,3,0.13333333333333333,3.0,0.0
pilot,clear,2,20,greedy,5,3,0.13333333333333333,3.6666666666666665,0.0
pilot,clear,2,20,greedy,6,3,0.13333333333333333,4.666666666666667,0.0
pilot,clear,2,20,greedy,7,3,0.13333333333333333,5.0,0.0
pilot,clear,2,20,greedy,8,3,0.13333333333333333,5.666666666666667,0.0
pilot,clear,2,20,greedy,9,3,0.13333333333333333,6.666666666666667,0.0
pilot,clear,2,20,greedy,10,3,0.13333333333333333,7.666666666666667,0.0
pilot,clear,2,20,greedy,11,3,0.13333333333333333,8.0,0.0
pilot,clear,2,20,greedy,12,3,0.13333333333333333,8.0,0.0
pilot,clear,2,20,greedy,13,3,0.13333333333333333,8.666666666666666,0.0
pilot,clear,2,20,greedy,14,3,0.13333333333333333,9.333333333333334,0.0
pilot,clear,2,20,greedy,15,3,0.13333333333333333,9.666666666666666,0.0
pilot,clear,2,20,greedy,16,3,0.13333333333333333,10.0,0.0
pilot,clear,2,20,greedy,17,3,0.13333333333333333,10.666666666666666,0.0
pilot,clear,2,20,greedy,18,3,0.13333333333333333,11.0,0.0
pilot,clear,2,20,greedy,19,3,0.13333333333333333,11.333333333333334,0.0
pilot,clear,2,20,greedy,20,3,0.13333333333333333,12.333333333333334,0.0
pilot,clear,2,20,ids,1,3,0.39999999999999997,0.0,0.0
pilot,clear,2,20,ids,2,3,0.39999999999999997,1.0,0.0
pilot,clear,2,20,ids,3,3,0.39999999999999997,1.6666666666666667,0.0
pilot,clear,2,20,ids,4,3,0.39999999999999997,2.3333333333333335,0.0
pilot,clear,2,20,ids,5,3,0.5333333333333333,3.0,0.3333333333333333
pilot,clear,2,20,ids,6,3,0.5333333333333333,3.6666666666666665,0.0
pilot,clear,2,20,ids,7,3,0.5333333333333333,4.666666666666667,0.0
pilot,clear,2,20,ids,8,3,0.5333333333333333,5.0,0.0
pilot,clear,2,20,ids,9,3,0.5333333333333333,5.666666666666667,0.0
pilot,clear,2,20,ids,10,3,0.5333333333333333,6.666666666666667,0.0
pilot,clear,2,20,ids,11,3,0.5333333333333333,7.666666666666667,0.0
pilot,clear,2,20,ids,12,3,0.5333333333333333,8.0,0.0
pilot,clear,2,20,ids,13,3,0.5333333333333333,8.0,0.0
pilot,clear,2,20,ids,14,3,0.5333333333333333,8.666666666666666,0.0
pilot,clear,2,20,ids,15,3,0.5333333333333333,9.333333333333334,0.0
pilot,clear,2,20,ids,16,3,0.5333333333333333,9.666666666666666,0.0
pilot,clear,2,20,ids,17,3,0.5333333333333333,10.0,0.0
pilot,clear,2,20,ids,18,3,0.5333333333333333,10.666666666666666,0.0
pilot,clear,2,20,ids,19,3,0.5333333333333333,11.0,0.0
pilot,clear,2,20,ids,20,3,0.5333333333333333,11.333333333333334,0.0
pilot,clear,2,20,knowledge_gradient,1,3,0.26666666666666666,0.3333333333333333,0.0
pilot,clear,2,20,knowledge_gradient,2,3,0.26666666666666666,1.3333333333333333,0.0
pilot,clear,2,20,knowledge_gradient,3,3,0.26666666666666666,2.0,0.0
pilot,clear,2,20,knowledge_gradient,4,3,0.26666666666666666,2.6666666666666665,0.0
pilot,clear,2,20,knowledge_gradient,5,3,0.39999999999999997,3.0,0.3333333333333333
pilot,clear,2,20,knowledge_gradient,6,3,0.39999999999999997,4.0,0.0
pilot,clear,2,20,knowledge_gradient,7,3,0.39999999999999997,4.666666666666667,0.0
pilot,clear,2,20,knowledge_gradient,8,3,0.39999999999999997,5.333333333333333,0.0
pilot,clear,2,20,knowledge_gradient,9,3,0.39999999999999997,6.0,0.0
pilot,clear,2,20,knowledge_gradient,10,3,0.39999999999999997,7.0,0.0
pilot,clear,2,20,knowledge_gradient,11,3,0.39999999999999997,7.666666666666667,0.0
pilot,clear,2,20,knowledge_gradient,12,3,0.39999999999999997,8.0,0.0
pilot,clear,2,20,knowledge_gradient,13,3,0.39999999999999997,8.333333333333334,0.0
pilot,clear,2,20,knowledge_gradient,14,3,0.39999999999999997,9.0,0.0
pilot,clear,2,20,knowledge_gradient,15,3,0.39999999999999997,9.333333333333334,0.0
pilot,clear,2,20,knowledge_gradient,16,3,0.39999999999999997,9.666666666666666,0.0
pilot,clear,2,20,knowledge_gradient,17,3,0.39999999999999997,10.0,0.0
pilot,clear,2,20,knowledge_gradient,18,3,0.5333333333333333,10.666666666666666,0.3333333333333333
pilot,clear,2,20,knowledge_gradient,19,3,0.5333333333333333,11.0,0.0
pilot,clear,2,20,knowledge_gradient,20,3,0.5333333333333333,11.333333333333334,0.0
pilot,clear,2,20,random,1,3,0.26666666666666666,0.3333333333333333,0.0
pilot,clear,2,20,random,2,3,0.6666666666666666,0.3333333333333333,1.0
pilot,clear,2,20,random,3,3,0.9333333333333332,0.6666666666666666,0.6666666666666666
pilot,clear,2,20,random,4,3,1.2,1.0,0.6666666666666666
pilot,clear,2,20,random,5,3,1.5999999999999999,1.3333333333333333,1.0
pilot,clear,2,20,random,6,3,1.8666666666666665,1.6666666666666667,0.6666666666666666
pilot,clear,2,20,random,7,3,2.1333333333333333,2.0,0.6666666666666666
pilot,clear,2,20,random,8,3,2.533333333333333,2.3333333333333335,1.0
pilot,clear,2,20,random,9,3,2.6666666666666665,3.3333333333333335,0.3333333333333333
pilot,clear,2,20,random,10,3,2.8000000000000003,4.0,0.3333333333333333
pilot,clear,2,20,random,11,3,2.8000000000000003,4.333333333333333,0.0
pilot,clear,2,20,random,12,3,2.933333333333333,5.333333333333333,0.3333333333333333
pilot,clear,2,20,random,13,3,2.933333333333333,5.666666666666667,0.0
pilot,clear,2,20,random,14,3,3.3333333333333335,6.0,1.0
pilot,clear,2,20,random,15,3,3.5999999999999996,6.333333333333333,0.6666666666666666
pilot,clear,2,20,random,16,3,3.733333333333333,7.333333333333333,0.3333333333333333
pilot,clear,2,20,random,17,3,3.9999999999999996,7.333333333333333,0.6666666666666666
pilot,clear,2,20,random,18,3,4.266666666666667,7.333333333333333,0.6666666666666666
pilot,clear,2,20,random,19,3,4.533333333333332,8.333333333333334,0.6666666666666666
pilot,clear,2,20,random,20,3,4.8,9.0,0.6666666666666666
pilot,clear,2,20,ts,1,3,0.26666666666666666,0.3333333333333333,0.0
pilot,clear,2,20,ts,2,3,0.5333333333333333,0.6666666666666666,0.6666666666666666
pilot,clear,2,20,ts,3,3,0.5333333333333333,1.3333333333333333,0.0
pilot,clear,2,20,ts,4,3,0.6666666666666666,2.0,0.3333333333333333
pilot,clear,2,20,ts,5,3,0.6666666666666666,2.6666666666666665,0.0
pilot,clear,2,20,ts,6,3,0.9333333333333332,3.0,0.6666666666666666
pilot,clear,2,20,ts,7,3,0.9333333333333332,3.6666666666666665,0.0
pilot,clear,2,20,ts,8,3,0.9333333333333332,4.666666666666667,0.0
pilot,clear,2,20,ts,9,3,0.9333333333333332,5.0,0.0
pilot,clear,2,20,ts,10,3,0.9333333333333332,5.666666666666667,0.0
pilot,clear,2,20,ts,11,3,0.9333333333333332,6.666666666666667,0.0
pilot,clear,2,20,ts,12,3,0.9333333333333332,7.666666666666667,0.0
pilot,clear,2,20,ts,13,3,0.9333333333333332,8.0,0.0
pilot,clear,2,20,ts,14,3,0.9333333333333332,8.0,0.0
pilot,clear,2,20,ts,15,3,0.9333333333333332,8.666666666666666,0.0
pilot,clear,2,20,ts,16,3,1.0666666666666667,9.0,0.3333333333333333
pilot,clear,2,20,ts,17,3,1.0666666666666667,9.666666666666666,0.0
pilot,clear,2,20,ts,18,3,1.0666666666666667,10.0,0.0
pilot,clear,2,20,ts,19,3,1.2,10.333333333333334,0.3333333333333333
pilot,clear,2,20,ts,20,3,1.2,10.666666666666666,0.0
pilot,clear,2,20,ucb1,1,3,0.26666666666666666,0.3333333333333333,0.0
pilot,clear,2,20,ucb1,2,3,0.39999999999999997,1.0,0.3333333333333333
pilot,clear,2,20,ucb1,3,3,0.39999999999999997,1.6666666666666667,0.0
pilot,clear,2,20,ucb1,4,3,0.39999999999999997,2.3333333333333335,0.0
pilot,clear,2,20,ucb1,5,3,0.5333333333333333,3.0,0.3333333333333333
pilot,clear,2,20,ucb1,6,3,0.5333333333333333,3.6666666666666665,0.0
pilot,clear,2,20,ucb1,7,3,0.7999999999999999,4.0,0.6666666666666666
pilot,clear,2,20,ucb1,8,3,0.7999999999999999,4.666666666666667,0.0
pilot,clear,2,20,ucb1,9,3,0.9333333333333332,5.0,0.3333333333333333
pilot,clear,2,20,ucb1,10,3,0.9333333333333332,5.666666666666667,0.0
pilot,clear,2,20,ucb1,11,3,1.2,6.0,0.6666666666666666
pilot,clear,2,20,ucb1,12,3,1.2,7.0,0.0
pilot,clear,2,20,ucb1,13,3,1.2,8.0,0.0
pilot,clear,2,20,ucb1,14,3,1.2,8.0,0.0
pilot,clear,2,20,ucb1,15,3,1.3333333333333333,8.0,0.3333333333333333
pilot,clear,2,20,ucb1,16,3,1.5999999999999999,8.666666666666666,0.6666666666666666
pilot,clear,2,20,ucb1,17,3,1.7333333333333334,9.0,0.3333333333333333
pilot,clear,2,20,ucb1,18,3,1.7333333333333334,9.333333333333334,0.0
pilot,clear,2,20,ucb1,19,3,1.8666666666666665,9.666666666666666,0.3333333333333333
pilot,clear,2,20,ucb1,20,3,1.8666666666666665,10.333333333333334,0.0
pilot,clear,5,20,bayes_direct,1,3,0.26666666666666666,0.3333333333333333,0.0
pilot,clear,5,20,bayes_direct,2,3,0.5333333333333333,1.0,0.0
pilot,clear,5,20,bayes_direct,3,3,0.9333333333333332,1.3333333333333333,0.0
pilot,clear,5,20,bayes_direct,4,3,1.3333333333333333,1.6666666666666667,0.0
pilot,clear,5,20,bayes_direct,5,3,1.7333333333333332,1.6666666666666667,0.6666666666666666
pilot,clear,5,20,bayes_direct,6,3,2.1333333333333333,2.0,0.0
pilot,clear,5,20,bayes_direct,7,3,2.4,2.6666666666666665,0.0
pilot,clear,5,20,bayes_direct,8,3,2.6666666666666665,3.0,0.0
pilot,clear,5,20,bayes_direct,9,3,2.8000000000000003,3.6666666666666665,0.0
pilot,clear,5,20,bayes_direct,10,3,2.933333333333333,4.333333333333333,0.0
pilot,clear,5,20,bayes_direct,11,3,3.0666666666666664,4.666666666666667,0.0
pilot,clear,5,20,bayes_direct,12,3,3.1999999999999997,5.0,0.0
pilot,clear,5,20,bayes_direct,13,3,3.3333333333333335,5.666666666666667,0.3333333333333333
pilot,clear,5,20,bayes_direct,14,3,3.6,6.0,0.0
pilot,clear,5,20,bayes_direct,15,3,3.866666666666667,6.666666666666667,0.3333333333333333
pilot,clear,5,20,bayes_direct,16,3,4.133333333333334,7.0,0.0
pilot,clear,5,20,bayes_direct,17,3,4.2666666666666675,7.333333333333333,0.3333333333333333
pilot,clear,5,20,bayes_direct,18,3,4.4,7.666666666666667,0.3333333333333333
pilot,clear,5,20,bayes_direct,19,3,4.666666666666667,8.333333333333334,0.3333333333333333
pilot,clear,5,20,bayes_direct,20,3,4.800000000000001,8.333333333333334,0.3333333333333333
pilot,clear,5,20,bayes_sample,1,3,0.26666666666666666,0.3333333333333333,0.0
pilot,clear,5,20,bayes_sample,2,3,0.5333333333333333,1.0,0.0
pilot,clear,5,20,bayes_sample,3,3,0.9333333333333332,1.3333333333333333,0.0
pilot,clear,5,20,bayes_sample,4,3,1.3333333333333333,2.0,0.0
pilot,clear,5,20,bayes_sample,5,3,1.7333333333333332,2.3333333333333335,0.3333333333333333
pilot,clear,5,20,bayes_sample,6,3,2.1333333333333333,2.3333333333333335,0.6666666666666666
pilot,clear,5,20,bayes_sample,7,3,2.533333333333333,2.3333333333333335,0.3333333333333333
pilot,clear,5,20,bayes_sample,8,3,2.933333333333333,2.3333333333333335,0.3333333333333333
pilot,clear,5,20,bayes_sample,9,3,3.0666666666666664,3.0,0.3333333333333333
pilot,clear,5,20,bayes_sample,10,3,3.1999999999999997,3.6666666666666665,0.0
pilot,clear,5,20,bayes_sample,11,3,3.1999999999999997,4.666666666666667,0.0
pilot,clear,5,20,bayes_sample,12,3,3.1999999999999997,5.333333333333333,0.0
pilot,clear,5,20,bayes_sample,13,3,3.1999999999999997,5.666666666666667,0.0
pilot,clear,5,20,bayes_sample,14,3,3.1999999999999997,6.333333333333333,0.0
pilot,clear,5,20,bayes_sample,15,3,3.1999999999999997,7.0,0.0
pilot,clear,5,20,bayes_sample,16,3,3.1999999999999997,7.333333333333333,0.3333333333333333
pilot,clear,5,20,bayes_sample,17,3,3.4666666666666663,8.0,0.3333333333333333
pilot,clear,5,20,bayes_sample,18,3,3.5999999999999996,8.666666666666666,0.0
pilot,clear,5,20,bayes_sample,19,3,3.733333333333333,9.333333333333334,0.3333333333333333
pilot,clear,5,20,bayes_sample,20,3,3.866666666666666,10.0,0.0
pilot,clear,5,20,bayes_ucb,1,3,0.26666666666666666,0.6666666666666666,0.0
pilot,clear,5,20,bayes_ucb,2,3,0.5333333333333333,1.3333333333333333,0.0
pilot,clear,5,20,bayes_ucb,3,3,0.9333333333333332,1.3333333333333333,0.0
pilot,clear,5,20,bayes_ucb,4,3,1.3333333333333333,1.6666666666666667,0.0
pilot,clear,5,20,bayes_ucb,5,3,1.5999999999999999,2.3333333333333335,0.0
pilot,clear,5,20,bayes_ucb,6,3,1.7333333333333332,3.3333333333333335,0.0
pilot,clear,5,20,bayes_ucb,7,3,1.8666666666666665,4.0,0.0
pilot,clear,5,20,bayes_ucb,8,3,2.0,4.666666666666667,0.3333333333333333
pilot,clear,5,20,bayes_ucb,9,3,2.1333333333333333,4.666666666666667,0.0
pilot,clear,5,20,bayes_ucb,10,3,2.2666666666666666,5.333333333333333,0.3333333333333333
pilot,clear,5,20,bayes_ucb,11,3,2.2666666666666666,6.0,0.0
pilot,clear,5,20,bayes_ucb,12,3,2.4,6.666666666666667,0.3333333333333333
pilot,clear,5,20,bayes_ucb,13,3,2.533333333333333,7.333333333333333,0.3333333333333333
pilot,clear,5,20,bayes_ucb,14,3,2.533333333333333,8.0,0.0
pilot,clear,5,20,bayes_ucb,15,3,2.533333333333333,8.333333333333334,0.0
pilot,clear,5,20,bayes_ucb,16,3,2.6666666666666665,9.0,0.3333333333333333
pilot,clear,5,20,bayes_ucb,17,3,2.7999999999999994,9.333333333333334,0.3333333333333333
pilot,clear,5,20,bayes_ucb,18,3,3.0666666666666664,9.666666666666666,0.6666666666666666
pilot,clear,5,20,bayes_ucb,19,3,3.3333333333333335,10.333333333333334,0.6666666666666666
pilot,clear,5,20,bayes_ucb,20,3,3.4666666666666663,10.666666666666666,0.3333333333333333
pilot,clear,5,20,counts_direct,1,3,0.26666666666666666,0.3333333333333333,0.0
pilot,clear,5,20,counts_direct,2,3,0.5333333333333333,1.0,0.0
pilot,clear,5,20,counts_direct,3,3,0.7999999999999999,1.3333333333333333,0.0
pilot,clear,5,20,counts_direct,4,3,1.0666666666666667,1.6666666666666667,0.0
pilot,clear,5,20,counts_direct,5,3,1.3333333333333333,2.0,0.6666666666666666
pilot,clear,5,20,counts_direct,6,3,1.5999999999999999,2.3333333333333335,0.3333333333333333
pilot,clear,5,20,counts_direct,7,3,1.8666666666666665,3.0,0.3333333333333333
pilot,clear,5,20,counts_direct,8,3,2.0,3.6666666666666665,0.0
pilot,clear,5,20,counts_direct,9,3,2.1333333333333333,4.333333333333333,0.0
pilot,clear,5,20,counts_direct,10,3,2.266666666666666,5.0,0.0
pilot,clear,5,20,counts_direct,11,3,2.4,5.666666666666667,0.0
pilot,clear,5,20,counts_direct,12,3,2.533333333333333,6.0,0.0
pilot,clear,5,20,counts_direct,13,3,2.6666666666666665,6.333333333333333,0.0
pilot,clear,5,20,counts_direct,14,3,2.9333333333333336,7.0,0.3333333333333333
pilot,clear,5,20,counts_direct,15,3,3.2000000000000006,7.333333333333333,0.0
pilot,clear,5,20,counts_direct,16,3,3.466666666666667,8.0,0.3333333333333333
pilot,clear,5,20,counts_direct,17,3,3.6,8.333333333333334,0.0
pilot,clear,5,20,counts_direct,18,3,3.733333333333334,8.333333333333334,0.3333333333333333
pilot,clear,5,20,counts_direct,19,3,3.866666666666667,8.666666666666666,0.3333333333333333
pilot,clear,5,20,counts_direct,20,3,4.000000000000001,9.333333333333334,0.6666666666666666
pilot,clear,5,20,counts_sample,1,3,0.26666666666666666,0.3333333333333333,0.0
pilot,clear,5,20,counts_sample,2,3,0.5333333333333333,0.6666666666666666,0.3333333333333333
pilot,clear,5,20,counts_sample,3,3,0.7999999999999999,1.3333333333333333,0.0
pilot,clear,5,20,counts_sample,4,3,1.0666666666666667,1.6666666666666667,0.0
pilot,clear,5,20,counts_sample,5,3,1.3333333333333333,2.3333333333333335,0.0
pilot,clear,5,20,counts_sample,6,3,1.5999999999999999,2.6666666666666665,0.6666666666666666
pilot,clear,5,20,counts_sample,7,3,1.7333333333333332,3.3333333333333335,0.6666666666666666
pilot,clear,5,20,counts_sample,8,3,2.0,4.0,0.3333333333333333
pilot,clear,5,20,counts_sample,9,3,2.1333333333333333,4.666666666666667,0.0
pilot,clear,5,20,counts_sample,10,3,2.1333333333333333,5.666666666666667,0.0
pilot,clear,5,20,counts_sample,11,3,2.1333333333333333,6.666666666666667,0.0
pilot,clear,5,20,counts_sample,12,3,2.1333333333333333,7.333333333333333,0.0
pilot,clear,5,20,counts_sample,13,3,2.266666666666666,7.666666666666667,0.3333333333333333
pilot,clear,5,20,counts_sample,14,3,2.4,8.0,0.3333333333333333
pilot,clear,5,20,counts_sample,15,3,2.4,8.666666666666666,0.3333333333333333
pilot,clear,5,20,counts_sample,16,3,2.6666666666666665,9.0,0.3333333333333333
pilot,clear,5,20,counts_sample,17,3,2.7999999999999994,9.666666666666666,0.3333333333333333
pilot,clear,5,20,counts_sample,18,3,3.0666666666666664,9.666666666666666,0.3333333333333333
pilot,clear,5,20,counts_sample,19,3,3.0666666666666664,10.333333333333334,0.0
pilot,clear,5,20,counts_sample,20,3,3.0666666666666664,11.0,0.0
pilot,clear,5,20,greedy,1,3,0.26666666666666666,0.3333333333333333,0.0
pilot,clear,5,20,greedy,2,3,0.5333333333333333,1.0,0.0
pilot,clear,5,20,greedy,3,3,0.6666666666666666,1.6666666666666667,0.0
pilot,clear,5,20,greedy,4,3,0.7999999999999999,2.0,0.0
pilot,clear,5,20,greedy,5,3,1.0666666666666667,2.3333333333333335,0.0
pilot,clear,5,20,greedy,6,3,1.2,2.6666666666666665,0.0
pilot,clear,5,20,greedy,7,3,1.4666666666666666,3.0,0.0
pilot,clear,5,20,greedy,8,3,1.5999999999999999,3.3333333333333335,0.0
pilot,clear,5,20,greedy,9,3,1.8666666666666665,4.0,0.0
pilot,clear,5,20,greedy,10,3,2.0,4.666666666666667,0.0
pilot,clear,5,20,greedy,11,3,2.1333333333333333,5.0,0.0
pilot,clear,5,20,greedy,12,3,2.2666666666666666,5.666666666666667,0.0
pilot,clear,5,20,greedy,13,3,2.4,6.666666666666667,0.0
pilot,clear,5,20,greedy,14,3,2.533333333333333,7.0,0.0
pilot,clear,5,20,greedy,15,3,2.6666666666666665,7.666666666666667,0.0
pilot,clear,5,20,greedy,16,3,2.6666666666666665,8.333333333333334,0.0
pilot,clear,5,20,greedy,17,3,2.7999999999999994,8.666666666666666,0.0
pilot,clear,5,20,greedy,18,3,2.933333333333333,9.333333333333334,0.0
pilot,clear,5,20,greedy,19,3,2.933333333333333,10.0,0.0
pilot,clear,5,20,greedy,20,3,2.933333333333333,10.666666666666666,0.0
pilot,clear,5,20,ids,1,3,0.39999999999999997,0.0,0.0
pilot,clear,5,20,ids,2,3,0.5333333333333333,0.6666666666666666,0.0
pilot,clear,5,20,ids,3,3,0.5333333333333333,1.3333333333333333,0.0
pilot,clear,5,20,ids,4,3,0.6666666666666666,2.0,0.0
pilot,clear,5,20,ids,5,3,0.7999999999999999,2.6666666666666665,0.0
pilot,clear,5,20,ids,6,3,0.9333333333333332,3.0,0.0
pilot,clear,5,20,ids,7,3,1.0666666666666667,3.6666666666666665,0.0
pilot,clear,5,20,ids,8,3,1.3333333333333333,4.333333333333333,0.3333333333333333
pilot,clear,5,20,ids,9,3,1.5999999999999999,4.666666666666667,0.0
pilot,clear,5,20,ids,10,3,1.7333333333333332,5.666666666666667,0.3333333333333333
pilot,clear,5,20,ids,11,3,1.8666666666666665,6.333333333333333,0.0
pilot,clear,5,20,ids,12,3,1.8666666666666665,7.0,0.0
pilot,clear,5,20,ids,13,3,2.0,7.666666666666667,0.0
pilot,clear,5,20,ids,14,3,2.1333333333333333,8.0,0.0
pilot,clear,5,20,ids,15,3,2.1333333333333333,8.0,0.0
pilot,clear,5,20,ids,16,3,2.266666666666666,8.666666666666666,0.3333333333333333
pilot,clear,5,20,ids,17,3,2.4,9.0,0.3333333333333333
pilot,clear,5,20,ids,18,3,2.533333333333333,9.666666666666666,0.3333333333333333
pilot,clear,5,20,ids,19,3,2.6666666666666665,10.333333333333334,0.3333333333333333
pilot,clear,5,20,ids,20,3,2.6666666666666665,11.0,0.0
pilot,clear,5,20,knowledge_gradient,1,3,0.26666666666666666,0.6666666666666666,0.0
pilot,clear,5,20,knowledge_gradient,2,3,0.5333333333333333,1.3333333333333333,0.0
pilot,clear,5,20,knowledge_gradient,3,3,0.7999999999999999,2.0,0.0
pilot,clear,5,20,knowledge_gradient,4,3,0.9333333333333332,2.6666666666666665,0.3333333333333333
pilot,clear,5,20,knowledge_gradient,5,3,1.0666666666666667,3.0,0.0
pilot,clear,5,20,knowledge_gradient,6,3,1.3333333333333333,3.3333333333333335,0.6666666666666666
pilot,clear,5,20,knowledge_gradient,7,3,1.4666666666666668,4.333333333333333,0.6666666666666666
pilot,clear,5,20,knowledge_gradient,8,3,1.5999999999999999,4.333333333333333,0.0
pilot,clear,5,20,knowledge_gradient,9,3,1.8666666666666665,4.666666666666667,0.3333333333333333
pilot,clear,5,20,knowledge_gradient,10,3,2.0,5.666666666666667,0.3333333333333333
pilot,clear,5,20,knowledge_gradient,11,3,2.1333333333333333,6.333333333333333,0.0
pilot,clear,5,20,knowledge_gradient,12,3,2.2666666666666666,7.0,0.3333333333333333
pilot,clear,5,20,knowledge_gradient,13,3,2.4,7.666666666666667,0.3333333333333333
pilot,clear,5,20,knowledge_gradient,14,3,2.4,8.333333333333334,0.0
pilot,clear,5,20,knowledge_gradient,15,3,2.4,8.666666666666666,0.0
pilot,clear,5,20,knowledge_gradient,16,3,2.533333333333333,9.0,0.3333333333333333
pilot,clear,5,20,knowledge_gradient,17,3,2.6666666666666665,9.333333333333334,0.3333333333333333
pilot,clear,5,20,knowledge_gradient,18,3,2.6666666666666665,10.0,0.0
pilot,clear,5,20,knowledge_gradient,19,3,2.6666666666666665,10.333333333333334,0.0
pilot,clear,5,20,knowledge_gradient,20,3,2.6666666666666665,11.0,0.0
pilot,clear,5,20,random,1,3,0.39999999999999997,1.0,0.0
pilot,clear,5,20,random,2,3,0.7999999999999999,1.3333333333333333,1.0
pilot,clear,5,20,random,3,3,1.2,1.3333333333333333,0.3333333333333333
pilot,clear,5,20,random,4,3,1.3333333333333333,2.0,0.6666666666666666
pilot,clear,5,20,random,5,3,1.7333333333333332,2.6666666666666665,0.6666666666666666
pilot,clear,5,20,random,6,3,1.8666666666666665,3.3333333333333335,0.3333333333333333
pilot,clear,5,20,random,7,3,2.1333333333333333,3.6666666666666665,0.6666666666666666
pilot,clear,5,20,random,8,3,2.266666666666666,4.333333333333333,0.6666666666666666
pilot,clear,5,20,random,9,3,2.533333333333333,4.333333333333333,0.6666666666666666
pilot,clear,5,20,random,10,3,2.933333333333333,4.666666666666667,1.0
pilot,clear,5,20,random,11,3,3.1999999999999997,4.666666666666667,0.6666666666666666
pilot,clear,5,20,random,12,3,3.5999999999999996,5.0,0.6666666666666666
pilot,clear,5,20,random,13,3,4.0,5.0,1.0
pilot,clear,5,20,random,14,3,4.133333333333333,5.333333333333333,0.6666666666666666
pilot,clear,5,20,random,15,3,4.533333333333332,5.666666666666667,1.0
pilot,clear,5,20,random,16,3,4.933333333333334,6.0,1.0
pilot,clear,5,20,random,17,3,5.333333333333333,6.0,0.6666666666666666
pilot,clear,5,20,random,18,3,5.733333333333334,6.666666666666667,1.0
pilot,clear,5,20,random,19,3,6.000000000000001,6.666666666666667,0.3333333333333333
pilot,clear,5,20,random,20,3,6.266666666666668,7.333333333333333,0.6666666666666666
pilot,clear,5,20,ts,1,3,0.26666666666666666,0.6666666666666666,0.0
pilot,clear,5,20,ts,2,3,0.5333333333333333,1.3333333333333333,0.3333333333333333
pilot,clear,5,20,ts,3,3,0.6666666666666666,2.3333333333333335,0.3333333333333333
pilot,clear,5,20,ts,4,3,0.7999999999999999,3.0,0.3333333333333333
pilot,clear,5,20,ts,5,3,1.0666666666666667,3.3333333333333335,1.0
pilot,clear,5,20,ts,6,3,1.4666666666666666,3.3333333333333335,0.6666666666666666
pilot,clear,5,20,ts,7,3,1.5999999999999999,4.0,0.6666666666666666
pilot,clear,5,20,ts,8,3,2.0,4.0,0.6666666666666666
pilot,clear,5,20,ts,9,3,2.4,4.0,0.3333333333333333
pilot,clear,5,20,ts,10,3,2.6666666666666665,4.666666666666667,0.3333333333333333
pilot,clear,5,20,ts,11,3,2.933333333333333,5.0,1.0
pilot,clear,5,20,ts,12,3,3.3333333333333335,5.333333333333333,1.0
pilot,clear,5,20,ts,13,3,3.5999999999999996,5.666666666666667,0.3333333333333333
pilot,clear,5,20,ts,14,3,3.733333333333333,6.333333333333333,0.3333333333333333
pilot,clear,5,20,ts,15,3,3.733333333333333,7.0,0.0
pilot,clear,5,20,ts,16,3,3.866666666666666,7.333333333333333,0.0
pilot,clear,5,20,ts,17,3,3.866666666666666,7.666666666666667,0.3333333333333333
pilot,clear,5,20,ts,18,3,3.9999999999999996,8.333333333333334,0.3333333333333333
pilot,clear,5,20,ts,19,3,4.133333333333333,9.0,0.0
pilot,clear,5,20,ts,20,3,4.266666666666667,9.666666666666666,0.3333333333333333
pilot,clear,5,20,ucb1,1,3,0.26666666666666666,0.6666666666666666,0.0
pilot,clear,5,20,ucb1,2,3,0.6666666666666666,0.6666666666666666,0.6666666666666666
pilot,clear,5,20,ucb1,3,3,1.0666666666666667,1.0,0.6666666666666666
pilot,clear,5,20,ucb1,4,3,1.3333333333333333,2.0,1.0
pilot,clear,5,20,ucb1,5,3,1.5999999999999999,2.6666666666666665,1.0
pilot,clear,5,20,ucb1,6,3,1.5999999999999999,3.3333333333333335,0.0
pilot,clear,5,20,ucb1,7,3,1.9999999999999998,4.0,0.6666666666666666
pilot,clear,5,20,ucb1,8,3,2.4,4.0,0.6666666666666666
pilot,clear,5,20,ucb1,9,3,2.6666666666666665,4.666666666666667,0.3333333333333333
pilot,clear,5,20,ucb1,10,3,2.7999999999999994,5.0,0.3333333333333333
pilot,clear,5,20,ucb1,11,3,3.0666666666666664,5.333333333333333,0.6666666666666666
pilot,clear,5,20,ucb1,12,3,3.4666666666666663,5.666666666666667,1.0
pilot,clear,5,20,ucb1,13,3,3.733333333333333,6.0,1.0
pilot,clear,5,20,ucb1,14,3,3.8666666666666667,6.333333333333333,0.3333333333333333
pilot,clear,5,20,ucb1,15,3,4.133333333333333,6.333333333333333,0.6666666666666666
pilot,clear,5,20,ucb1,16,3,4.3999999999999995,7.0,0.6666666666666666
pilot,clear,5,20,ucb1,17,3,4.666666666666667,7.333333333333333,0.6666666666666666
pilot,clear,5,20,ucb1,18,3,4.933333333333334,7.666666666666667,0.6666666666666666
pilot,clear,5,20,ucb1,19,3,5.066666666666666,8.333333333333334,0.3333333333333333
pilot,clear,5,20,ucb1,20,3,5.333333333333333,9.0,0.6666666666666666
pilot,clear,15,20,bayes_direct,1,3,0.26666666666666666,0.3333333333333333,0.0
pilot,clear,15,20,bayes_direct,2,3,0.5333333333333333,0.6666666666666666,0.0
pilot,clear,15,20,bayes_direct,3,3,0.9333333333333332,1.0,0.0
pilot,clear,15,20,bayes_direct,4,3,1.3333333333333333,1.0,0.0
pilot,clear,15,20,bayes_direct,5,3,1.7333333333333332,1.0,0.3333333333333333
pilot,clear,15,20,bayes_direct,6,3,2.1333333333333333,1.6666666666666667,0.0
pilot,clear,15,20,bayes_direct,7,3,2.4,2.0,0.0
pilot,clear,15,20,bayes_direct,8,3,2.7999999999999994,3.0,0.0
pilot,clear,15,20,bayes_direct,9,3,3.1999999999999997,3.3333333333333335,0.0
pilot,clear,15,20,bayes_direct,10,3,3.5999999999999996,4.0,0.0
pilot,clear,15,20,bayes_direct,11,3,4.0,4.666666666666667,0.0
pilot,clear,15,20,bayes_direct,12,3,4.3999999999999995,5.666666666666667,0.0
pilot,clear,15,20,bayes_direct,13,3,4.8,6.0,0.0
pilot,clear,15,20,bayes_direct,14,3,5.2,6.333333333333333,0.0
pilot,clear,15,20,bayes_direct,15,3,5.6000000000000005,7.0,0.0
pilot,clear,15,20,bayes_direct,16,3,6.000000000000001,7.666666666666667,0.0
pilot,clear,15,20,bayes_direct,17,3,6.400000000000001,8.333333333333334,0.3333333333333333
pilot,clear,15,20,bayes_direct,18,3,6.800000000000002,8.333333333333334,0.3333333333333333
pilot,clear,15,20,bayes_direct,19,3,7.200000000000002,9.0,0.3333333333333333
pilot,clear,15,20,bayes_direct,20,3,7.466666666666669,9.333333333333334,0.0
pilot,clear,15,20,bayes_sample,1,3,0.26666666666666666,0.6666666666666666,0.0
pilot,clear,15,20,bayes_sample,2,3,0.5333333333333333,0.6666666666666666,0.3333333333333333
pilot,clear,15,20,bayes_sample,3,3,0.7999999999999999,1.0,0.0
pilot,clear,15,20,bayes_sample,4,3,1.0666666666666667,1.6666666666666667,0.0
pilot,clear,15,20,bayes_sample,5,3,1.3333333333333333,2.0,0.0
pilot,clear,15,20,bayes_sample,6,3,1.4666666666666666,2.3333333333333335,0.3333333333333333
pilot,clear,15,20,bayes_sample,7,3,1.5999999999999999,2.6666666666666665,0.0
pilot,clear,15,20,bayes_sample,8,3,1.7333333333333332,3.3333333333333335,0.0
pilot,clear,15,20,bayes_sample,9,3,1.8666666666666665,4.0,0.3333333333333333
pilot,clear,15,20,bayes_sample,10,3,2.0,4.666666666666667,0.0
pilot,clear,15,20,bayes_sample,11,3,2.1333333333333333,5.0,0.0
pilot,clear,15,20,bayes_sample,12,3,2.4,6.0,0.0
pilot,clear,15,20,bayes_sample,13,3,2.8000000000000003,6.333333333333333,0.3333333333333333
pilot,clear,15,20,bayes_sample,14,3,3.0666666666666664,7.333333333333333,0.3333333333333333
pilot,clear,15,20,bayes_sample,15,3,3.3333333333333335,8.0,0.0
pilot,clear,15,20,bayes_sample,16,3,3.6,8.333333333333334,0.0
pilot,clear,15,20,bayes_sample,17,3,3.866666666666667,9.333333333333334,0.3333333333333333
pilot,clear,15,20,bayes_sample,18,3,4.133333333333334,9.666666666666666,0.0
pilot,clear,15,20,bayes_sample,19,3,4.400000000000001,10.0,0.0
pilot,clear,15,20,bayes_sample,20,3,4.533333333333334,10.666666666666666,0.0
pilot,clear,15,20,bayes_ucb,1,3,0.39999999999999997,0.6666666666666666,0.0
pilot,clear,15,20,bayes_ucb,2,3,0.6666666666666666,1.6666666666666667,0.0
pilot,clear,15,20,bayes_ucb,3,3,0.9333333333333332,1.6666666666666667,0.0
pilot,clear,15,20,bayes_ucb,4,3,1.3333333333333333,2.0,0.0
pilot,clear,15,20,bayes_ucb,5,3,1.5999999999999999,2.6666666666666665,0.0
pilot,clear,15,20,bayes_ucb,6,3,1.8666666666666665,3.3333333333333335,0.0
pilot,clear,15,20,bayes_ucb,7,3,2.1333333333333333,3.6666666666666665,0.3333333333333333
pilot,clear,15,20,bayes_ucb,8,3,2.4,4.0,0.3333333333333333
pilot,clear,15,20,bayes_ucb,9,3,2.7999999999999994,4.666666666666667,0.6666666666666666
pilot,clear,15,20,bayes_ucb,10,3,3.1999999999999997,4.666666666666667,0.0
pilot,clear,15,20,bayes_ucb,11,3,3.5999999999999996,5.333333333333333,0.6666666666666666
pilot,clear,15,20,bayes_ucb,12,3,3.9999999999999996,5.666666666666667,0.0
pilot,clear,15,20,bayes_ucb,13,3,4.3999999999999995,5.666666666666667,0.3333333333333333
pilot,clear,15,20,bayes_ucb,14,3,4.8,5.666666666666667,0.6666666666666666
pilot,clear,15,20,bayes_ucb,15,3,5.2,6.0,0.6666666666666666
pilot,clear,15,20,bayes_ucb,16,3,5.6000000000000005,6.333333333333333,0.3333333333333333
pilot,clear,15,20,bayes_ucb,17,3,6.000000000000001,6.666666666666667,0.3333333333333333
pilot,clear,15,20,bayes_ucb,18,3,6.400000000000001,7.666666666666667,0.3333333333333333
pilot,clear,15,20,bayes_ucb,19,3,6.800000000000002,8.0,0.0
pilot,clear,15,20,bayes_ucb,20,3,7.066666666666669,8.666666666666666,0.6666666666666666
pilot,clear,15,20,counts_direct,1,3,0.26666666666666666,0.3333333333333333,0.0
pilot,clear,15,20,counts_direct,2,3,0.5333333333333333,0.6666666666666666,0.0
pilot,clear,15,20,counts_direct,3,3,0.7999999999999999,1.0,0.0
pilot,clear,15,20,counts_direct,4,3,1.0666666666666667,1.3333333333333333,0.0
pilot,clear,15,20,counts_direct,5,3,1.3333333333333333,1.6666666666666667,0.3333333333333333
pilot,clear,15,20,counts_direct,6,3,1.5999999999999999,1.6666666666666667,0.3333333333333333
pilot,clear,15,20,counts_direct,7,3,1.7333333333333332,2.0,0.3333333333333333
pilot,clear,15,20,counts_direct,8,3,2.0,3.0,0.3333333333333333
pilot,clear,15,20,counts_direct,9,3,2.266666666666666,3.6666666666666665,0.3333333333333333
pilot,clear,15,20,counts_direct,10,3,2.533333333333333,4.333333333333333,0.0
pilot,clear,15,20,counts_direct,11,3,2.7999999999999994,4.666666666666667,0.3333333333333333
pilot,clear,15,20,counts_direct,12,3,3.0666666666666664,5.333333333333333,0.3333333333333333
pilot,clear,15,20,counts_direct,13,3,3.3333333333333335,6.0,0.3333333333333333
pilot,clear,15,20,counts_direct,14,3,3.6,6.0,0.3333333333333333
pilot,clear,15,20,counts_direct,15,3,3.866666666666667,6.666666666666667,0.3333333333333333
pilot,clear,15,20,counts_direct,16,3,4.133333333333334,7.666666666666667,0.3333333333333333
pilot,clear,15,20,counts_direct,17,3,4.400000000000001,8.333333333333334,0.3333333333333333
pilot,clear,15,20,counts_direct,18,3,4.666666666666668,8.333333333333334,0.3333333333333333
pilot,clear,15,20,counts_direct,19,3,4.9333333333333345,9.0,0.3333333333333333
pilot,clear,15,20,counts_direct,20,3,5.200000000000002,9.333333333333334,0.3333333333333333
pilot,clear,15,20,counts_sample,1,3,0.26666666666666666,0.3333333333333333,0.0
pilot,clear,15,20,counts_sample,2,3,0.5333333333333333,0.6666666666666666,0.0
pilot,clear,15,20,counts_sample,3,3,0.7999999999999999,1.0,0.0
pilot,clear,15,20,counts_sample,4,3,1.0666666666666667,1.3333333333333333,0.0
pilot,clear,15,20,counts_sample,5,3,1.3333333333333333,1.6666666666666667,0.6666666666666666
pilot,clear,15,20,counts_sample,6,3,1.5999999999999999,1.6666666666666667,0.3333333333333333
pilot,clear,15,20,counts_sample,7,3,1.8666666666666665,2.0,0.3333333333333333
pilot,clear,15,20,counts_sample,8,3,2.1333333333333333,2.6666666666666665,0.3333333333333333
pilot,clear,15,20,counts_sample,9,3,2.266666666666666,3.3333333333333335,0.0
pilot,clear,15,20,counts_sample,10,3,2.533333333333333,4.0,0.0
pilot,clear,15,20,counts_sample,11,3,2.7999999999999994,4.666666666666667,0.0
pilot,clear,15,20,counts_sample,12,3,3.0666666666666664,5.333333333333333,0.0
pilot,clear,15,20,counts_sample,13,3,3.3333333333333335,6.0,0.6666666666666666
pilot,clear,15,20,counts_sample,14,3,3.6,6.0,0.3333333333333333
pilot,clear,15,20,counts_sample,15,3,3.866666666666667,7.0,0.0
pilot,clear,15,20,counts_sample,16,3,4.133333333333334,7.333333333333333,0.0
pilot,clear,15,20,counts_sample,17,3,4.400000000000001,8.0,0.3333333333333333
pilot,clear,15,20,counts_sample,18,3,4.666666666666668,8.666666666666666,0.0
pilot,clear,15,20,counts_sample,19,3,4.9333333333333345,9.333333333333334,0.0
pilot,clear,15,20,counts_sample,20,3,5.200000000000002,9.666666666666666,0.0
pilot,clear,15,20,greedy,1,3,0.39999999999999997,0.6666666666666666,0.0
pilot,clear,15,20,greedy,2,3,0.6666666666666666,1.0,0.0
pilot,clear,15,20,greedy,3,3,1.0666666666666667,2.0,0.0
pilot,clear,15,20,greedy,4,3,1.4666666666666666,2.3333333333333335,0.0
pilot,clear,15,20,greedy,5,3,1.8666666666666665,3.0,0.0
pilot,clear,15,20,greedy,6,3,2.266666666666666,4.0,0.0
pilot,clear,15,20,greedy,7,3,2.6666666666666665,4.333333333333333,0.0
pilot,clear,15,20,greedy,8,3,3.0666666666666664,5.0,0.0
pilot,clear,15,20,greedy,9,3,3.4666666666666663,5.666666666666667,0.0
pilot,clear,15,20,greedy,10,3,3.8666666666666667,6.0,0.0
pilot,clear,15,20,greedy,11,3,4.266666666666666,6.333333333333333,0.0
pilot,clear,15,20,greedy,12,3,4.666666666666667,7.0,0.0
pilot,clear,15,20,greedy,13,3,5.066666666666666,7.333333333333333,0.0
pilot,clear,15,20,greedy,14,3,5.466666666666668,7.666666666666667,0.0
pilot,clear,15,20,greedy,15,3,5.866666666666667,7.666666666666667,0.0
pilot,clear,15,20,greedy,16,3,6.266666666666668,8.0,0.0
pilot,clear,15,20,greedy,17,3,6.666666666666668,8.666666666666666,0.0
pilot,clear,15,20,greedy,18,3,7.066666666666669,8.666666666666666,0.0
pilot,clear,15,20,greedy,19,3,7.466666666666669,9.0,0.0
pilot,clear,15,20,greedy,20,3,7.86666666666667,9.666666666666666,0.0
pilot,clear,15,20,ids,1,3,0.39999999999999997,0.6666666666666666,0.0
pilot,clear,15,20,ids,2,3,0.7999999999999999,1.0,0.0
pilot,clear,15,20,ids,3,3,1.2,1.6666666666666667,0.0
pilot,clear,15,20,ids,4,3,1.5999999999999999,2.0,0.3333333333333333
pilot,clear,15,20,ids,5,3,1.9999999999999998,2.3333333333333335,0.3333333333333333
pilot,clear,15,20,ids,6,3,2.4,2.6666666666666665,0.3333333333333333
pilot,clear,15,20,ids,7,3,2.6666666666666665,3.6666666666666665,0.3333333333333333
pilot,clear,15,20,ids,8,3,2.933333333333333,3.6666666666666665,0.0
pilot,clear,15,20,ids,9,3,3.3333333333333335,4.0,0.6666666666666666
pilot,clear,15,20,ids,10,3,3.733333333333333,4.666666666666667,0.3333333333333333
pilot,clear,15,20,ids,11,3,4.133333333333333,4.666666666666667,0.0
pilot,clear,15,20,ids,12,3,4.3999999999999995,5.0,0.6666666666666666
pilot,clear,15,20,ids,13,3,4.8,5.0,0.3333333333333333
pilot,clear,15,20,ids,14,3,5.2,5.333333333333333,0.6666666666666666
pilot,clear,15,20,ids,15,3,5.6000000000000005,5.666666666666667,0.3333333333333333
pilot,clear,15,20,ids,16,3,6.000000000000001,5.666666666666667,0.3333333333333333
pilot,clear,15,20,ids,17,3,6.400000000000001,6.0,0.6666666666666666
pilot,clear,15,20,ids,18,3,6.800000000000002,6.666666666666667,0.6666666666666666
pilot,clear,15,20,ids,19,3,7.200000000000002,7.333333333333333,0.3333333333333333
pilot,clear,15,20,ids,20,3,7.466666666666669,7.666666666666667,0.3333333333333333
pilot,clear,15,20,knowledge_gradient,1,3,0.39999999999999997,0.3333333333333333,0.0
pilot,clear,15,20,knowledge_gradient,2,3,0.7999999999999999,0.3333333333333333,0.0
pilot,clear,15,20,knowledge_gradient,3,3,1.2,1.0,0.0
pilot,clear,15,20,knowledge_gradient,4,3,1.5999999999999999,1.6666666666666667,0.0
pilot,clear,15,20,knowledge_gradient,5,3,1.9999999999999998,2.3333333333333335,0.0
pilot,clear,15,20,knowledge_gradient,6,3,2.4,2.6666666666666665,0.3333333333333333
pilot,clear,15,20,knowledge_gradient,7,3,2.7999999999999994,3.0,0.3333333333333333
pilot,clear,15,20,knowledge_gradient,8,3,3.1999999999999997,3.3333333333333335,0.6666666666666666
pilot,clear,15,20,knowledge_gradient,9,3,3.5999999999999996,4.333333333333333,0.6666666666666666
pilot,clear,15,20,knowledge_gradient,10,3,3.9999999999999996,4.333333333333333,0.0
pilot,clear,15,20,knowledge_gradient,11,3,4.3999999999999995,4.666666666666667,0.6666666666666666
pilot,clear,15,20,knowledge_gradient,12,3,4.666666666666667,5.333333333333333,0.6666666666666666
pilot,clear,15,20,knowledge_gradient,13,3,4.933333333333334,6.0,0.3333333333333333
pilot,clear,15,20,knowledge_gradient,14,3,5.066666666666666,6.666666666666667,0.3333333333333333
pilot,clear,15,20,knowledge_gradient,15,3,5.333333333333333,7.0,0.3333333333333333
pilot,clear,15,20,knowledge_gradient,16,3,5.6000000000000005,7.333333333333333,0.0
pilot,clear,15,20,knowledge_gradient,17,3,6.000000000000001,7.666666666666667,0.0
pilot,clear,15,20,knowledge_gradient,18,3,6.400000000000001,8.333333333333334,0.3333333333333333
pilot,clear,15,20,knowledge_gradient,19,3,6.800000000000002,8.666666666666666,0.0
pilot,clear,15,20,knowledge_gradient,20,3,7.066666666666669,8.666666666666666,0.0
pilot,clear,15,20,random,1,3,0.39999999999999997,0.3333333333333333,0.0
pilot,clear,15,20,random,2,3,0.7999999999999999,0.6666666666666666,0.6666666666666666
pilot,clear,15,20,random,3,3,1.2,1.0,0.3333333333333333
pilot,clear,15,20,random,4,3,1.5999999999999999,1.0,0.6666666666666666
pilot,clear,15,20,random,5,3,1.8666666666666665,1.3333333333333333,0.0
pilot,clear,15,20,random,6,3,2.1333333333333333,1.6666666666666667,0.3333333333333333
pilot,clear,15,20,random,7,3,2.533333333333333,2.0,1.0
pilot,clear,15,20,random,8,3,2.933333333333333,3.0,0.6666666666666666
pilot,clear,15,20,random,9,3,3.3333333333333335,3.6666666666666665,1.0
pilot,clear,15,20,random,10,3,3.733333333333333,4.0,1.0
pilot,clear,15,20,random,11,3,4.133333333333333,4.0,1.0
pilot,clear,15,20,random,12,3,4.533333333333332,4.333333333333333,1.0
pilot,clear,15,20,random,13,3,4.933333333333334,4.333333333333333,1.0
pilot,clear,15,20,random,14,3,5.333333333333333,4.666666666666667,1.0
pilot,clear,15,20,random,15,3,5.733333333333334,4.666666666666667,1.0
pilot,clear,15,20,random,16,3,6.133333333333334,5.333333333333333,1.0
pilot,clear,15,20,random,17,3,6.400000000000001,5.666666666666667,0.6666666666666666
pilot,clear,15,20,random,18,3,6.800000000000002,5.666666666666667,0.6666666666666666
pilot,clear,15,20,random,19,3,7.200000000000002,6.666666666666667,0.6666666666666666
pilot,clear,15,20,random,20,3,7.600000000000001,7.0,1.0
pilot,clear,15,20,ts,1,3,0.39999999999999997,0.3333333333333333,0.0
pilot,clear,15,20,ts,2,3,0.6666666666666666,0.6666666666666666,0.3333333333333333
pilot,clear,15,20,ts,3,3,1.0666666666666667,1.3333333333333333,0.3333333333333333
pilot,clear,15,20,ts,4,3,1.4666666666666666,1.3333333333333333,0.3333333333333333
pilot,clear,15,20,ts,5,3,1.7333333333333332,1.6666666666666667,0.3333333333333333
pilot,clear,15,20,ts,6,3,2.1333333333333333,2.3333333333333335,0.6666666666666666
pilot,clear,15,20,ts,7,3,2.533333333333333,2.6666666666666665,1.0
pilot,clear,15,20,ts,8,3,2.933333333333333,3.3333333333333335,1.0
pilot,clear,15,20,ts,9,3,3.3333333333333335,3.3333333333333335,1.0
pilot,clear,15,20,ts,10,3,3.733333333333333,3.3333333333333335,0.3333333333333333
pilot,clear,15,20,ts,11,3,4.133333333333333,4.333333333333333,0.3333333333333333
pilot,clear,15,20,ts,12,3,4.533333333333333,4.666666666666667,0.6666666666666666
pilot,clear,15,20,ts,13,3,4.933333333333334,5.666666666666667,0.6666666666666666
pilot,clear,15,20,ts,14,3,5.2,6.0,0.6666666666666666
pilot,clear,15,20,ts,15,3,5.466666666666668,6.0,0.6666666666666666
pilot,clear,15,20,ts,16,3,5.733333333333334,7.0,1.0
pilot,clear,15,20,ts,17,3,6.000000000000001,7.0,1.0
pilot,clear,15,20,ts,18,3,6.266666666666668,7.333333333333333,0.6666666666666666
pilot,clear,15,20,ts,19,3,6.666666666666668,7.666666666666667,0.6666666666666666
pilot,clear,15,20,ts,20,3,7.066666666666667,8.0,0.6666666666666666
pilot,clear,15,20,ucb1,1,3,0.39999999999999997,0.6666666666666666,0.0
pilot,clear,15,20,ucb1,2,3,0.7999999999999999,1.0,0.6666666666666666
pilot,clear,15,20,ucb1,3,3,1.2,1.6666666666666667,0.6666666666666666
pilot,clear,15,20,ucb1,4,3,1.5999999999999999,2.3333333333333335,0.6666666666666666
pilot,clear,15,20,ucb1,5,3,1.9999999999999998,2.6666666666666665,1.0
pilot,clear,15,20,ucb1,6,3,2.1333333333333333,3.3333333333333335,1.0
pilot,clear,15,20,ucb1,7,3,2.533333333333333,3.6666666666666665,1.0
pilot,clear,15,20,ucb1,8,3,2.933333333333333,4.0,1.0
pilot,clear,15,20,ucb1,9,3,3.3333333333333335,4.0,1.0
pilot,clear,15,20,ucb1,10,3,3.733333333333333,4.333333333333333,1.0
pilot,clear,15,20,ucb1,11,3,4.133333333333333,4.333333333333333,1.0
pilot,clear,15,20,ucb1,12,3,4.533333333333332,4.666666666666667,1.0
pilot,clear,15,20,ucb1,13,3,4.933333333333334,5.0,1.0
pilot,clear,15,20,ucb1,14,3,5.2,5.333333333333333,1.0
pilot,clear,15,20,ucb1,15,3,5.6000000000000005,6.0,1.0
pilot,clear,15,20,ucb1,16,3,5.866666666666667,6.666666666666667,0.0
pilot,clear,15,20,ucb1,17,3,6.266666666666668,7.333333333333333,0.6666666666666666
pilot,clear,15,20,ucb1,18,3,6.666666666666668,7.666666666666667,1.0
pilot,clear,15,20,ucb1,19,3,7.066666666666669,7.666666666666667,1.0
pilot,clear,15,20,ucb1,20,3,7.466666666666669,8.0,0.6666666666666666
pilot,close,2,20,bayes_direct,1,3,0.01666666666666668,1.0,0.0
pilot,close,2,20,bayes_direct,2,3,0.03333333333333336,2.0,0.0
pilot,close,2,20,bayes_direct,3,3,0.050000000000000044,2.3333333333333335,0.0
pilot,close,2,20,bayes_direct,4,3,0.06666666666666672,3.0,0.0
pilot,close,2,20,bayes_direct,5,3,0.08333333333333341,3.3333333333333335,0.0
pilot,close,2,20,bayes_direct,6,3,0.10000000000000009,4.0,0.0
pilot,close,2,20,bayes_direct,7,3,0.11666666666666677,5.0,0.0
pilot,close,2,20,bayes_direct,8,3,0.13333333333333344,5.333333333333333,0.0
pilot,close,2,20,bayes_direct,9,3,0.15000000000000013,6.333333333333333,0.0
pilot,close,2,20,bayes_direct,10,3,0.16666666666666682,6.666666666666667,0.0
pilot,close,2,20,bayes_direct,11,3,0.20000000000000018,7.0,0.0
pilot,close,2,20,bayes_direct,12,3,0.21666666666666687,7.666666666666667,0.0
pilot,close,2,20,bayes_direct,13,3,0.23333333333333353,8.0,0.0
pilot,close,2,20,bayes_direct,14,3,0.2500000000000002,8.666666666666666,0.0
pilot,close,2,20,bayes_direct,15,3,0.2666666666666669,9.333333333333334,0.0
pilot,close,2,20,bayes_direct,16,3,0.2833333333333336,10.333333333333334,0.0
pilot,close,2,20,bayes_direct,17,3,0.30000000000000027,11.0,0.0
pilot,close,2,20,bayes_direct,18,3,0.31666666666666693,11.333333333333334,0.0
pilot,close,2,20,bayes_direct,19,3,0.33333333333333365,12.0,0.0
pilot,close,2,20,bayes_direct,20,3,0.3500000000000003,13.0,0.0
pilot,close,2,20,bayes_sample,1,3,0.01666666666666668,1.0,0.0
pilot,close,2,20,bayes_sample,2,3,0.03333333333333336,1.6666666666666667,0.6666666666666666
pilot,close,2,20,bayes_sample,3,3,0.050000000000000044,2.3333333333333335,0.0
pilot,close,2,20,bayes_sample,4,3,0.06666666666666672,3.0,0.0
pilot,close,2,20,bayes_sample,5,3,0.08333333333333341,3.3333333333333335,0.0
pilot,close,2,20,bayes_sample,6,3,0.13333333333333344,3.3333333333333335,0.6666666666666666
pilot,close,2,20,bayes_sample,7,3,0.15000000000000013,4.0,0.0
pilot,close,2,20,bayes_sample,8,3,0.16666666666666682,5.0,0.0
pilot,close,2,20,bayes_sample,9,3,0.20000000000000018,5.333333333333333,0.3333333333333333
pilot,close,2,20,bayes_sample,10,3,0.21666666666666687,6.333333333333333,0.0
pilot,close,2,20,bayes_sample,11,3,0.23333333333333353,7.0,0.0
pilot,close,2,20,bayes_sample,12,3,0.2500000000000002,8.0,0.0
pilot,close,2,20,bayes_sample,13,3,0.2833333333333336,8.333333333333334,0.3333333333333333
pilot,close,2,20,bayes_sample,14,3,0.31666666666666693,8.333333333333334,0.3333333333333333
pilot,close,2,20,bayes_sample,15,3,0.33333333333333365,9.0,0.0
pilot,close,2,20,bayes_sample,16,3,0.3500000000000003,10.0,0.6666666666666666
pilot,close,2,20,bayes_sample,17,3,0.366666666666667,10.666666666666666,0.3333333333333333
pilot,close,2,20,bayes_sample,18,3,0.3833333333333337,11.666666666666666,0.3333333333333333
pilot,close,2,20,bayes_sample,19,3,0.40000000000000036,12.333333333333334,0.3333333333333333
pilot,close,2,20,bayes_sample,20,3,0.40000000000000036,13.0,0.0
pilot,close,2,20,bayes_ucb,1,3,0.050000000000000044,0.3333333333333333,0.0
pilot,close,2,20,bayes_ucb,2,3,0.06666666666666672,1.3333333333333333,0.0
pilot,close,2,20,bayes_ucb,3,3,0.08333333333333341,2.3333333333333335,0.0
pilot,close,2,20,bayes_ucb,4,3,0.10000000000000009,2.6666666666666665,0.0
pilot,close,2,20,bayes_ucb,5,3,0.11666666666666677,3.0,0.0
pilot,close,2,20,bayes_ucb,6,3,0.13333333333333344,3.6666666666666665,0.0
pilot,close,2,20,bayes_ucb,7,3,0.15000000000000013,4.333333333333333,0.0
pilot,close,2,20,bayes_ucb,8,3,0.16666666666666682,5.0,0.0
pilot,close,2,20,bayes_ucb,9,3,0.16666666666666682,5.666666666666667,0.3333333333333333
pilot,close,2,20,bayes_ucb,10,3,0.16666666666666682,6.666666666666667,0.3333333333333333
pilot,close,2,20,bayes_ucb,11,3,0.16666666666666682,6.666666666666667,0.0
pilot,close,2,20,bayes_ucb,12,3,0.20000000000000018,7.0,0.3333333333333333
pilot,close,2,20,bayes_ucb,13,3,0.21666666666666687,8.0,0.0
pilot,close,2,20,bayes_ucb,14,3,0.23333333333333353,8.666666666666666,0.0
pilot,close,2,20,bayes_ucb,15,3,0.2500000000000002,9.0,0.0
pilot,close,2,20,bayes_ucb,16,3,0.2500000000000002,9.666666666666666,0.3333333333333333
pilot,close,2,20,bayes_ucb,17,3,0.2666666666666669,10.333333333333334,0.0
pilot,close,2,20,bayes_ucb,18,3,0.2833333333333336,11.0,0.0
pilot,close,2,20,bayes_ucb,19,3,0.30000000000000027,11.333333333333334,0.0
pilot,close,2,20,bayes_ucb,20,3,0.33333333333333365,12.0,0.3333333333333333
pilot,close,2,20,counts_direct,1,3,0.01666666666666668,1.0,0.0
pilot,close,2,20,counts_direct,2,3,0.03333333333333336,2.0,0.0
pilot,close,2,20,counts_direct,3,3,0.050000000000000044,2.3333333333333335,0.0
pilot,close,2,20,counts_direct,4,3,0.06666666666666672,3.0,0.0
pilot,close,2,20,counts_direct,5,3,0.08333333333333341,3.3333333333333335,0.0
pilot,close,2,20,counts_direct,6,3,0.10000000000000009,4.0,0.0
pilot,close,2,20,counts_direct,7,3,0.11666666666666677,5.0,0.0
pilot,close,2,20,counts_direct,8,3,0.13333333333333344,5.333333333333333,0.0
pilot,close,2,20,counts_direct,9,3,0.15000000000000013,6.333333333333333,0.0
pilot,close,2,20,counts_direct,10,3,0.16666666666666682,6.666666666666667,0.0
pilot,close,2,20,counts_direct,11,3,0.1833333333333335,7.333333333333333,0.0
pilot,close,2,20,counts_direct,12,3,0.20000000000000018,7.666666666666667,0.0
pilot,close,2,20,counts_direct,13,3,0.21666666666666687,8.333333333333334,0.0
pilot,close,2,20,counts_direct,14,3,0.23333333333333353,9.0,0.0
pilot,close,2,20,counts_direct,15,3,0.2500000000000002,9.666666666666666,0.0
pilot,close,2,20,counts_direct,16,3,0.2666666666666669,10.666666666666666,0.0
pilot,close,2,20,counts_direct,17,3,0.2833333333333336,11.333333333333334,0.0
pilot,close,2,20,counts_direct,18,3,0.30000000000000027,11.666666666666666,0.0
pilot,close,2,20,counts_direct,19,3,0.31666666666666693,12.333333333333334,0.0
pilot,close,2,20,counts_direct,20,3,0.33333333333333365,13.0,0.0
pilot,close,2,20,counts_sample,1,3,0.01666666666666668,1.0,0.0
pilot,close,2,20,counts_sample,2,3,0.050000000000000044,1.6666666666666667,0.3333333333333333
pilot,close,2,20,counts_sample,3,3,0.10000000000000009,2.0,0.6666666666666666
pilot,close,2,20,counts_sample,4,3,0.11666666666666677,2.6666666666666665,0.0
pilot,close,2,20,counts_sample,5,3,0.13333333333333344,2.6666666666666665,0.0
pilot,close,2,20,counts_sample,6,3,0.15000000000000013,3.6666666666666665,0.0
pilot,close,2,20,counts_sample,7,3,0.16666666666666682,4.333333333333333,0.0
pilot,close,2,20,counts_sample,8,3,0.20000000000000018,4.333333333333333,0.3333333333333333
pilot,close,2,20,counts_sample,9,3,0.23333333333333353,5.0,0.3333333333333333
pilot,close,2,20,counts_sample,10,3,0.2666666666666669,6.0,0.3333333333333333
pilot,close,2,20,counts_sample,11,3,0.2833333333333336,6.666666666666667,0.0
pilot,close,2,20,counts_sample,12,3,0.30000000000000027,7.333333333333333,0.0
pilot,close,2,20,counts_sample,13,3,0.31666666666666693,7.333333333333333,0.0
pilot,close,2,20,counts_sample,14,3,0.31666666666666693,8.0,0.3333333333333333
pilot,close,2,20,counts_sample,15,3,0.33333333333333365,8.666666666666666,0.0
pilot,close,2,20,counts_sample,16,3,0.3500000000000003,9.666666666666666,0.6666666666666666
pilot,close,2,20,counts_sample,17,3,0.366666666666667,10.0,0.3333333333333333
pilot,close,2,20,counts_sample,18,3,0.3833333333333337,11.0,0.3333333333333333
pilot,close,2,20,counts_sample,19,3,0.3833333333333337,11.666666666666666,0.0
pilot,close,2,20,counts_sample,20,3,0.40000000000000036,12.333333333333334,0.0
pilot,close,2,20,greedy,1,3,0.03333333333333336,0.6666666666666666,0.0
pilot,close,2,20,greedy,2,3,0.050000000000000044,1.6666666666666667,0.0
pilot,close,2,20,greedy,3,3,0.06666666666666672,2.3333333333333335,0.0
pilot,close,2,20,greedy,4,3,0.08333333333333341,3.0,0.0
pilot,close,2,20,greedy,5,3,0.10000000000000009,3.0,0.0
pilot,close,2,20,greedy,6,3,0.11666666666666677,3.6666666666666665,0.0
pilot,close,2,20,greedy,7,3,0.15000000000000013,4.333333333333333,0.0
pilot,close,2,20,greedy,8,3,0.16666666666666682,5.0,0.0
pilot,close,2,20,greedy,9,3,0.1833333333333335,5.666666666666667,0.0
pilot,close,2,20,greedy,10,3,0.20000000000000018,6.666666666666667,0.0
pilot,close,2,20,greedy,11,3,0.21666666666666687,7.0,0.0
pilot,close,2,20,greedy,12,3,0.23333333333333353,7.333333333333333,0.0
pilot,close,2,20,greedy,13,3,0.2500000000000002,7.666666666666667,0.0
pilot,close,2,20,greedy,14,3,0.2666666666666669,8.666666666666666,0.0
pilot,close,2,20,greedy,15,3,0.2833333333333336,9.0,0.0
pilot,close,2,20,greedy,16,3,0.30000000000000027,10.0,0.0
pilot,close,2,20,greedy,17,3,0.31666666666666693,11.0,0.0
pilot,close,2,20,greedy,18,3,0.33333333333333365,11.333333333333334,0.0
pilot,close,2,20,greedy,19,3,0.3500000000000003,11.666666666666666,0.0
pilot,close,2,20,greedy,20,3,0.366666666666667,12.666666666666666,0.0
pilot,close,2,20,ids,1,3,0.03333333333333336,0.3333333333333333,0.0
pilot,close,2,20,ids,2,3,0.03333333333333336,1.3333333333333333,0.0
pilot,close,2,20,ids,3,3,0.03333333333333336,2.0,0.0
pilot,close,2,20,ids,4,3,0.050000000000000044,2.3333333333333335,0.3333333333333333
pilot,close,2,20,ids,5,3,0.06666666666666672,3.0,0.0
pilot,close,2,20,ids,6,3,0.08333333333333341,3.6666666666666665,0.0
pilot,close,2,20,ids,7,3,0.10000000000000009,4.333333333333333,0.0
pilot,close,2,20,ids,8,3,0.11666666666666677,5.0,0.0
pilot,close,2,20,ids,9,3,0.13333333333333344,5.666666666666667,0.0
pilot,close,2,20,ids,10,3,0.15000000000000013,6.666666666666667,0.0
pilot,close,2,20,ids,11,3,0.16666666666666682,6.666666666666667,0.0
pilot,close,2,20,ids,12,3,0.1833333333333335,7.333333333333333,0.0
pilot,close,2,20,ids,13,3,0.20000000000000018,8.0,0.0
pilot,close,2,20,ids,14,3,0.21666666666666687,9.0,0.0
pilot,close,2,20,ids,15,3,0.23333333333333353,9.333333333333334,0.0
pilot,close,2,20,ids,16,3,0.23333333333333353,10.0,0.3333333333333333
pilot,close,2,20,ids,17,3,0.2500000000000002,10.666666666666666,0.0
pilot,close,2,20,ids,18,3,0.2666666666666669,11.333333333333334,0.0
pilot,close,2,20,ids,19,3,0.2833333333333336,11.666666666666666,0.0
pilot,close,2,20,ids,20,3,0.30000000000000027,12.666666666666666,0.0
pilot,close,2,20,knowledge_gradient,1,3,0.03333333333333336,0.3333333333333333,0.0
pilot,close,2,20,knowledge_gradient,2,3,0.03333333333333336,1.3333333333333333,0.0
pilot,close,2,20,knowledge_gradient,3,3,0.03333333333333336,2.0,0.0
pilot,close,2,20,knowledge_gradient,4,3,0.050000000000000044,2.3333333333333335,0.3333333333333333
pilot,close,2,20,knowledge_gradient,5,3,0.06666666666666672,3.0,0.0
pilot,close,2,20,knowledge_gradient,6,3,0.08333333333333341,3.6666666666666665,0.0
pilot,close,2,20,knowledge_gradient,7,3,0.10000000000000009,4.333333333333333,0.0
pilot,close,2,20,knowledge_gradient,8,3,0.11666666666666677,5.0,0.0
pilot,close,2,20,knowledge_gradient,9,3,0.13333333333333344,5.666666666666667,0.0
pilot,close,2,20,knowledge_gradient,10,3,0.15000000000000013,6.666666666666667,0.0
pilot,close,2,20,knowledge_gradient,11,3,0.16666666666666682,6.666666666666667,0.0
pilot,close,2,20,knowledge_gradient,12,3,0.1833333333333335,7.333333333333333,0.0
pilot,close,2,20,knowledge_gradient,13,3,0.20000000000000018,8.0,0.0
pilot,close,2,20,knowledge_gradient,14,3,0.21666666666666687,9.0,0.0
pilot,close,2,20,knowledge_gradient,15,3,0.23333333333333353,9.333333333333334,0.0
pilot,close,2,20,knowledge_gradient,16,3,0.2500000000000002,10.0,0.0
pilot,close,2,20,knowledge_gradient,17,3,0.2666666666666669,11.0,0.0
pilot,close,2,20,knowledge_gradient,18,3,0.2833333333333336,11.333333333333334,0.0
pilot,close,2,20,knowledge_gradient,19,3,0.30000000000000027,12.0,0.0
pilot,close,2,20,knowledge_gradient,20,3,0.31666666666666693,13.0,0.0
pilot,close,2,20,random,1,3,0.03333333333333336,0.6666666666666666,0.0
pilot,close,2,20,random,2,3,0.06666666666666672,1.3333333333333333,0.3333333333333333
pilot,close,2,20,random,3,3,0.11666666666666677,1.6666666666666667,0.6666666666666666
pilot,close,2,20,random,4,3,0.13333333333333344,2.6666666666666665,0.6666666666666666
pilot,close,2,20,random,5,3,0.16666666666666682,3.3333333333333335,1.0
pilot,close,2,20,random,6,3,0.20000000000000018,4.0,0.3333333333333333
pilot,close,2,20,random,7,3,0.21666666666666687,4.666666666666667,0.0
pilot,close,2,20,random,8,3,0.21666666666666687,4.666666666666667,0.0
pilot,close,2,20,random,9,3,0.23333333333333353,5.0,0.6666666666666666
pilot,close,2,20,random,10,3,0.2666666666666669,6.0,0.6666666666666666
pilot,close,2,20,random,11,3,0.2833333333333336,7.0,0.6666666666666666
pilot,close,2,20,random,12,3,0.31666666666666693,7.333333333333333,0.3333333333333333
pilot,close,2,20,random,13,3,0.3500000000000003,7.666666666666667,0.0
pilot,close,2,20,random,14,3,0.3500000000000003,8.333333333333334,0.3333333333333333
pilot,close,2,20,random,15,3,0.40000000000000036,9.0,0.6666666666666666
pilot,close,2,20,random,16,3,0.416666666666667,9.333333333333334,0.6666666666666666
pilot,close,2,20,random,17,3,0.43333333333333374,10.333333333333334,0.0
pilot,close,2,20,random,18,3,0.46666666666666706,11.0,0.3333333333333333
pilot,close,2,20,random,19,3,0.4833333333333338,11.333333333333334,0.0
pilot,close,2,20,random,20,3,0.5333333333333338,11.666666666666666,0.6666666666666666
pilot,close,2,20,ts,1,3,0.03333333333333336,0.6666666666666666,0.0
pilot,close,2,20,ts,2,3,0.050000000000000044,1.6666666666666667,0.0
pilot,close,2,20,ts,3,3,0.08333333333333341,2.3333333333333335,0.3333333333333333
pilot,close,2,20,ts,4,3,0.10000000000000009,2.6666666666666665,0.0
pilot,close,2,20,ts,5,3,0.13333333333333344,3.0,0.3333333333333333
pilot,close,2,20,ts,6,3,0.15000000000000013,3.3333333333333335,0.0
pilot,close,2,20,ts,7,3,0.16666666666666682,4.0,0.0
pilot,close,2,20,ts,8,3,0.1833333333333335,4.666666666666667,0.0
pilot,close,2,20,ts,9,3,0.1833333333333335,5.333333333333333,0.3333333333333333
pilot,close,2,20,ts,10,3,0.1833333333333335,6.333333333333333,0.3333333333333333
pilot,close,2,20,ts,11,3,0.1833333333333335,6.666666666666667,0.0
pilot,close,2,20,ts,12,3,0.1833333333333335,7.0,0.3333333333333333
pilot,close,2,20,ts,13,3,0.20000000000000018,7.333333333333333,0.0
pilot,close,2,20,ts,14,3,0.20000000000000018,8.333333333333334,0.3333333333333333
pilot,close,2,20,ts,15,3,0.21666666666666687,9.333333333333334,0.0
pilot,close,2,20,ts,16,3,0.23333333333333353,10.0,0.0
pilot,close,2,20,ts,17,3,0.2500000000000002,10.666666666666666,0.0
pilot,close,2,20,ts,18,3,0.2500000000000002,11.333333333333334,0.3333333333333333
pilot,close,2,20,ts,19,3,0.2666666666666669,11.666666666666666,0.0
pilot,close,2,20,ts,20,3,0.2833333333333336,12.333333333333334,0.0
pilot,close,2,20,ucb1,1,3,0.01666666666666668,0.6666666666666666,0.0
pilot,close,2,20,ucb1,2,3,0.050000000000000044,1.3333333333333333,0.6666666666666666
pilot,close,2,20,ucb1,3,3,0.06666666666666672,2.3333333333333335,0.0
pilot,close,2,20,ucb1,4,3,0.06666666666666672,2.6666666666666665,0.3333333333333333
pilot,close,2,20,ucb1,5,3,0.11666666666666677,3.0,0.6666666666666666
pilot,close,2,20,ucb1,6,3,0.11666666666666677,3.3333333333333335,0.3333333333333333
pilot,close,2,20,ucb1,7,3,0.13333333333333344,4.0,0.0
pilot,close,2,20,ucb1,8,3,0.15000000000000013,4.333333333333333,0.0
pilot,close,2,20,ucb1,9,3,0.16666666666666682,4.666666666666667,0.6666666666666666
pilot,close,2,20,ucb1,10,3,0.1833333333333335,5.666666666666667,0.0
pilot,close,2,20,ucb1,11,3,0.21666666666666687,6.333333333333333,0.3333333333333333
pilot,close,2,20,ucb1,12,3,0.2500000000000002,7.0,0.3333333333333333
pilot,close,2,20,ucb1,13,3,0.2666666666666669,7.666666666666667,0.6666666666666666
pilot,close,2,20,ucb1,14,3,0.30000000000000027,8.0,1.0
pilot,close,2,20,ucb1,15,3,0.33333333333333365,9.0,0.3333333333333333
pilot,close,2,20,ucb1,16,3,0.366666666666667,9.666666666666666,0.3333333333333333
pilot,close,2,20,ucb1,17,3,0.416666666666667,10.0,0.3333333333333333
pilot,close,2,20,ucb1,18,3,0.4500000000000004,10.333333333333334,0.3333333333333333
pilot,close,2,20,ucb1,19,3,0.46666666666666706,11.0,0.3333333333333333
pilot,close,2,20,ucb1,20,3,0.5000000000000004,11.666666666666666,0.0
pilot,close,5,20,bayes_direct,1,3,0.03333333333333336,0.3333333333333333,0.0
pilot,close,5,20,bayes_direct,2,3,0.08333333333333341,0.6666666666666666,0.0
pilot,close,5,20,bayes_direct,3,3,0.13333333333333344,1.0,0.0
pilot,close,5,20,bayes_direct,4,3,0.15000000000000013,1.6666666666666667,0.0
pilot,close,5,20,bayes_direct,5,3,0.16666666666666682,2.3333333333333335,0.0
pilot,close,5,20,bayes_direct,6,3,0.1833333333333335,2.6666666666666665,0.0
pilot,close,5,20,bayes_direct,7,3,0.20000000000000018,3.0,0.3333333333333333
pilot,close,5,20,bayes_direct,8,3,0.21666666666666687,3.3333333333333335,0.3333333333333333
pilot,close,5,20,bayes_direct,9,3,0.23333333333333353,4.0,0.3333333333333333
pilot,close,5,20,bayes_direct,10,3,0.2500000000000002,4.0,0.3333333333333333
pilot,close,5,20,bayes_direct,11,3,0.2666666666666669,4.333333333333333,0.6666666666666666
pilot,close,5,20,bayes_direct,12,3,0.2833333333333336,4.333333333333333,0.3333333333333333
pilot,close,5,20,bayes_direct,13,3,0.30000000000000027,5.0,0.3333333333333333
pilot,close,5,20,bayes_direct,14,3,0.31666666666666693,5.333333333333333,0.0
pilot,close,5,20,bayes_direct,15,3,0.33333333333333365,5.666666666666667,0.6666666666666666
pilot,close,5,20,bayes_direct,16,3,0.3500000000000003,5.666666666666667,0.3333333333333333
pilot,close,5,20,bayes_direct,17,3,0.366666666666667,6.333333333333333,0.6666666666666666
pilot,close,5,20,bayes_direct,18,3,0.3833333333333337,6.666666666666667,0.6666666666666666
pilot,close,5,20,bayes_direct,19,3,0.416666666666667,7.0,0.3333333333333333
pilot,close,5,20,bayes_direct,20,3,0.43333333333333374,7.666666666666667,0.3333333333333333
pilot,close,5,20,bayes_sample,1,3,0.03333333333333336,0.3333333333333333,0.0
pilot,close,5,20,bayes_sample,2,3,0.08333333333333341,0.6666666666666666,0.0
pilot,close,5,20,bayes_sample,3,3,0.13333333333333344,1.3333333333333333,0.3333333333333333
pilot,close,5,20,bayes_sample,4,3,0.1833333333333335,2.0,0.0
pilot,close,5,20,bayes_sample,5,3,0.23333333333333353,2.3333333333333335,0.6666666666666666
pilot,close,5,20,bayes_sample,6,3,0.2833333333333336,3.0,0.6666666666666666
pilot,close,5,20,bayes_sample,7,3,0.33333333333333365,3.3333333333333335,0.0
pilot,close,5,20,bayes_sample,8,3,0.3833333333333337,3.3333333333333335,0.3333333333333333
pilot,close,5,20,bayes_sample,9,3,0.43333333333333374,4.0,0.0
pilot,close,5,20,bayes_sample,10,3,0.46666666666666706,4.666666666666667,0.3333333333333333
pilot,close,5,20,bayes_sample,11,3,0.5166666666666672,4.666666666666667,0.3333333333333333
pilot,close,5,20,bayes_sample,12,3,0.5500000000000005,5.333333333333333,0.0
pilot,close,5,20,bayes_sample,13,3,0.5833333333333338,6.0,0.3333333333333333
pilot,close,5,20,bayes_sample,14,3,0.6166666666666673,6.333333333333333,0.3333333333333333
pilot,close,5,20,bayes_sample,15,3,0.6500000000000006,6.666666666666667,0.0
pilot,close,5,20,bayes_sample,16,3,0.7000000000000006,7.666666666666667,0.6666666666666666
pilot,close,5,20,bayes_sample,17,3,0.733333333333334,8.0,0.0
pilot,close,5,20,bayes_sample,18,3,0.7666666666666674,8.666666666666666,0.0
pilot,close,5,20,bayes_sample,19,3,0.8000000000000007,8.666666666666666,0.3333333333333333
pilot,close,5,20,bayes_sample,20,3,0.833333333333334,9.333333333333334,0.0
pilot,close,5,20,bayes_ucb,1,3,0.050000000000000044,0.3333333333333333,0.0
pilot,close,5,20,bayes_ucb,2,3,0.08333333333333341,0.6666666666666666,0.0
pilot,close,5,20,bayes_ucb,3,3,0.13333333333333344,1.0,0.0
pilot,close,5,20,bayes_ucb,4,3,0.1833333333333335,1.3333333333333333,0.0
pilot,close,5,20,bayes_ucb,5,3,0.21666666666666687,2.0,0.0
pilot,close,5,20,bayes_ucb,6,3,0.2500000000000002,2.6666666666666665,0.3333333333333333
pilot,close,5,20,bayes_ucb,7,3,0.2833333333333336,3.6666666666666665,0.0
pilot,close,5,20,bayes_ucb,8,3,0.31666666666666693,4.333333333333333,0.0
pilot,close,5,20,bayes_ucb,9,3,0.3500000000000003,4.666666666666667,0.3333333333333333
pilot,close,5,20,bayes_ucb,10,3,0.3833333333333337,5.0,0.0
pilot,close,5,20,bayes_ucb,11,3,0.416666666666667,5.0,0.3333333333333333
pilot,close,5,20,bayes_ucb,12,3,0.43333333333333374,5.333333333333333,0.3333333333333333
pilot,close,5,20,bayes_ucb,13,3,0.4500000000000004,5.666666666666667,0.0
pilot,close,5,20,bayes_ucb,14,3,0.46666666666666706,6.0,0.3333333333333333
pilot,close,5,20,bayes_ucb,15,3,0.5166666666666672,6.666666666666667,0.3333333333333333
pilot,close,5,20,bayes_ucb,16,3,0.5666666666666672,7.0,0.3333333333333333
pilot,close,5,20,bayes_ucb,17,3,0.6166666666666673,7.333333333333333,0.3333333333333333
pilot,close,5,20,bayes_ucb,18,3,0.6333333333333339,8.0,0.6666666666666666
pilot,close,5,20,bayes_ucb,19,3,0.6666666666666673,8.333333333333334,0.0
pilot,close,5,20,bayes_ucb,20,3,0.7166666666666673,9.333333333333334,0.3333333333333333
pilot,close,5,20,counts_direct,1,3,0.03333333333333336,0.3333333333333333,0.0
pilot,close,5,20,counts_direct,2,3,0.08333333333333341,0.6666666666666666,0.0
pilot,close,5,20,counts_direct,3,3,0.13333333333333344,1.0,0.0
pilot,close,5,20,counts_direct,4,3,0.16666666666666682,1.3333333333333333,0.3333333333333333
pilot,close,5,20,counts_direct,5,3,0.21666666666666687,1.3333333333333333,0.6666666666666666
pilot,close,5,20,counts_direct,6,3,0.2500000000000002,2.0,0.3333333333333333
pilot,close,5,20,counts_direct,7,3,0.2833333333333336,2.6666666666666665,0.6666666666666666
pilot,close,5,20,counts_direct,8,3,0.31666666666666693,3.0,0.6666666666666666
pilot,close,5,20,counts_direct,9,3,0.3500000000000003,3.6666666666666665,0.6666666666666666
pilot,close,5,20,counts_direct,10,3,0.3833333333333337,4.0,0.6666666666666666
pilot,close,5,20,counts_direct,11,3,0.416666666666667,4.0,0.6666666666666666
pilot,close,5,20,counts_direct,12,3,0.4500000000000004,4.333333333333333,0.6666666666666666
pilot,close,5,20,counts_direct,13,3,0.4833333333333338,5.0,0.3333333333333333
pilot,close,5,20,counts_direct,14,3,0.5166666666666672,5.333333333333333,0.3333333333333333
pilot,close,5,20,counts_direct,15,3,0.5500000000000005,5.333333333333333,0.3333333333333333
pilot,close,5,20,counts_direct,16,3,0.5833333333333338,5.666666666666667,0.3333333333333333
pilot,close,5,20,counts_direct,17,3,0.6166666666666673,5.666666666666667,0.3333333333333333
pilot,close,5,20,counts_direct,18,3,0.6500000000000006,6.666666666666667,0.6666666666666666
pilot,close,5,20,counts_direct,19,3,0.6833333333333339,7.333333333333333,0.3333333333333333
pilot,close,5,20,counts_direct,20,3,0.7166666666666673,7.666666666666667,0.3333333333333333
pilot,close,5,20,counts_sample,1,3,0.03333333333333336,0.3333333333333333,0.0
pilot,close,5,20,counts_sample,2,3,0.06666666666666672,1.0,0.6666666666666666
pilot,close,5,20,counts_sample,3,3,0.10000000000000009,1.0,0.0
pilot,close,5,20,counts_sample,4,3,0.13333333333333344,1.3333333333333333,0.3333333333333333
pilot,close,5,20,counts_sample,5,3,0.1833333333333335,1.6666666666666667,0.3333333333333333
pilot,close,5,20,counts_sample,6,3,0.23333333333333353,2.3333333333333335,0.3333333333333333
pilot,close,5,20,counts_sample,7,3,0.2833333333333336,2.6666666666666665,0.6666666666666666
pilot,close,5,20,counts_sample,8,3,0.33333333333333365,3.3333333333333335,0.6666666666666666
pilot,close,5,20,counts_sample,9,3,0.3833333333333337,3.6666666666666665,0.6666666666666666
pilot,close,5,20,counts_sample,10,3,0.416666666666667,4.666666666666667,0.6666666666666666
pilot,close,5,20,counts_sample,11,3,0.46666666666666706,4.666666666666667,0.6666666666666666
pilot,close,5,20,counts_sample,12,3,0.5166666666666672,4.666666666666667,0.6666666666666666
pilot,close,5,20,counts_sample,13,3,0.5666666666666672,5.0,0.6666666666666666
pilot,close,5,20,counts_sample,14,3,0.5833333333333338,5.666666666666667,0.0
pilot,close,5,20,counts_sample,15,3,0.6166666666666673,6.333333333333333,0.3333333333333333
pilot,close,5,20,counts_sample,16,3,0.6500000000000006,7.0,0.3333333333333333
pilot,close,5,20,counts_sample,17,3,0.6833333333333339,7.333333333333333,0.6666666666666666
pilot,close,5,20,counts_sample,18,3,0.7166666666666673,7.666666666666667,0.3333333333333333
pilot,close,5,20,counts_sample,19,3,0.7666666666666674,8.0,1.0
pilot,close,5,20,counts_sample,20,3,0.8000000000000007,8.333333333333334,0.3333333333333333
pilot,close,5,20,greedy,1,3,0.03333333333333336,0.3333333333333333,0.0
pilot,close,5,20,greedy,2,3,0.050000000000000044,1.0,0.0
pilot,close,5,20,greedy,3,3,0.06666666666666672,1.6666666666666667,0.0
pilot,close,5,20,greedy,4,3,0.08333333333333341,2.3333333333333335,0.0
pilot,close,5,20,greedy,5,3,0.11666666666666677,3.0,0.0
pilot,close,5,20,greedy,6,3,0.15000000000000013,3.3333333333333335,0.0
pilot,close,5,20,greedy,7,3,0.16666666666666682,4.0,0.0
pilot,close,5,20,greedy,8,3,0.20000000000000018,4.333333333333333,0.0
pilot,close,5,20,greedy,9,3,0.23333333333333353,5.0,0.0
pilot,close,5,20,greedy,10,3,0.2666666666666669,5.333333333333333,0.0
pilot,close,5,20,greedy,11,3,0.30000000000000027,5.333333333333333,0.0
pilot,close,5,20,greedy,12,3,0.33333333333333365,5.666666666666667,0.0
pilot,close,5,20,greedy,13,3,0.3833333333333337,6.0,0.0
pilot,close,5,20,greedy,14,3,0.43333333333333374,6.0,0.0
pilot,close,5,20,greedy,15,3,0.4833333333333338,6.666666666666667,0.0
pilot,close,5,20,greedy,16,3,0.5166666666666672,7.0,0.0
pilot,close,5,20,greedy,17,3,0.5500000000000005,7.666666666666667,0.0
pilot,close,5,20,greedy,18,3,0.5833333333333338,8.0,0.0
pilot,close,5,20,greedy,19,3,0.6166666666666673,8.333333333333334,0.0
pilot,close,5,20,greedy,20,3,0.6500000000000006,8.666666666666666,0.0
pilot,close,5,20,ids,1,3,0.03333333333333336,0.6666666666666666,0.0
pilot,close,5,20,ids,2,3,0.050000000000000044,1.6666666666666667,0.0
pilot,close,5,20,ids,3,3,0.06666666666666672,2.0,0.0
pilot,close,5,20,ids,4,3,0.10000000000000009,2.6666666666666665,0.6666666666666666
pilot,close,5,20,ids,5,3,0.13333333333333344,3.6666666666666665,0.3333333333333333
pilot,close,5,20,ids,6,3,0.16666666666666682,4.333333333333333,0.0
pilot,close,5,20,ids,7,3,0.20000000000000018,4.666666666666667,0.0
pilot,close,5,20,ids,8,3,0.21666666666666687,5.0,0.3333333333333333
pilot,close,5,20,ids,9,3,0.2666666666666669,5.333333333333333,0.3333333333333333
pilot,close,5,20,ids,10,3,0.31666666666666693,5.333333333333333,0.6666666666666666
pilot,close,5,20,ids,11,3,0.3500000000000003,5.666666666666667,0.0
pilot,close,5,20,ids,12,3,0.40000000000000036,6.0,0.6666666666666666
pilot,close,5,20,ids,13,3,0.43333333333333374,6.333333333333333,0.3333333333333333
pilot,close,5,20,ids,14,3,0.46666666666666706,6.666666666666667,0.3333333333333333
pilot,close,5,20,ids,15,3,0.5000000000000004,7.333333333333333,0.0
pilot,close,5,20,ids,16,3,0.5500000000000005,7.333333333333333,0.3333333333333333
pilot,close,5,20,ids,17,3,0.6000000000000005,8.0,0.6666666666666666
pilot,close,5,20,ids,18,3,0.6500000000000006,8.666666666666666,0.0
pilot,close,5,20,ids,19,3,0.7000000000000006,9.333333333333334,0.0
pilot,close,5,20,ids,20,3,0.7500000000000006,10.0,0.0
pilot,close,5,20,knowledge_gradient,1,3,0.050000000000000044,0.3333333333333333,0.0
pilot,close,5,20,knowledge_gradient,2,3,0.10000000000000009,0.6666666666666666,0.0
pilot,close,5,20,knowledge_gradient,3,3,0.13333333333333344,1.0,0.0
pilot,close,5,20,knowledge_gradient,4,3,0.16666666666666682,1.6666666666666667,0.0
pilot,close,5,20,knowledge_gradient,5,3,0.20000000000000018,2.6666666666666665,0.0
pilot,close,5,20,knowledge_gradient,6,3,0.23333333333333353,3.3333333333333335,0.0
pilot,close,5,20,knowledge_gradient,7,3,0.2666666666666669,4.0,0.3333333333333333
pilot,close,5,20,knowledge_gradient,8,3,0.30000000000000027,4.666666666666667,0.0
pilot,close,5,20,knowledge_gradient,9,3,0.33333333333333365,5.333333333333333,0.0
pilot,close,5,20,knowledge_gradient,10,3,0.366666666666667,5.333333333333333,0.0
pilot,close,5,20,knowledge_gradient,11,3,0.40000000000000036,5.666666666666667,0.0
pilot,close,5,20,knowledge_gradient,12,3,0.4500000000000004,5.666666666666667,0.3333333333333333
pilot,close,5,20,knowledge_gradient,13,3,0.4833333333333338,6.0,0.0
pilot,close,5,20,knowledge_gradient,14,3,0.5166666666666672,6.0,0.0
pilot,close,5,20,knowledge_gradient,15,3,0.5500000000000005,6.333333333333333,0.3333333333333333
pilot,close,5,20,knowledge_gradient,16,3,0.5833333333333338,6.666666666666667,0.3333333333333333
pilot,close,5,20,knowledge_gradient,17,3,0.6166666666666673,7.0,0.3333333333333333
pilot,close,5,20,knowledge_gradient,18,3,0.6500000000000006,7.666666666666667,0.0
pilot,close,5,20,knowledge_gradient,19,3,0.6833333333333339,8.0,0.0
pilot,close,5,20,knowledge_gradient,20,3,0.7166666666666673,8.333333333333334,0.0
pilot,close,5,20,random,1,3,0.03333333333333336,0.0,0.0
pilot,close,5,20,random,2,3,0.050000000000000044,1.0,0.0
pilot,close,5,20,random,3,3,0.10000000000000009,1.3333333333333333,0.6666666666666666
pilot,close,5,20,random,4,3,0.15000000000000013,2.0,1.0
pilot,close,5,20,random,5,3,0.20000000000000018,2.6666666666666665,0.6666666666666666
pilot,close,5,20,random,6,3,0.23333333333333353,3.3333333333333335,1.0
pilot,close,5,20,random,7,3,0.2666666666666669,4.333333333333333,0.6666666666666666
pilot,close,5,20,random,8,3,0.2666666666666669,5.0,0.3333333333333333
pilot,close,5,20,random,9,3,0.30000000000000027,5.333333333333333,1.0
pilot,close,5,20,random,10,3,0.33333333333333365,5.666666666666667,1.0
pilot,close,5,20,random,11,3,0.3833333333333337,6.333333333333333,1.0
pilot,close,5,20,random,12,3,0.43333333333333374,6.666666666666667,0.3333333333333333
pilot,close,5,20,random,13,3,0.4833333333333338,7.333333333333333,1.0
pilot,close,5,20,random,14,3,0.5333333333333338,7.666666666666667,1.0
pilot,close,5,20,random,15,3,0.5666666666666672,8.0,1.0
pilot,close,5,20,random,16,3,0.5833333333333338,8.666666666666666,0.6666666666666666
pilot,close,5,20,random,17,3,0.6333333333333339,8.666666666666666,1.0
pilot,close,5,20,random,18,3,0.6666666666666673,9.0,0.6666666666666666
pilot,close,5,20,random,19,3,0.6833333333333339,9.0,1.0
pilot,close,5,20,random,20,3,0.733333333333334,9.0,1.0
pilot,close,5,20,ts,1,3,0.050000000000000044,0.6666666666666666,0.0
pilot,close,5,20,ts,2,3,0.10000000000000009,1.3333333333333333,0.0
pilot,close,5,20,ts,3,3,0.15000000000000013,2.0,0.6666666666666666
pilot,close,5,20,ts,4,3,0.20000000000000018,2.3333333333333335,0.3333333333333333
pilot,close,5,20,ts,5,3,0.2500000000000002,3.0,0.3333333333333333
pilot,close,5,20,ts,6,3,0.30000000000000027,3.3333333333333335,0.3333333333333333
pilot,close,5,20,ts,7,3,0.33333333333333365,4.0,0.3333333333333333
pilot,close,5,20,ts,8,3,0.3833333333333337,4.333333333333333,1.0
pilot,close,5,20,ts,9,3,0.43333333333333374,4.666666666666667,1.0
pilot,close,5,20,ts,10,3,0.4833333333333338,4.666666666666667,0.3333333333333333
pilot,close,5,20,ts,11,3,0.5166666666666672,5.666666666666667,1.0
pilot,close,5,20,ts,12,3,0.5500000000000005,6.0,0.6666666666666666
pilot,close,5,20,ts,13,3,0.5666666666666672,6.666666666666667,0.3333333333333333
pilot,close,5,20,ts,14,3,0.6000000000000005,7.0,0.3333333333333333
pilot,close,5,20,ts,15,3,0.6333333333333339,7.333333333333333,0.0
pilot,close,5,20,ts,16,3,0.6333333333333339,7.666666666666667,0.3333333333333333
pilot,close,5,20,ts,17,3,0.6666666666666673,8.0,0.6666666666666666
pilot,close,5,20,ts,18,3,0.7000000000000006,8.333333333333334,0.3333333333333333
pilot,close,5,20,ts,19,3,0.7166666666666673,8.666666666666666,0.3333333333333333
pilot,close,5,20,ts,20,3,0.7500000000000006,9.0,0.3333333333333333
pilot,close,5,20,ucb1,1,3,0.050000000000000044,0.6666666666666666,0.0
pilot,close,5,20,ucb1,2,3,0.08333333333333341,1.3333333333333333,0.6666666666666666
pilot,close,5,20,ucb1,3,3,0.13333333333333344,1.3333333333333333,0.6666666666666666
pilot,close,5,20,ucb1,4,3,0.1833333333333335,1.6666666666666667,0.6666666666666666
pilot,close,5,20,ucb1,5,3,0.20000000000000018,2.3333333333333335,0.6666666666666666
pilot,close,5,20,ucb1,6,3,0.23333333333333353,3.0,0.0
pilot,close,5,20,ucb1,7,3,0.2500000000000002,4.0,0.3333333333333333
pilot,close,5,20,ucb1,8,3,0.2833333333333336,4.666666666666667,0.3333333333333333
pilot,close,5,20,ucb1,9,3,0.33333333333333365,5.333333333333333,0.6666666666666666
pilot,close,5,20,ucb1,10,3,0.3833333333333337,5.666666666666667,0.6666666666666666
pilot,close,5,20,ucb1,11,3,0.40000000000000036,6.0,0.6666666666666666
pilot,close,5,20,ucb1,12,3,0.4500000000000004,6.666666666666667,0.6666666666666666
pilot,close,5,20,ucb1,13,3,0.4833333333333338,7.0,0.3333333333333333
pilot,close,5,20,ucb1,14,3,0.5166666666666672,7.333333333333333,1.0
pilot,close,5,20,ucb1,15,3,0.5666666666666672,7.333333333333333,1.0
pilot,close,5,20,ucb1,16,3,0.6000000000000005,7.666666666666667,0.3333333333333333
pilot,close,5,20,ucb1,17,3,0.6166666666666673,7.666666666666667,0.3333333333333333
pilot,close,5,20,ucb1,18,3,0.6666666666666673,8.333333333333334,0.3333333333333333
pilot,close,5,20,ucb1,19,3,0.7000000000000006,9.0,0.6666666666666666
pilot,close,5,20,ucb1,20,3,0.7500000000000006,9.0,0.6666666666666666
pilot,close,15,20,bayes_direct,1,3,0.050000000000000044,0.3333333333333333,0.0
pilot,close,15,20,bayes_direct,2,3,0.10000000000000009,0.6666666666666666,0.0
pilot,close,15,20,bayes_direct,3,3,0.15000000000000013,1.0,0.0
pilot,close,15,20,bayes_direct,4,3,0.20000000000000018,1.6666666666666667,0.0
pilot,close,15,20,bayes_direct,5,3,0.2500000000000002,2.0,0.3333333333333333
pilot,close,15,20,bayes_direct,6,3,0.30000000000000027,2.6666666666666665,0.0
pilot,close,15,20,bayes_direct,7,3,0.3500000000000003,3.6666666666666665,0.0
pilot,close,15,20,bayes_direct,8,3,0.40000000000000036,4.333333333333333,0.0
pilot,close,15,20,bayes_direct,9,3,0.4500000000000004,4.666666666666667,0.0
pilot,close,15,20,bayes_direct,10,3,0.5000000000000004,5.666666666666667,0.0
pilot,close,15,20,bayes_direct,11,3,0.5500000000000005,6.0,0.0
pilot,close,15,20,bayes_direct,12,3,0.6000000000000005,6.666666666666667,0.0
pilot,close,15,20,bayes_direct,13,3,0.6500000000000006,7.666666666666667,0.0
pilot,close,15,20,bayes_direct,14,3,0.7000000000000006,8.333333333333334,0.0
pilot,close,15,20,bayes_direct,15,3,0.7500000000000006,8.666666666666666,0.0
pilot,close,15,20,bayes_direct,16,3,0.8000000000000007,9.333333333333334,0.3333333333333333
pilot,close,15,20,bayes_direct,17,3,0.8500000000000009,9.666666666666666,0.0
pilot,close,15,20,bayes_direct,18,3,0.9000000000000008,10.333333333333334,0.3333333333333333
pilot,close,15,20,bayes_direct,19,3,0.9500000000000007,11.333333333333334,0.0
pilot,close,15,20,bayes_direct,20,3,1.0000000000000009,12.0,0.0
pilot,close,15,20,bayes_sample,1,3,0.050000000000000044,0.3333333333333333,0.0
pilot,close,15,20,bayes_sample,2,3,0.10000000000000009,0.6666666666666666,0.0
pilot,close,15,20,bayes_sample,3,3,0.15000000000000013,1.0,0.0
pilot,close,15,20,bayes_sample,4,3,0.20000000000000018,1.3333333333333333,0.3333333333333333
pilot,close,15,20,bayes_sample,5,3,0.2500000000000002,2.0,0.6666666666666666
pilot,close,15,20,bayes_sample,6,3,0.30000000000000027,2.6666666666666665,0.0
pilot,close,15,20,bayes_sample,7,3,0.3500000000000003,3.6666666666666665,0.0
pilot,close,15,20,bayes_sample,8,3,0.40000000000000036,4.333333333333333,0.3333333333333333
pilot,close,15,20,bayes_sample,9,3,0.4500000000000004,5.0,0.0
pilot,close,15,20,bayes_sample,10,3,0.5000000000000004,5.666666666666667,0.6666666666666666
pilot,close,15,20,bayes_sample,11,3,0.5500000000000005,6.0,0.3333333333333333
pilot,close,15,20,bayes_sample,12,3,0.6000000000000005,6.333333333333333,0.0
pilot,close,15,20,bayes_sample,13,3,0.6500000000000006,7.0,0.0
pilot,close,15,20,bayes_sample,14,3,0.7000000000000006,7.333333333333333,0.6666666666666666
pilot,close,15,20,bayes_sample,15,3,0.7500000000000006,8.0,0.0
pilot,close,15,20,bayes_sample,16,3,0.8000000000000007,8.333333333333334,0.3333333333333333
pilot,close,15,20,bayes_sample,17,3,0.8500000000000009,9.0,0.3333333333333333
pilot,close,15,20,bayes_sample,18,3,0.9000000000000008,10.0,0.3333333333333333
pilot,close,15,20,bayes_sample,19,3,0.9500000000000007,11.0,0.0
pilot,close,15,20,bayes_sample,20,3,1.0000000000000009,11.666666666666666,0.0
pilot,close,15,20,bayes_ucb,1,3,0.050000000000000044,0.6666666666666666,0.0
pilot,close,15,20,bayes_ucb,2,3,0.10000000000000009,1.0,0.0
pilot,close,15,20,bayes_ucb,3,3,0.15000000000000013,1.3333333333333333,0.0
pilot,close,15,20,bayes_ucb,4,3,0.20000000000000018,2.0,0.0
pilot,close,15,20,bayes_ucb,5,3,0.2500000000000002,2.3333333333333335,0.0
pilot,close,15,20,bayes_ucb,6,3,0.30000000000000027,2.3333333333333335,0.3333333333333333
pilot,close,15,20,bayes_ucb,7,3,0.3500000000000003,2.6666666666666665,0.3333333333333333
pilot,close,15,20,bayes_ucb,8,3,0.40000000000000036,3.0,0.3333333333333333
pilot,close,15,20,bayes_ucb,9,3,0.43333333333333374,4.0,0.3333333333333333
pilot,close,15,20,bayes_ucb,10,3,0.46666666666666706,5.0,0.0
pilot,close,15,20,bayes_ucb,11,3,0.5000000000000004,5.333333333333333,0.0
pilot,close,15,20,bayes_ucb,12,3,0.5500000000000005,5.333333333333333,0.6666666666666666
pilot,close,15,20,bayes_ucb,13,3,0.6000000000000005,6.333333333333333,1.0
pilot,close,15,20,bayes_ucb,14,3,0.6500000000000006,6.333333333333333,0.3333333333333333
pilot,close,15,20,bayes_ucb,15,3,0.7000000000000006,6.666666666666667,1.0
pilot,close,15,20,bayes_ucb,16,3,0.733333333333334,7.333333333333333,0.6666666666666666
pilot,close,15,20,bayes_ucb,17,3,0.7666666666666674,8.0,0.6666666666666666
pilot,close,15,20,bayes_ucb,18,3,0.8000000000000007,8.333333333333334,0.3333333333333333
pilot,close,15,20,bayes_ucb,19,3,0.8500000000000009,9.0,0.6666666666666666
pilot,close,15,20,bayes_ucb,20,3,0.9000000000000008,9.666666666666666,0.6666666666666666
pilot,close,15,20,counts_direct,1,3,0.050000000000000044,0.3333333333333333,0.0
pilot,close,15,20,counts_direct,2,3,0.10000000000000009,0.6666666666666666,0.0
pilot,close,15,20,counts_direct,3,3,0.15000000000000013,1.0,0.0
pilot,close,15,20,counts_direct,4,3,0.20000000000000018,1.6666666666666667,0.0
pilot,close,15,20,counts_direct,5,3,0.2500000000000002,2.0,0.3333333333333333
pilot,close,15,20,counts_direct,6,3,0.30000000000000027,2.6666666666666665,0.0
pilot,close,15,20,counts_direct,7,3,0.3500000000000003,3.6666666666666665,0.3333333333333333
pilot,close,15,20,counts_direct,8,3,0.40000000000000036,4.0,0.0
pilot,close,15,20,counts_direct,9,3,0.4500000000000004,4.666666666666667,0.3333333333333333
pilot,close,15,20,counts_direct,10,3,0.5000000000000004,5.666666666666667,0.0
pilot,close,15,20,counts_direct,11,3,0.5500000000000005,6.333333333333333,0.0
pilot,close,15,20,counts_direct,12,3,0.6000000000000005,7.0,0.0
pilot,close,15,20,counts_direct,13,3,0.6500000000000006,7.666666666666667,0.0
pilot,close,15,20,counts_direct,14,3,0.7000000000000006,8.666666666666666,0.0
pilot,close,15,20,counts_direct,15,3,0.7500000000000006,9.0,0.0
pilot,close,15,20,counts_direct,16,3,0.8000000000000007,9.666666666666666,0.0
pilot,close,15,20,counts_direct,17,3,0.8500000000000009,10.333333333333334,0.0
pilot,close,15,20,counts_direct,18,3,0.9000000000000008,11.0,0.0
pilot,close,15,20,counts_direct,19,3,0.9500000000000007,12.0,0.0
pilot,close,15,20,counts_direct,20,3,1.0000000000000009,12.333333333333334,0.0
pilot,close,15,20,counts_sample,1,3,0.050000000000000044,0.3333333333333333,0.0
pilot,close,15,20,counts_sample,2,3,0.10000000000000009,0.6666666666666666,0.0
pilot,close,15,20,counts_sample,3,3,0.15000000000000013,1.3333333333333333,0.3333333333333333
pilot,close,15,20,counts_sample,4,3,0.20000000000000018,1.6666666666666667,0.0
pilot,close,15,20,counts_sample,5,3,0.2500000000000002,2.3333333333333335,0.0
pilot,close,15,20,counts_sample,6,3,0.30000000000000027,3.3333333333333335,0.3333333333333333
pilot,close,15,20,counts_sample,7,3,0.3500000000000003,4.333333333333333,0.3333333333333333
pilot,close,15,20,counts_sample,8,3,0.40000000000000036,4.666666666666667,0.0
pilot,close,15,20,counts_sample,9,3,0.4500000000000004,5.0,0.3333333333333333
pilot,close,15,20,counts_sample,10,3,0.5000000000000004,6.0,0.0
pilot,close,15,20,counts_sample,11,3,0.5500000000000005,6.333333333333333,0.0
pilot,close,15,20,counts_sample,12,3,0.6000000000000005,6.666666666666667,0.6666666666666666
pilot,close,15,20,counts_sample,13,3,0.6500000000000006,7.666666666666667,0.0
pilot,close,15,20,counts_sample,14,3,0.7000000000000006,8.0,0.3333333333333333
pilot,close,15,20,counts_sample,15,3,0.7500000000000006,8.333333333333334,0.3333333333333333
pilot,close,15,20,counts_sample,16,3,0.8000000000000007,9.0,0.0
pilot,close,15,20,counts_sample,17,3,0.8500000000000009,9.333333333333334,0.3333333333333333
pilot,close,15,20,counts_sample,18,3,0.9000000000000008,10.0,0.0
pilot,close,15,20,counts_sample,19,3,0.9500000000000007,10.0,0.3333333333333333
pilot,close,15,20,counts_sample,20,3,1.0000000000000009,11.0,0.3333333333333333
pilot,close,15,20,greedy,1,3,0.050000000000000044,0.6666666666666666,0.0
pilot,close,15,20,greedy,2,3,0.10000000000000009,1.3333333333333333,0.0
pilot,close,15,20,greedy,3,3,0.15000000000000013,2.0,0.0
pilot,close,15,20,greedy,4,3,0.20000000000000018,2.3333333333333335,0.0
pilot,close,15,20,greedy,5,3,0.2500000000000002,3.0,0.0
pilot,close,15,20,greedy,6,3,0.30000000000000027,3.6666666666666665,0.0
pilot,close,15,20,greedy,7,3,0.3500000000000003,3.6666666666666665,0.0
pilot,close,15,20,greedy,8,3,0.40000000000000036,4.666666666666667,0.0
pilot,close,15,20,greedy,9,3,0.4500000000000004,5.0,0.0
pilot,close,15,20,greedy,10,3,0.5000000000000004,5.666666666666667,0.0
pilot,close,15,20,greedy,11,3,0.5500000000000005,6.333333333333333,0.0
pilot,close,15,20,greedy,12,3,0.6000000000000005,7.0,0.0
pilot,close,15,20,greedy,13,3,0.6500000000000006,7.666666666666667,0.0
pilot,close,15,20,greedy,14,3,0.7000000000000006,8.333333333333334,0.0
pilot,close,15,20,greedy,15,3,0.7500000000000006,8.333333333333334,0.0
pilot,close,15,20,greedy,16,3,0.8000000000000007,9.333333333333334,0.0
pilot,close,15,20,greedy,17,3,0.8500000000000009,10.0,0.0
pilot,close,15,20,greedy,18,3,0.9000000000000008,10.666666666666666,0.0
pilot,close,15,20,greedy,19,3,0.9500000000000007,11.0,0.0
pilot,close,15,20,greedy,20,3,1.0000000000000009,11.333333333333334,0.0
pilot,close,15,20,ids,1,3,0.03333333333333336,0.6666666666666666,0.0
pilot,close,15,20,ids,2,3,0.06666666666666672,1.3333333333333333,0.0
pilot,close,15,20,ids,3,3,0.10000000000000009,2.0,0.0
pilot,close,15,20,ids,4,3,0.15000000000000013,2.3333333333333335,0.3333333333333333
pilot,close,15,20,ids,5,3,0.20000000000000018,3.0,0.3333333333333333
pilot,close,15,20,ids,6,3,0.2500000000000002,3.3333333333333335,0.3333333333333333
pilot,close,15,20,ids,7,3,0.30000000000000027,3.3333333333333335,0.0
pilot,close,15,20,ids,8,3,0.3500000000000003,4.0,0.6666666666666666
pilot,close,15,20,ids,9,3,0.40000000000000036,4.666666666666667,0.3333333333333333
pilot,close,15,20,ids,10,3,0.43333333333333374,5.333333333333333,0.0
pilot,close,15,20,ids,11,3,0.46666666666666706,6.0,0.3333333333333333
pilot,close,15,20,ids,12,3,0.5000000000000004,6.0,0.3333333333333333
pilot,close,15,20,ids,13,3,0.5500000000000005,6.333333333333333,1.0
pilot,close,15,20,ids,14,3,0.6000000000000005,6.666666666666667,0.6666666666666666
pilot,close,15,20,ids,15,3,0.6500000000000006,7.333333333333333,0.6666666666666666
pilot,close,15,20,ids,16,3,0.7000000000000006,7.666666666666667,0.3333333333333333
pilot,close,15,20,ids,17,3,0.7500000000000006,8.0,0.6666666666666666
pilot,close,15,20,ids,18,3,0.8000000000000007,9.0,0.6666666666666666
pilot,close,15,20,ids,19,3,0.8500000000000009,9.666666666666666,0.0
pilot,close,15,20,ids,20,3,0.9000000000000008,10.666666666666666,0.3333333333333333
pilot,close,15,20,knowledge_gradient,1,3,0.050000000000000044,0.6666666666666666,0.0
pilot,close,15,20,knowledge_gradient,2,3,0.10000000000000009,1.0,0.0
pilot,close,15,20,knowledge_gradient,3,3,0.15000000000000013,1.3333333333333333,0.0
pilot,close,15,20,knowledge_gradient,4,3,0.20000000000000018,2.0,0.0
pilot,close,15,20,knowledge_gradient,5,3,0.23333333333333353,2.3333333333333335,0.0
pilot,close,15,20,knowledge_gradient,6,3,0.2500000000000002,3.0,0.0
pilot,close,15,20,knowledge_gradient,7,3,0.2666666666666669,3.6666666666666665,0.0
pilot,close,15,20,knowledge_gradient,8,3,0.30000000000000027,4.0,0.3333333333333333
pilot,close,15,20,knowledge_gradient,9,3,0.3500000000000003,4.333333333333333,0.3333333333333333
pilot,close,15,20,knowledge_gradient,10,3,0.40000000000000036,4.666666666666667,0.3333333333333333
pilot,close,15,20,knowledge_gradient,11,3,0.43333333333333374,5.333333333333333,0.0
pilot,close,15,20,knowledge_gradient,12,3,0.46666666666666706,6.0,0.3333333333333333
pilot,close,15,20,knowledge_gradient,13,3,0.5000000000000004,6.333333333333333,0.3333333333333333
pilot,close,15,20,knowledge_gradient,14,3,0.5500000000000005,6.333333333333333,0.6666666666666666
pilot,close,15,20,knowledge_gradient,15,3,0.5833333333333338,7.0,0.3333333333333333
pilot,close,15,20,knowledge_gradient,16,3,0.6166666666666673,7.333333333333333,0.3333333333333333
pilot,close,15,20,knowledge_gradient,17,3,0.6666666666666673,8.0,0.3333333333333333
pilot,close,15,20,knowledge_gradient,18,3,0.7166666666666673,8.666666666666666,0.3333333333333333
pilot,close,15,20,knowledge_gradient,19,3,0.7500000000000006,9.333333333333334,0.0
pilot,close,15,20,knowledge_gradient,20,3,0.7833333333333341,10.333333333333334,0.0
pilot,close,15,20,random,1,3,0.050000000000000044,0.3333333333333333,0.0
pilot,close,15,20,random,2,3,0.10000000000000009,1.0,0.3333333333333333
pilot,close,15,20,random,3,3,0.13333333333333344,1.6666666666666667,1.0
pilot,close,15,20,random,4,3,0.1833333333333335,2.3333333333333335,1.0
pilot,close,15,20,random,5,3,0.23333333333333353,3.0,1.0
pilot,close,15,20,random,6,3,0.2833333333333336,4.0,0.3333333333333333
pilot,close,15,20,random,7,3,0.33333333333333365,4.333333333333333,1.0
pilot,close,15,20,random,8,3,0.366666666666667,4.333333333333333,1.0
pilot,close,15,20,random,9,3,0.3833333333333337,5.0,0.6666666666666666
pilot,close,15,20,random,10,3,0.43333333333333374,5.666666666666667,1.0
pilot,close,15,20,random,11,3,0.4833333333333338,6.0,0.6666666666666666
pilot,close,15,20,random,12,3,0.5333333333333338,7.0,1.0
pilot,close,15,20,random,13,3,0.5833333333333338,8.0,1.0
pilot,close,15,20,random,14,3,0.6333333333333339,9.0,0.6666666666666666
pilot,close,15,20,random,15,3,0.6833333333333339,10.0,1.0
pilot,close,15,20,random,16,3,0.7166666666666673,10.333333333333334,0.6666666666666666
pilot,close,15,20,random,17,3,0.7666666666666674,10.666666666666666,0.6666666666666666
pilot,close,15,20,random,18,3,0.8166666666666673,11.0,0.3333333333333333
pilot,close,15,20,random,19,3,0.8500000000000009,11.666666666666666,0.6666666666666666
pilot,close,15,20,random,20,3,0.9000000000000008,12.0,1.0
pilot,close,15,20,ts,1,3,0.050000000000000044,0.6666666666666666,0.0
pilot,close,15,20,ts,2,3,0.10000000000000009,1.3333333333333333,0.6666666666666666
pilot,close,15,20,ts,3,3,0.13333333333333344,2.0,0.6666666666666666
pilot,close,15,20,ts,4,3,0.1833333333333335,2.6666666666666665,0.6666666666666666
pilot,close,15,20,ts,5,3,0.23333333333333353,3.0,0.6666666666666666
pilot,close,15,20,ts,6,3,0.2833333333333336,4.0,0.6666666666666666
pilot,close,15,20,ts,7,3,0.33333333333333365,4.333333333333333,0.6666666666666666
pilot,close,15,20,ts,8,3,0.3833333333333337,4.333333333333333,0.6666666666666666
pilot,close,15,20,ts,9,3,0.43333333333333374,5.333333333333333,1.0
pilot,close,15,20,ts,10,3,0.4833333333333338,5.333333333333333,0.6666666666666666
pilot,close,15,20,ts,11,3,0.5166666666666672,5.666666666666667,0.3333333333333333
pilot,close,15,20,ts,12,3,0.5666666666666672,6.0,0.3333333333333333
pilot,close,15,20,ts,13,3,0.6166666666666673,6.333333333333333,0.6666666666666666
pilot,close,15,20,ts,14,3,0.6666666666666673,7.0,0.6666666666666666
pilot,close,15,20,ts,15,3,0.7166666666666673,7.666666666666667,1.0
pilot,close,15,20,ts,16,3,0.7500000000000006,7.666666666666667,0.6666666666666666
pilot,close,15,20,ts,17,3,0.7666666666666674,8.333333333333334,0.6666666666666666
pilot,close,15,20,ts,18,3,0.8166666666666673,8.666666666666666,1.0
pilot,close,15,20,ts,19,3,0.8666666666666675,9.666666666666666,0.6666666666666666
pilot,close,15,20,ts,20,3,0.9166666666666675,10.333333333333334,0.3333333333333333
pilot,close,15,20,ucb1,1,3,0.03333333333333336,0.6666666666666666,0.0
pilot,close,15,20,ucb1,2,3,0.08333333333333341,1.3333333333333333,0.6666666666666666
pilot,close,15,20,ucb1,3,3,0.13333333333333344,1.6666666666666667,1.0
pilot,close,15,20,ucb1,4,3,0.1833333333333335,2.6666666666666665,1.0
pilot,close,15,20,ucb1,5,3,0.21666666666666687,3.3333333333333335,1.0
pilot,close,15,20,ucb1,6,3,0.2666666666666669,4.0,1.0
pilot,close,15,20,ucb1,7,3,0.31666666666666693,4.333333333333333,1.0
pilot,close,15,20,ucb1,8,3,0.3500000000000003,4.666666666666667,1.0
pilot,close,15,20,ucb1,9,3,0.40000000000000036,5.0,1.0
pilot,close,15,20,ucb1,10,3,0.4500000000000004,5.333333333333333,1.0
pilot,close,15,20,ucb1,11,3,0.5000000000000004,6.0,1.0
pilot,close,15,20,ucb1,12,3,0.5500000000000005,6.666666666666667,1.0
pilot,close,15,20,ucb1,13,3,0.6000000000000005,7.333333333333333,1.0
pilot,close,15,20,ucb1,14,3,0.6500000000000006,8.0,1.0
pilot,close,15,20,ucb1,15,3,0.7000000000000006,8.333333333333334,1.0
pilot,close,15,20,ucb1,16,3,0.7500000000000006,9.0,0.0
pilot,close,15,20,ucb1,17,3,0.8000000000000007,9.333333333333334,0.6666666666666666
pilot,close,15,20,ucb1,18,3,0.833333333333334,10.0,0.6666666666666666
pilot,close,15,20,ucb1,19,3,0.8833333333333341,10.333333333333334,0.6666666666666666
pilot,close,15,20,ucb1,20,3,0.9333333333333341,10.666666666666666,0.6666666666666666
pilot,prior,2,20,bayes_direct,1,3,0.04740706541482478,0.0,0.0
pilot,prior,2,20,bayes_direct,2,3,0.06553802738864146,0.3333333333333333,0.0
pilot,prior,2,20,bayes_direct,3,3,0.07517798084332343,0.6666666666666666,0.0
pilot,prior,2,20,bayes_direct,4,3,0.09330894281714013,1.3333333333333333,0.0
pilot,prior,2,20,bayes_direct,5,3,0.09330894281714013,1.6666666666666667,0.0
pilot,prior,2,20,bayes_direct,6,3,0.11143990479095679,2.0,0.0
pilot,prior,2,20,bayes_direct,7,3,0.11143990479095679,2.6666666666666665,0.0
pilot,prior,2,20,bayes_direct,8,3,0.11143990479095679,3.0,0.0
pilot,prior,2,20,bayes_direct,9,3,0.12107985824563876,3.3333333333333335,0.0
pilot,prior,2,20,bayes_direct,10,3,0.12107985824563876,4.0,0.0
pilot,prior,2,20,bayes_direct,11,3,0.12107985824563876,4.0,0.0
pilot,prior,2,20,bayes_direct,12,3,0.1307198117003207,4.333333333333333,0.0
pilot,prior,2,20,bayes_direct,13,3,0.1307198117003207,5.0,0.0
pilot,prior,2,20,bayes_direct,14,3,0.1307198117003207,5.333333333333333,0.0
pilot,prior,2,20,bayes_direct,15,3,0.1307198117003207,5.666666666666667,0.0
pilot,prior,2,20,bayes_direct,16,3,0.1307198117003207,6.333333333333333,0.0
pilot,prior,2,20,bayes_direct,17,3,0.1307198117003207,6.666666666666667,0.0
pilot,prior,2,20,bayes_direct,18,3,0.1488507736741374,7.333333333333333,0.0
pilot,prior,2,20,bayes_direct,19,3,0.1488507736741374,8.0,0.0
pilot,prior,2,20,bayes_direct,20,3,0.1488507736741374,8.333333333333334,0.0
pilot,prior,2,20,bayes_sample,1,3,0.04740706541482478,0.0,0.0
pilot,prior,2,20,bayes_sample,2,3,0.06553802738864146,0.3333333333333333,0.0
pilot,prior,2,20,bayes_sample,3,3,0.07517798084332343,0.6666666666666666,0.0
pilot,prior,2,20,bayes_sample,4,3,0.09330894281714013,1.3333333333333333,0.0
pilot,prior,2,20,bayes_sample,5,3,0.09330894281714013,1.6666666666666667,0.0
pilot,prior,2,20,bayes_sample,6,3,0.11143990479095679,2.0,0.0
pilot,prior,2,20,bayes_sample,7,3,0.11143990479095679,2.6666666666666665,0.0
pilot,prior,2,20,bayes_sample,8,3,0.11143990479095679,3.0,0.0
pilot,prior,2,20,bayes_sample,9,3,0.11143990479095679,3.3333333333333335,0.0
pilot,prior,2,20,bayes_sample,10,3,0.13921082021945544,3.6666666666666665,0.3333333333333333
pilot,prior,2,20,bayes_sample,11,3,0.13921082021945544,4.0,0.0
pilot,prior,2,20,bayes_sample,12,3,0.18661788563428025,4.333333333333333,0.3333333333333333
pilot,prior,2,20,bayes_sample,13,3,0.2521559130229217,4.666666666666667,1.0
pilot,prior,2,20,bayes_sample,14,3,0.2899230249830645,5.333333333333333,0.3333333333333333
pilot,prior,2,20,bayes_sample,15,3,0.30805398695688124,5.666666666666667,0.0
pilot,prior,2,20,bayes_sample,16,3,0.30805398695688124,6.0,0.0
pilot,prior,2,20,bayes_sample,17,3,0.30805398695688124,6.666666666666667,0.0
pilot,prior,2,20,bayes_sample,18,3,0.3261849489306979,7.333333333333333,0.0
pilot,prior,2,20,bayes_sample,19,3,0.3539558643591965,8.0,0.6666666666666666
pilot,prior,2,20,bayes_sample,20,3,0.3539558643591965,8.333333333333334,0.0
pilot,prior,2,20,bayes_ucb,1,3,0.0,0.3333333333333333,0.0
pilot,prior,2,20,bayes_ucb,2,3,0.027770915428498646,0.6666666666666666,0.0
pilot,prior,2,20,bayes_ucb,3,3,0.045901877402315334,1.3333333333333333,0.0
pilot,prior,2,20,bayes_ucb,4,3,0.045901877402315334,1.6666666666666667,0.0
pilot,prior,2,20,bayes_ucb,5,3,0.045901877402315334,2.0,0.0
pilot,prior,2,20,bayes_ucb,6,3,0.07367279283081397,2.3333333333333335,0.0
pilot,prior,2,20,bayes_ucb,7,3,0.07367279283081397,3.0,0.0
pilot,prior,2,20,bayes_ucb,8,3,0.08331274628549594,3.3333333333333335,0.3333333333333333
pilot,prior,2,20,bayes_ucb,9,3,0.08331274628549594,3.6666666666666665,0.0
pilot,prior,2,20,bayes_ucb,10,3,0.08331274628549594,4.0,0.0
pilot,prior,2,20,bayes_ucb,11,3,0.09295269974017789,4.333333333333333,0.3333333333333333
pilot,prior,2,20,bayes_ucb,12,3,0.09295269974017789,4.666666666666667,0.0
pilot,prior,2,20,bayes_ucb,13,3,0.12072361516867654,5.0,0.6666666666666666
pilot,prior,2,20,bayes_ucb,14,3,0.12072361516867654,5.666666666666667,0.0
pilot,prior,2,20,bayes_ucb,15,3,0.12072361516867654,6.0,0.0
pilot,prior,2,20,bayes_ucb,16,3,0.13885457714249325,6.333333333333333,0.3333333333333333
pilot,prior,2,20,bayes_ucb,17,3,0.15698553911630994,7.0,0.0
pilot,prior,2,20,bayes_ucb,18,3,0.17511650109012664,7.666666666666667,0.0
pilot,prior,2,20,bayes_ucb,19,3,0.19324746306394333,8.333333333333334,0.3333333333333333
pilot,prior,2,20,bayes_ucb,20,3,0.19324746306394333,9.0,0.0
pilot,prior,2,20,counts_direct,1,3,0.04740706541482478,0.0,0.0
pilot,prior,2,20,counts_direct,2,3,0.06553802738864146,0.3333333333333333,0.0
pilot,prior,2,20,counts_direct,3,3,0.07517798084332343,0.6666666666666666,0.0
pilot,prior,2,20,counts_direct,4,3,0.09330894281714013,1.3333333333333333,0.0
pilot,prior,2,20,counts_direct,5,3,0.09330894281714013,1.6666666666666667,0.0
pilot,prior,2,20,counts_direct,6,3,0.11143990479095679,2.0,0.0
pilot,prior,2,20,counts_direct,7,3,0.11143990479095679,2.6666666666666665,0.0
pilot,prior,2,20,counts_direct,8,3,0.12107985824563876,3.0,0.3333333333333333
pilot,prior,2,20,counts_direct,9,3,0.12107985824563876,3.3333333333333335,0.0
pilot,prior,2,20,counts_direct,10,3,0.1488507736741374,3.6666666666666665,0.6666666666666666
pilot,prior,2,20,counts_direct,11,3,0.1488507736741374,4.0,0.0
pilot,prior,2,20,counts_direct,12,3,0.15849072712881937,4.333333333333333,0.3333333333333333
pilot,prior,2,20,counts_direct,13,3,0.15849072712881937,4.666666666666667,0.0
pilot,prior,2,20,counts_direct,14,3,0.1681306805835013,5.333333333333333,0.3333333333333333
pilot,prior,2,20,counts_direct,15,3,0.17777063403818327,5.666666666666667,0.0
pilot,prior,2,20,counts_direct,16,3,0.18741058749286524,6.333333333333333,0.0
pilot,prior,2,20,counts_direct,17,3,0.21518150292136387,6.666666666666667,0.3333333333333333
pilot,prior,2,20,counts_direct,18,3,0.2429524183498625,7.333333333333333,0.0
pilot,prior,2,20,counts_direct,19,3,0.27072333377836116,8.0,0.0
pilot,prior,2,20,counts_direct,20,3,0.29849424920685985,8.333333333333334,0.0
pilot,prior,2,20,counts_sample,1,3,0.04740706541482478,0.0,0.0
pilot,prior,2,20,counts_sample,2,3,0.06553802738864146,0.3333333333333333,0.0
pilot,prior,2,20,counts_sample,3,3,0.11294509280346625,0.6666666666666666,0.3333333333333333
pilot,prior,2,20,counts_sample,4,3,0.13107605477728293,1.3333333333333333,0.0
pilot,prior,2,20,counts_sample,5,3,0.13107605477728293,1.6666666666666667,0.0
pilot,prior,2,20,counts_sample,6,3,0.14920701675109962,2.0,0.0
pilot,prior,2,20,counts_sample,7,3,0.14920701675109962,2.6666666666666665,0.0
pilot,prior,2,20,counts_sample,8,3,0.14920701675109962,3.0,0.0
pilot,prior,2,20,counts_sample,9,3,0.17697793217959826,3.3333333333333335,0.3333333333333333
pilot,prior,2,20,counts_sample,10,3,0.18661788563428025,3.6666666666666665,0.3333333333333333
pilot,prior,2,20,counts_sample,11,3,0.2047488476080969,4.333333333333333,0.3333333333333333
pilot,prior,2,20,counts_sample,12,3,0.22287980958191364,4.333333333333333,0.0
pilot,prior,2,20,counts_sample,13,3,0.22287980958191364,5.333333333333333,0.0
pilot,prior,2,20,counts_sample,14,3,0.22287980958191364,5.666666666666667,0.0
pilot,prior,2,20,counts_sample,15,3,0.24101077155573028,6.0,0.3333333333333333
pilot,prior,2,20,counts_sample,16,3,0.24101077155573028,6.666666666666667,0.0
pilot,prior,2,20,counts_sample,17,3,0.24101077155573028,7.333333333333333,0.0
pilot,prior,2,20,counts_sample,18,3,0.24101077155573028,7.666666666666667,0.0
pilot,prior,2,20,counts_sample,19,3,0.259141733529547,8.333333333333334,0.3333333333333333
pilot,prior,2,20,counts_sample,20,3,0.259141733529547,8.666666666666666,0.0
pilot,prior,2,20,greedy,1,3,0.0,0.3333333333333333,0.0
pilot,prior,2,20,greedy,2,3,0.027770915428498646,0.6666666666666666,0.0
pilot,prior,2,20,greedy,3,3,0.05554183085699729,1.0,0.0
pilot,prior,2,20,greedy,4,3,0.05554183085699729,1.6666666666666667,0.0
pilot,prior,2,20,greedy,5,3,0.07367279283081397,2.0,0.0
pilot,prior,2,20,greedy,6,3,0.07367279283081397,2.3333333333333335,0.0
pilot,prior,2,20,greedy,7,3,0.07367279283081397,3.0,0.0
pilot,prior,2,20,greedy,8,3,0.07367279283081397,3.3333333333333335,0.0
pilot,prior,2,20,greedy,9,3,0.07367279283081397,3.6666666666666665,0.0
pilot,prior,2,20,greedy,10,3,0.08331274628549594,4.0,0.0
pilot,prior,2,20,greedy,11,3,0.08331274628549594,4.333333333333333,0.0
pilot,prior,2,20,greedy,12,3,0.08331274628549594,5.0,0.0
pilot,prior,2,20,greedy,13,3,0.08331274628549594,5.333333333333333,0.0
pilot,prior,2,20,greedy,14,3,0.08331274628549594,5.666666666666667,0.0
pilot,prior,2,20,greedy,15,3,0.08331274628549594,6.333333333333333,0.0
pilot,prior,2,20,greedy,16,3,0.08331274628549594,6.666666666666667,0.0
pilot,prior,2,20,greedy,17,3,0.10144370825931263,7.333333333333333,0.0
pilot,prior,2,20,greedy,18,3,0.10144370825931263,8.0,0.0
pilot,prior,2,20,greedy,19,3,0.10144370825931263,8.333333333333334,0.0
pilot,prior,2,20,greedy,20,3,0.10144370825931263,8.666666666666666,0.0
pilot,prior,2,20,ids,1,3,0.0,0.3333333333333333,0.0
pilot,prior,2,20,ids,2,3,0.027770915428498646,0.6666666666666666,0.0
pilot,prior,2,20,ids,3,3,0.05554183085699729,1.0,0.0
pilot,prior,2,20,ids,4,3,0.05554183085699729,1.6666666666666667,0.0
pilot,prior,2,20,ids,5,3,0.07367279283081397,2.0,0.0
pilot,prior,2,20,ids,6,3,0.07367279283081397,2.3333333333333335,0.0
pilot,prior,2,20,ids,7,3,0.07367279283081397,3.0,0.0
pilot,prior,2,20,ids,8,3,0.08331274628549594,3.3333333333333335,0.3333333333333333
pilot,prior,2,20,ids,9,3,0.08331274628549594,3.6666666666666665,0.0
pilot,prior,2,20,ids,10,3,0.09295269974017789,4.0,0.3333333333333333
pilot,prior,2,20,ids,11,3,0.09295269974017789,4.333333333333333,0.0
pilot,prior,2,20,ids,12,3,0.09295269974017789,4.666666666666667,0.0
pilot,prior,2,20,ids,13,3,0.10259265319485984,5.0,0.3333333333333333
pilot,prior,2,20,ids,14,3,0.12072361516867654,5.666666666666667,0.3333333333333333
pilot,prior,2,20,ids,15,3,0.12072361516867654,6.0,0.0
pilot,prior,2,20,ids,16,3,0.12072361516867654,6.0,0.0
pilot,prior,2,20,ids,17,3,0.13885457714249325,7.0,0.3333333333333333
pilot,prior,2,20,ids,18,3,0.15698553911630994,7.666666666666667,0.0
pilot,prior,2,20,ids,19,3,0.17511650109012664,8.333333333333334,0.0
pilot,prior,2,20,ids,20,3,0.19324746306394333,9.0,0.0
pilot,prior,2,20,knowledge_gradient,1,3,0.06553802738864146,0.0,0.0
pilot,prior,2,20,knowledge_gradient,2,3,0.06553802738864146,0.3333333333333333,0.0
pilot,prior,2,20,knowledge_gradient,3,3,0.07517798084332343,0.6666666666666666,0.0
pilot,prior,2,20,knowledge_gradient,4,3,0.08481793429800538,1.0,0.6666666666666666
pilot,prior,2,20,knowledge_gradient,5,3,0.10294889627182206,1.6666666666666667,0.0
pilot,prior,2,20,knowledge_gradient,6,3,0.10294889627182206,2.3333333333333335,0.3333333333333333
pilot,prior,2,20,knowledge_gradient,7,3,0.12107985824563876,2.6666666666666665,0.3333333333333333
pilot,prior,2,20,knowledge_gradient,8,3,0.12107985824563876,3.0,0.0
pilot,prior,2,20,knowledge_gradient,9,3,0.1488507736741374,3.3333333333333335,0.6666666666666666
pilot,prior,2,20,knowledge_gradient,10,3,0.1488507736741374,3.6666666666666665,0.0
pilot,prior,2,20,knowledge_gradient,11,3,0.1488507736741374,4.0,0.0
pilot,prior,2,20,knowledge_gradient,12,3,0.15849072712881937,4.333333333333333,0.3333333333333333
pilot,prior,2,20,knowledge_gradient,13,3,0.15849072712881937,4.666666666666667,0.0
pilot,prior,2,20,knowledge_gradient,14,3,0.15849072712881937,5.333333333333333,0.0
pilot,prior,2,20,knowledge_gradient,15,3,0.15849072712881937,5.666666666666667,0.0
pilot,prior,2,20,knowledge_gradient,16,3,0.15849072712881937,6.0,0.0
pilot,prior,2,20,knowledge_gradient,17,3,0.15849072712881937,6.333333333333333,0.0
pilot,prior,2,20,knowledge_gradient,18,3,0.15849072712881937,7.0,0.0
pilot,prior,2,20,knowledge_gradient,19,3,0.15849072712881937,7.666666666666667,0.0
pilot,prior,2,20,knowledge_gradient,20,3,0.15849072712881937,8.333333333333334,0.0
pilot,prior,2,20,random,1,3,0.0,0.3333333333333333,0.0
pilot,prior,2,20,random,2,3,0.0,1.0,0.6666666666666666
pilot,prior,2,20,random,3,3,0.0,1.3333333333333333,0.3333333333333333
pilot,prior,2,20,random,4,3,0.06553802738864146,1.3333333333333333,0.3333333333333333
pilot,prior,2,20,random,5,3,0.09330894281714013,1.6666666666666667,0.3333333333333333
pilot,prior,2,20,random,6,3,0.14920701675109962,2.0,0.3333333333333333
pilot,prior,2,20,random,7,3,0.1673379787249163,2.3333333333333335,0.0
pilot,prior,2,20,random,8,3,0.2232360526588758,2.6666666666666665,0.6666666666666666
pilot,prior,2,20,random,9,3,0.24136701463269253,3.0,0.0
pilot,prior,2,20,random,10,3,0.2791341265928354,3.6666666666666665,1.0
pilot,prior,2,20,random,11,3,0.2791341265928354,4.333333333333333,0.3333333333333333
pilot,prior,2,20,random,12,3,0.3350322005267949,4.666666666666667,0.6666666666666666
pilot,prior,2,20,random,13,3,0.3350322005267949,5.0,0.0
pilot,prior,2,20,random,14,3,0.3909302744607544,5.666666666666667,1.0
pilot,prior,2,20,random,15,3,0.4468283483947138,6.333333333333333,0.6666666666666666
pilot,prior,2,20,random,16,3,0.4942354138095386,6.666666666666667,0.6666666666666666
pilot,prior,2,20,random,17,3,0.5123663757833553,7.333333333333333,0.3333333333333333
pilot,prior,2,20,random,18,3,0.5123663757833553,7.666666666666667,0.0
pilot,prior,2,20,random,19,3,0.5220063292380372,8.0,0.3333333333333333
pilot,prior,2,20,random,20,3,0.5597734411981802,8.333333333333334,0.3333333333333333
pilot,prior,2,20,ts,1,3,0.03776711196014282,0.0,0.0
pilot,prior,2,20,ts,2,3,0.06553802738864146,0.3333333333333333,0.0
pilot,prior,2,20,ts,3,3,0.10330513934878428,1.0,0.3333333333333333
pilot,prior,2,20,ts,4,3,0.16884316673742575,1.0,0.6666666666666666
pilot,prior,2,20,ts,5,3,0.16884316673742575,1.3333333333333333,0.0
pilot,prior,2,20,ts,6,3,0.16884316673742575,2.0,0.3333333333333333
pilot,prior,2,20,ts,7,3,0.17848312019210769,2.3333333333333335,0.3333333333333333
pilot,prior,2,20,ts,8,3,0.19661408216592435,2.6666666666666665,0.3333333333333333
pilot,prior,2,20,ts,9,3,0.19661408216592435,3.0,0.0
pilot,prior,2,20,ts,10,3,0.21474504413974108,3.3333333333333335,0.3333333333333333
pilot,prior,2,20,ts,11,3,0.2425159595682397,4.0,0.6666666666666666
pilot,prior,2,20,ts,12,3,0.2521559130229217,4.666666666666667,0.6666666666666666
pilot,prior,2,20,ts,13,3,0.2702868749967384,4.666666666666667,0.3333333333333333
pilot,prior,2,20,ts,14,3,0.27992682845142036,5.333333333333333,0.3333333333333333
pilot,prior,2,20,ts,15,3,0.27992682845142036,6.0,0.3333333333333333
pilot,prior,2,20,ts,16,3,0.2895667819061023,6.333333333333333,0.3333333333333333
pilot,prior,2,20,ts,17,3,0.31733769733460093,7.0,0.3333333333333333
pilot,prior,2,20,ts,18,3,0.31733769733460093,7.333333333333333,0.3333333333333333
pilot,prior,2,20,ts,19,3,0.3269776507892829,7.333333333333333,0.0
pilot,prior,2,20,ts,20,3,0.3451086127630996,7.666666666666667,0.3333333333333333
pilot,prior,2,20,ucb1,1,3,0.04740706541482478,0.0,0.0
pilot,prior,2,20,ucb1,2,3,0.06553802738864146,0.3333333333333333,0.0
pilot,prior,2,20,ucb1,3,3,0.06553802738864146,1.0,0.0
pilot,prior,2,20,ucb1,4,3,0.08366898936245815,1.3333333333333333,0.0
pilot,prior,2,20,ucb1,5,3,0.11143990479095679,1.6666666666666667,0.3333333333333333
pilot,prior,2,20,ucb1,6,3,0.11143990479095679,2.0,0.0
pilot,prior,2,20,ucb1,7,3,0.17697793217959826,2.3333333333333335,0.6666666666666666
pilot,prior,2,20,ucb1,8,3,0.21474504413974108,2.6666666666666665,0.3333333333333333
pilot,prior,2,20,ucb1,9,3,0.22438499759442307,3.0,0.3333333333333333
pilot,prior,2,20,ucb1,10,3,0.22438499759442307,3.3333333333333335,0.0
pilot,prior,2,20,ucb1,11,3,0.2521559130229217,4.0,0.6666666666666666
pilot,prior,2,20,ucb1,12,3,0.2702868749967384,4.333333333333333,0.0
pilot,prior,2,20,ucb1,13,3,0.298057790425237,4.666666666666667,0.3333333333333333
pilot,prior,2,20,ucb1,14,3,0.34546485584006176,5.333333333333333,0.3333333333333333
pilot,prior,2,20,ucb1,15,3,0.39287192125488657,6.0,0.3333333333333333
pilot,prior,2,20,ucb1,16,3,0.4402789866697114,6.333333333333333,0.3333333333333333
pilot,prior,2,20,ucb1,17,3,0.4584099486435281,6.666666666666667,0.6666666666666666
pilot,prior,2,20,ucb1,18,3,0.5058170140583528,7.333333333333333,0.3333333333333333
pilot,prior,2,20,ucb1,19,3,0.5335879294868514,8.0,0.3333333333333333
pilot,prior,2,20,ucb1,20,3,0.5809949949016763,8.0,0.3333333333333333
pilot,prior,5,20,bayes_direct,1,3,0.5759072332572361,0.6666666666666666,0.0
pilot,prior,5,20,bayes_direct,2,3,1.1303663314655348,1.0,0.0
pilot,prior,5,20,bayes_direct,3,3,1.6848254296738334,1.0,0.0
pilot,prior,5,20,bayes_direct,4,3,1.8964176574623028,1.0,0.0
pilot,prior,5,20,bayes_direct,5,3,2.4508767556706017,1.0,1.0
pilot,prior,5,20,bayes_direct,6,3,2.624484284489097,2.0,0.0
pilot,prior,5,20,bayes_direct,7,3,2.798091813307592,2.3333333333333335,0.0
pilot,prior,5,20,bayes_direct,8,3,2.971699342126088,2.6666666666666665,0.0
pilot,prior,5,20,bayes_direct,9,3,3.1453068709445837,3.0,0.3333333333333333
pilot,prior,5,20,bayes_direct,10,3,3.3189143997630786,4.0,0.0
pilot,prior,5,20,bayes_direct,11,3,3.4925219285815743,4.666666666666667,0.0
pilot,prior,5,20,bayes_direct,12,3,3.66612945740007,5.666666666666667,0.0
pilot,prior,5,20,bayes_direct,13,3,3.839736986218565,6.333333333333333,0.0
pilot,prior,5,20,bayes_direct,14,3,4.013344515037061,7.0,0.0
pilot,prior,5,20,bayes_direct,15,3,4.186952043855556,7.333333333333333,0.0
pilot,prior,5,20,bayes_direct,16,3,4.360559572674052,7.666666666666667,0.0
pilot,prior,5,20,bayes_direct,17,3,4.534167101492547,8.333333333333334,0.0
pilot,prior,5,20,bayes_direct,18,3,4.707774630311043,8.666666666666666,0.0
pilot,prior,5,20,bayes_direct,19,3,4.881382159129539,9.333333333333334,0.3333333333333333
pilot,prior,5,20,bayes_direct,20,3,5.054989687948034,10.333333333333334,0.0
pilot,prior,5,20,bayes_sample,1,3,0.5544590982082985,1.0,0.0
pilot,prior,5,20,bayes_sample,2,3,1.108918196416597,1.0,0.0
pilot,prior,5,20,bayes_sample,3,3,1.5165008406676035,1.3333333333333333,0.0
pilot,prior,5,20,bayes_sample,4,3,1.9348872850536079,2.0,0.0
pilot,prior,5,20,bayes_sample,5,3,2.353273729439612,2.0,0.3333333333333333
pilot,prior,5,20,bayes_sample,6,3,2.7716601738256164,2.0,0.3333333333333333
pilot,prior,5,20,bayes_sample,7,3,2.966501412360982,2.3333333333333335,0.3333333333333333
pilot,prior,5,20,bayes_sample,8,3,3.172118072346148,3.0,0.3333333333333333
pilot,prior,5,20,bayes_sample,9,3,3.3512332618727605,3.6666666666666665,0.6666666666666666
pilot,prior,5,20,bayes_sample,10,3,3.5536450134639774,4.333333333333333,0.0
pilot,prior,5,20,bayes_sample,11,3,3.771416665108609,4.666666666666667,0.0
pilot,prior,5,20,bayes_sample,12,3,3.7979181355671634,5.666666666666667,0.0
pilot,prior,5,20,bayes_sample,13,3,3.9523802816508886,6.333333333333333,0.6666666666666666
pilot,prior,5,20,bayes_sample,14,3,3.978881752109442,6.666666666666667,0.0
pilot,prior,5,20,bayes_sample,15,3,4.20755611806191,7.333333333333333,0.6666666666666666
pilot,prior,5,20,bayes_sample,16,3,4.5790093669350425,7.666666666666667,0.6666666666666666
pilot,prior,5,20,bayes_sample,17,3,4.743221994224218,8.333333333333334,0.6666666666666666
pilot,prior,5,20,bayes_sample,18,3,4.971896360176685,8.666666666666666,0.3333333333333333
pilot,prior,5,20,bayes_sample,19,3,5.174069255670598,8.666666666666666,0.3333333333333333
pilot,prior,5,20,bayes_sample,20,3,5.200570726129152,9.0,0.0
pilot,prior,5,20,bayes_ucb,1,3,0.2591756843406222,0.3333333333333333,0.0
pilot,prior,5,20,bayes_ucb,2,3,0.45720665219935536,1.3333333333333333,0.0
pilot,prior,5,20,bayes_ucb,3,3,0.6552376200580884,1.6666666666666667,0.0
pilot,prior,5,20,bayes_ucb,4,3,0.9006629752636597,2.6666666666666665,0.0
pilot,prior,5,20,bayes_ucb,5,3,1.146088330469231,3.3333333333333335,0.0
pilot,prior,5,20,bayes_ucb,6,3,1.3747626964216983,4.0,0.0
pilot,prior,5,20,bayes_ucb,7,3,1.7080168209927897,4.666666666666667,0.3333333333333333
pilot,prior,5,20,bayes_ucb,8,3,1.8722294482819652,5.0,0.3333333333333333
pilot,prior,5,20,bayes_ucb,9,3,2.074641199873182,5.0,0.3333333333333333
pilot,prior,5,20,bayes_ucb,10,3,2.292540144375849,5.0,0.3333333333333333
pilot,prior,5,20,bayes_ucb,11,3,2.4640696417760277,5.666666666666667,0.3333333333333333
pilot,prior,5,20,bayes_ucb,12,3,2.4640696417760277,6.333333333333333,0.3333333333333333
pilot,prior,5,20,bayes_ucb,13,3,2.618531787859753,6.666666666666667,0.0
pilot,prior,5,20,bayes_ucb,14,3,2.865388734845578,7.0,0.3333333333333333
pilot,prior,5,20,bayes_ucb,15,3,2.974534525000782,7.666666666666667,0.3333333333333333
pilot,prior,5,20,bayes_ucb,16,3,3.203001979725176,8.333333333333334,0.3333333333333333
pilot,prior,5,20,bayes_ucb,17,3,3.4959311731128615,9.0,0.6666666666666666
pilot,prior,5,20,bayes_ucb,18,3,3.586894382234707,9.333333333333334,0.0
pilot,prior,5,20,bayes_ucb,19,3,3.586894382234707,10.0,0.3333333333333333
pilot,prior,5,20,bayes_ucb,20,3,3.6282984149306983,10.333333333333334,0.3333333333333333
pilot,prior,5,20,counts_direct,1,3,0.5759072332572361,0.6666666666666666,0.0
pilot,prior,5,20,counts_direct,2,3,1.1303663314655348,1.0,0.0
pilot,prior,5,20,counts_direct,3,3,1.6848254296738334,1.0,0.0
pilot,prior,5,20,counts_direct,4,3,2.239284527882132,1.0,0.6666666666666666
pilot,prior,5,20,counts_direct,5,3,2.7937436260904307,1.0,1.0
pilot,prior,5,20,counts_direct,6,3,3.3482027242987287,1.3333333333333333,1.0
pilot,prior,5,20,counts_direct,7,3,3.902661822507028,1.6666666666666667,1.0
pilot,prior,5,20,counts_direct,8,3,4.457120920715326,1.6666666666666667,0.6666666666666666
pilot,prior,5,20,counts_direct,9,3,4.668713148503795,2.0,0.3333333333333333
pilot,prior,5,20,counts_direct,10,3,4.996782823406017,2.6666666666666665,0.0
pilot,prior,5,20,counts_direct,11,3,5.324852498308238,3.0,0.3333333333333333
pilot,prior,5,20,counts_direct,12,3,5.6529221732104595,3.0,0.3333333333333333
pilot,prior,5,20,counts_direct,13,3,5.98099184811268,3.6666666666666665,0.6666666666666666
pilot,prior,5,20,counts_direct,14,3,6.309061523014901,4.333333333333333,0.3333333333333333
pilot,prior,5,20,counts_direct,15,3,6.637131197917122,4.666666666666667,0.3333333333333333
pilot,prior,5,20,counts_direct,16,3,6.965200872819344,5.666666666666667,0.3333333333333333
pilot,prior,5,20,counts_direct,17,3,7.293270547721565,6.333333333333333,0.3333333333333333
pilot,prior,5,20,counts_direct,18,3,7.621340222623786,6.666666666666667,0.3333333333333333
pilot,prior,5,20,counts_direct,19,3,7.9494098975260075,7.0,0.3333333333333333
pilot,prior,5,20,counts_direct,20,3,8.277479572428229,7.333333333333333,0.3333333333333333
pilot,prior,5,20,counts_sample,1,3,0.5759072332572361,0.6666666666666666,0.0
pilot,prior,5,20,counts_sample,2,3,1.1518144665144723,0.6666666666666666,0.3333333333333333
pilot,prior,5,20,counts_sample,3,3,1.7277216997717086,1.0,0.3333333333333333
pilot,prior,5,20,counts_sample,4,3,2.1520553332758183,1.3333333333333333,0.3333333333333333
pilot,prior,5,20,counts_sample,5,3,2.7065144314841176,1.3333333333333333,0.6666666666666666
pilot,prior,5,20,counts_sample,6,3,3.260973529692416,1.3333333333333333,0.6666666666666666
pilot,prior,5,20,counts_sample,7,3,3.665351265549473,2.0,0.6666666666666666
pilot,prior,5,20,counts_sample,8,3,3.950407336837339,2.3333333333333335,0.0
pilot,prior,5,20,counts_sample,9,3,4.299925146788498,2.6666666666666665,0.3333333333333333
pilot,prior,5,20,counts_sample,10,3,4.649442956739656,3.3333333333333335,0.3333333333333333
pilot,prior,5,20,counts_sample,11,3,4.998960766690815,3.6666666666666665,0.6666666666666666
pilot,prior,5,20,counts_sample,12,3,5.34896588051501,4.0,0.6666666666666666
pilot,prior,5,20,counts_sample,13,3,5.5513776321062265,5.0,0.6666666666666666
pilot,prior,5,20,counts_sample,14,3,5.818251122360736,5.333333333333333,0.3333333333333333
pilot,prior,5,20,counts_sample,15,3,6.085124612615245,6.0,0.6666666666666666
pilot,prior,5,20,counts_sample,16,3,6.459065861606642,6.333333333333333,0.6666666666666666
pilot,prior,5,20,counts_sample,17,3,6.704491216812213,7.0,0.6666666666666666
pilot,prior,5,20,counts_sample,18,3,6.885454833354491,8.0,0.3333333333333333
pilot,prior,5,20,counts_sample,19,3,7.0878665849457105,8.333333333333334,0.3333333333333333
pilot,prior,5,20,counts_sample,20,3,7.268830201487989,8.666666666666666,0.0
pilot,prior,5,20,greedy,1,3,0.15054982285119434,0.6666666666666666,0.0
pilot,prior,5,20,greedy,2,3,0.431225110406577,1.0,0.0
pilot,prior,5,20,greedy,3,3,0.8205262594513876,1.3333333333333333,0.0
pilot,prior,5,20,greedy,4,3,1.1562683841407424,2.0,0.0
pilot,prior,5,20,greedy,5,3,1.3849427500932097,3.0,0.0
pilot,prior,5,20,greedy,6,3,1.613617116045677,3.6666666666666665,0.0
pilot,prior,5,20,greedy,7,3,1.8422914819981446,4.0,0.0
pilot,prior,5,20,greedy,8,3,1.9332546911199904,4.666666666666667,0.0
pilot,prior,5,20,greedy,9,3,2.1287976588604596,5.0,0.0
pilot,prior,5,20,greedy,10,3,2.2930102861496358,5.333333333333333,0.0
pilot,prior,5,20,greedy,11,3,2.3195117566081893,5.666666666666667,0.0
pilot,prior,5,20,greedy,12,3,2.4104749657300353,6.333333333333333,0.0
pilot,prior,5,20,greedy,13,3,2.501438174851881,7.0,0.0
pilot,prior,5,20,greedy,14,3,2.527939645310435,7.666666666666667,0.0
pilot,prior,5,20,greedy,15,3,2.5544411157689892,8.333333333333334,0.0
pilot,prior,5,20,greedy,16,3,2.5809425862275432,8.666666666666666,0.0
pilot,prior,5,20,greedy,17,3,2.607444056686097,9.666666666666666,0.0
pilot,prior,5,20,greedy,18,3,2.633945527144651,10.0,0.0
pilot,prior,5,20,greedy,19,3,2.6604469976032052,10.666666666666666,0.0
pilot,prior,5,20,greedy,20,3,2.6869484680617592,11.333333333333334,0.0
pilot,prior,5,20,ids,1,3,0.2438157842872077,0.3333333333333333,0.0
pilot,prior,5,20,ids,2,3,0.46158743593183926,1.0,0.0
pilot,prior,5,20,ids,3,3,0.6258000632210147,1.6666666666666667,0.0
pilot,prior,5,20,ids,4,3,0.8544744291734823,2.6666666666666665,0.0
pilot,prior,5,20,ids,5,3,1.0831487951259497,3.3333333333333335,0.0
pilot,prior,5,20,ids,6,3,1.1741120042477955,4.0,0.3333333333333333
pilot,prior,5,20,ids,7,3,1.3721429721065286,4.666666666666667,0.3333333333333333
pilot,prior,5,20,ids,8,3,1.7078850967958832,4.666666666666667,0.0
pilot,prior,5,20,ids,9,3,2.0578902106200783,5.0,0.3333333333333333
pilot,prior,5,20,ids,10,3,2.3033155658256494,5.0,0.0
pilot,prior,5,20,ids,11,3,2.7384529994647573,5.333333333333333,0.3333333333333333
pilot,prior,5,20,ids,12,3,2.8475987896199615,6.0,0.0
pilot,prior,5,20,ids,13,3,2.8475987896199615,6.666666666666667,0.3333333333333333
pilot,prior,5,20,ids,14,3,2.8475987896199615,7.333333333333333,0.0
pilot,prior,5,20,ids,15,3,2.8475987896199615,8.0,0.0
pilot,prior,5,20,ids,16,3,2.874100260078515,8.666666666666666,0.0
pilot,prior,5,20,ids,17,3,2.900601730537069,9.0,0.0
pilot,prior,5,20,ids,18,3,3.193530923924756,10.0,0.3333333333333333
pilot,prior,5,20,ids,19,3,3.486460117312441,10.0,0.0
pilot,prior,5,20,ids,20,3,3.5666479049844866,10.666666666666666,0.3333333333333333
pilot,prior,5,20,knowledge_gradient,1,3,0.36617861155501563,1.0,0.0
pilot,prior,5,20,knowledge_gradient,2,3,0.7323572231100313,1.3333333333333333,0.0
pilot,prior,5,20,knowledge_gradient,3,3,0.9345301186039445,2.0,0.0
pilot,prior,5,20,knowledge_gradient,4,3,1.1749021383998994,2.6666666666666665,0.3333333333333333
pilot,prior,5,20,knowledge_gradient,5,3,1.3938260231469168,3.0,0.3333333333333333
pilot,prior,5,20,knowledge_gradient,6,3,1.6161936723851869,3.3333333333333335,0.6666666666666666
pilot,prior,5,20,knowledge_gradient,7,3,1.8117366401256565,4.0,0.6666666666666666
pilot,prior,5,20,knowledge_gradient,8,3,2.0097676079843896,4.666666666666667,0.3333333333333333
pilot,prior,5,20,knowledge_gradient,9,3,2.3990687570292,5.0,0.3333333333333333
pilot,prior,5,20,knowledge_gradient,10,3,2.6277431229816677,5.333333333333333,0.0
pilot,prior,5,20,knowledge_gradient,11,3,2.825774090840401,6.0,0.0
pilot,prior,5,20,knowledge_gradient,12,3,2.8522755612989545,6.666666666666667,0.0
pilot,prior,5,20,knowledge_gradient,13,3,3.0332391778412338,7.0,0.0
pilot,prior,5,20,knowledge_gradient,14,3,3.059740648299788,7.333333333333333,0.0
pilot,prior,5,20,knowledge_gradient,15,3,3.086242118758342,8.0,0.0
pilot,prior,5,20,knowledge_gradient,16,3,3.112743589216896,8.666666666666666,0.0
pilot,prior,5,20,knowledge_gradient,17,3,3.1392450596754506,9.0,0.0
pilot,prior,5,20,knowledge_gradient,18,3,3.230208268797296,9.666666666666666,0.0
pilot,prior,5,20,knowledge_gradient,19,3,3.2946700074605872,10.0,0.0
pilot,prior,5,20,knowledge_gradient,20,3,3.35913174612388,10.666666666666666,0.0
pilot,prior,5,20,random,1,3,0.39999695212457315,1.0,0.0
pilot,prior,5,20,random,2,3,0.6346468858803438,1.6666666666666667,1.0
pilot,prior,5,20,random,3,3,0.8301898536208133,2.0,0.6666666666666666
pilot,prior,5,20,random,4,3,1.2628392871416576,2.3333333333333335,0.6666666666666666
pilot,prior,5,20,random,5,3,1.3307447902962022,3.0,0.3333333333333333
pilot,prior,5,20,random,6,3,1.8002022589193991,3.0,1.0
pilot,prior,5,20,random,7,3,2.272147727660859,3.0,0.6666666666666666
pilot,prior,5,20,random,8,3,2.740987202181208,3.3333333333333335,0.6666666666666666
pilot,prior,5,20,random,9,3,2.821174989853253,3.6666666666666665,0.3333333333333333
pilot,prior,5,20,random,10,3,3.1814866683212464,4.333333333333333,1.0
pilot,prior,5,20,random,11,3,3.3770296360617156,5.0,0.3333333333333333
pilot,prior,5,20,random,12,3,3.5725726038021848,5.666666666666667,0.3333333333333333
pilot,prior,5,20,random,13,3,3.959385752728732,6.0,0.6666666666666666
pilot,prior,5,20,random,14,3,4.2843524559682855,6.333333333333333,1.0
pilot,prior,5,20,random,15,3,4.479895423708755,7.333333333333333,0.6666666666666666
pilot,prior,5,20,random,16,3,4.650083618801234,8.0,1.0
pilot,prior,5,20,random,17,3,4.898483881692056,9.0,1.0
pilot,prior,5,20,random,18,3,5.272425130683452,9.333333333333334,0.6666666666666666
pilot,prior,5,20,random,19,3,5.363388339805297,9.666666666666666,0.3333333333333333
pilot,prior,5,20,random,20,3,5.62256402414592,9.666666666666666,0.6666666666666666
pilot,prior,5,20,ts,1,3,0.2346499337557706,0.6666666666666666,0.0
pilot,prior,5,20,ts,2,3,0.516883324063694,1.3333333333333333,0.3333333333333333
pilot,prior,5,20,ts,3,3,0.9412169575678043,1.6666666666666667,0.6666666666666666
pilot,prior,5,20,ts,4,3,1.23414615095549,2.0,0.0
pilot,prior,5,20,ts,5,3,1.6170757517636096,2.3333333333333335,1.0
pilot,prior,5,20,ts,6,3,2.1547838607188043,3.0,1.0
pilot,prior,5,20,ts,7,3,2.4880379852898957,3.6666666666666665,0.3333333333333333
pilot,prior,5,20,ts,8,3,2.5790011944117412,4.0,0.6666666666666666
pilot,prior,5,20,ts,9,3,2.9314943083541998,4.333333333333333,0.3333333333333333
pilot,prior,5,20,ts,10,3,3.1601686743066666,5.0,0.3333333333333333
pilot,prior,5,20,ts,11,3,3.427042164561176,5.333333333333333,0.6666666666666666
pilot,prior,5,20,ts,12,3,3.881139733130958,5.666666666666667,1.0
pilot,prior,5,20,ts,13,3,4.216881857820312,6.0,0.3333333333333333
pilot,prior,5,20,ts,14,3,4.4224985178054785,6.333333333333333,0.3333333333333333
pilot,prior,5,20,ts,15,3,4.840884962191482,6.666666666666667,1.0
pilot,prior,5,20,ts,16,3,5.058656613836114,6.666666666666667,0.3333333333333333
pilot,prior,5,20,ts,17,3,5.22286924112529,7.0,0.0
pilot,prior,5,20,ts,18,3,5.287330979788583,8.0,0.6666666666666666
pilot,prior,5,20,ts,19,3,5.351792718451873,8.666666666666666,0.3333333333333333
pilot,prior,5,20,ts,20,3,5.580467084404343,9.0,0.6666666666666666
pilot,prior,5,20,ucb1,1,3,0.2781872874371191,0.6666666666666666,0.0
pilot,prior,5,20,ucb1,2,3,0.48977951522558855,1.0,0.6666666666666666
pilot,prior,5,20,ucb1,3,3,0.9586189897459373,1.6666666666666667,0.6666666666666666
pilot,prior,5,20,ucb1,4,3,1.122831617035113,2.6666666666666665,1.0
pilot,prior,5,20,ucb1,5,3,1.4856312956213695,3.3333333333333335,1.0
pilot,prior,5,20,ucb1,6,3,1.8685608964294893,3.3333333333333335,0.0
pilot,prior,5,20,ucb1,7,3,2.0707337919234026,4.333333333333333,0.0
pilot,prior,5,20,ucb1,8,3,2.351409079478785,4.333333333333333,1.0
pilot,prior,5,20,ucb1,9,3,2.5800834454312525,4.666666666666667,0.3333333333333333
pilot,prior,5,20,ucb1,10,3,2.9403951238992456,4.666666666666667,0.6666666666666666
pilot,prior,5,20,ucb1,11,3,3.184210908186453,5.333333333333333,0.6666666666666666
pilot,prior,5,20,ucb1,12,3,3.2107123786450074,6.333333333333333,0.6666666666666666
pilot,prior,5,20,ucb1,13,3,3.422304606433477,6.666666666666667,1.0
pilot,prior,5,20,ucb1,14,3,3.7580467311228314,7.0,0.3333333333333333
pilot,prior,5,20,ucb1,15,3,3.773772780131585,7.333333333333333,0.3333333333333333
pilot,prior,5,20,ucb1,16,3,4.101842455033805,7.333333333333333,1.0
pilot,prior,5,20,ucb1,17,3,4.468021066588821,7.333333333333333,0.3333333333333333
pilot,prior,5,20,ucb1,18,3,4.535926569743366,8.333333333333334,0.3333333333333333
pilot,prior,5,20,ucb1,19,3,4.8833663482762075,9.0,1.0
pilot,prior,5,20,ucb1,20,3,5.25481959714934,9.666666666666666,0.6666666666666666
pilot,prior,15,20,bayes_direct,1,3,0.584183287151608,0.3333333333333333,0.0
pilot,prior,15,20,bayes_direct,2,3,1.3498004821579184,0.6666666666666666,0.0
pilot,prior,15,20,bayes_direct,3,3,1.8364996573428323,1.0,0.0
pilot,prior,15,20,bayes_direct,4,3,2.4903135697632384,1.0,0.0
pilot,prior,15,20,bayes_direct,5,3,2.973018433526653,1.3333333333333333,0.0
pilot,prior,15,20,bayes_direct,6,3,3.3575314410122368,2.3333333333333335,0.0
pilot,prior,15,20,bayes_direct,7,3,3.7420444484978215,3.0,0.0
pilot,prior,15,20,bayes_direct,8,3,4.126557455983406,3.6666666666666665,0.0
pilot,prior,15,20,bayes_direct,9,3,4.5110704634689895,4.0,0.3333333333333333
pilot,prior,15,20,bayes_direct,10,3,4.956150907632618,4.666666666666667,0.0
pilot,prior,15,20,bayes_direct,11,3,5.446808516571369,5.333333333333333,0.0
pilot,prior,15,20,bayes_direct,12,3,5.790264400893421,6.0,0.0
pilot,prior,15,20,bayes_direct,13,3,6.228572748129618,6.333333333333333,0.0
pilot,prior,15,20,bayes_direct,14,3,6.629397471885152,7.0,0.0
pilot,prior,15,20,bayes_direct,15,3,7.132531412337056,7.333333333333333,0.0
pilot,prior,15,20,bayes_direct,16,3,7.564381700911144,7.666666666666667,0.0
pilot,prior,15,20,bayes_direct,17,3,7.748229052445786,8.333333333333334,0.0
pilot,prior,15,20,bayes_direct,18,3,7.932076403980427,9.333333333333334,0.0
pilot,prior,15,20,bayes_direct,19,3,8.115923755515068,9.666666666666666,0.0
pilot,prior,15,20,bayes_direct,20,3,8.29977110704971,10.333333333333334,0.0
pilot,prior,15,20,bayes_sample,1,3,0.584183287151608,0.3333333333333333,0.0
pilot,prior,15,20,bayes_sample,2,3,1.291157391773037,0.6666666666666666,0.3333333333333333
pilot,prior,15,20,bayes_sample,3,3,1.9479491439437246,1.0,0.3333333333333333
pilot,prior,15,20,bayes_sample,4,3,2.4864923824807006,1.6666666666666667,0.0
pilot,prior,15,20,bayes_sample,5,3,2.871005389966285,2.0,0.0
pilot,prior,15,20,bayes_sample,6,3,3.118144997994804,2.6666666666666665,0.0
pilot,prior,15,20,bayes_sample,7,3,3.64447211988262,3.0,0.6666666666666666
pilot,prior,15,20,bayes_sample,8,3,3.905705212511607,3.6666666666666665,0.3333333333333333
pilot,prior,15,20,bayes_sample,9,3,4.152844820540126,4.333333333333333,0.3333333333333333
pilot,prior,15,20,bayes_sample,10,3,4.485513764673649,5.0,0.3333333333333333
pilot,prior,15,20,bayes_sample,11,3,4.676814997928607,5.666666666666667,0.0
pilot,prior,15,20,bayes_sample,12,3,5.254518768133768,6.333333333333333,0.6666666666666666
pilot,prior,15,20,bayes_sample,13,3,5.448933444360129,7.333333333333333,0.3333333333333333
pilot,prior,15,20,bayes_sample,14,3,5.643348120586489,8.0,0.0
pilot,prior,15,20,bayes_sample,15,3,5.837762796812849,8.333333333333334,0.3333333333333333
pilot,prior,15,20,bayes_sample,16,3,6.032177473039209,9.333333333333334,0.3333333333333333
pilot,prior,15,20,bayes_sample,17,3,6.226592149265568,9.666666666666666,0.3333333333333333
pilot,prior,15,20,bayes_sample,18,3,6.4326746341305565,10.333333333333334,0.0
pilot,prior,15,20,bayes_sample,19,3,6.627089310356916,11.0,0.3333333333333333
pilot,prior,15,20,bayes_sample,20,3,6.928024258136047,11.666666666666666,0.0
pilot,prior,15,20,bayes_ucb,1,3,0.47865772411479507,0.6666666666666666,0.0
pilot,prior,15,20,bayes_ucb,2,3,1.1244301854650829,1.3333333333333333,0.0
pilot,prior,15,20,bayes_ucb,3,3,1.65493197293194,2.0,0.0
pilot,prior,15,20,bayes_ucb,4,3,2.1854337603987974,2.0,0.0
pilot,prior,15,20,bayes_ucb,5,3,2.66808671416695,2.0,0.0
pilot,prior,15,20,bayes_ucb,6,3,3.221890904391794,2.3333333333333335,0.3333333333333333
pilot,prior,15,20,bayes_ucb,7,3,3.6158401491795917,2.6666666666666665,0.3333333333333333
pilot,prior,15,20,bayes_ucb,8,3,3.9884090597769166,3.0,0.3333333333333333
pilot,prior,15,20,bayes_ucb,9,3,4.358189874321332,3.3333333333333335,0.3333333333333333
pilot,prior,15,20,bayes_ucb,10,3,4.948137531949259,3.6666666666666665,0.3333333333333333
pilot,prior,15,20,bayes_ucb,11,3,5.605171637059001,4.0,0.3333333333333333
pilot,prior,15,20,bayes_ucb,12,3,6.110444875232024,4.333333333333333,0.3333333333333333
pilot,prior,15,20,bayes_ucb,13,3,6.453900759554077,5.0,0.3333333333333333
pilot,prior,15,20,bayes_ucb,14,3,6.637748111088719,5.666666666666667,0.0
pilot,prior,15,20,bayes_ucb,15,3,6.6913159518505045,6.666666666666667,0.3333333333333333
pilot,prior,15,20,bayes_ucb,16,3,6.744883792612291,7.666666666666667,0.0
pilot,prior,15,20,bayes_ucb,17,3,6.798451633374076,8.666666666666666,0.0
pilot,prior,15,20,bayes_ucb,18,3,6.852019474135862,9.0,0.0
pilot,prior,15,20,bayes_ucb,19,3,7.104713672922691,9.666666666666666,0.3333333333333333
pilot,prior,15,20,bayes_ucb,20,3,7.359978720563667,10.0,0.3333333333333333
pilot,prior,15,20,counts_direct,1,3,0.584183287151608,0.3333333333333333,0.0
pilot,prior,15,20,counts_direct,2,3,1.3498004821579184,0.6666666666666666,0.0
pilot,prior,15,20,counts_direct,3,3,1.8364996573428323,1.0,0.0
pilot,prior,15,20,counts_direct,4,3,2.4903135697632384,1.0,0.0
pilot,prior,15,20,counts_direct,5,3,2.973018433526653,1.3333333333333333,0.0
pilot,prior,15,20,counts_direct,6,3,3.5115616720636287,2.3333333333333335,0.3333333333333333
pilot,prior,15,20,counts_direct,7,3,4.050104910600605,2.6666666666666665,0.0
pilot,prior,15,20,counts_direct,8,3,4.588648149137581,3.0,0.3333333333333333
pilot,prior,15,20,counts_direct,9,3,5.127191387674557,3.0,0.6666666666666666
pilot,prior,15,20,counts_direct,10,3,5.665734626211532,3.3333333333333335,0.6666666666666666
pilot,prior,15,20,counts_direct,11,3,6.204277864748509,4.0,0.6666666666666666
pilot,prior,15,20,counts_direct,12,3,6.803388539963529,4.333333333333333,0.3333333333333333
pilot,prior,15,20,counts_direct,13,3,7.4480763799536716,4.333333333333333,0.3333333333333333
pilot,prior,15,20,counts_direct,14,3,7.945562495327117,4.666666666666667,0.3333333333333333
pilot,prior,15,20,counts_direct,15,3,8.537901073614703,5.0,0.3333333333333333
pilot,prior,15,20,counts_direct,16,3,9.09275602842163,5.0,0.3333333333333333
pilot,prior,15,20,counts_direct,17,3,9.749920199924926,5.333333333333333,0.3333333333333333
pilot,prior,15,20,counts_direct,18,3,10.335800719550406,5.666666666666667,0.3333333333333333
pilot,prior,15,20,counts_direct,19,3,10.673678302136437,6.0,0.3333333333333333
pilot,prior,15,20,counts_direct,20,3,11.01155588472247,6.333333333333333,0.3333333333333333
pilot,prior,15,20,counts_sample,1,3,0.584183287151608,0.3333333333333333,0.0
pilot,prior,15,20,counts_sample,2,3,1.3498004821579184,0.6666666666666666,0.0
pilot,prior,15,20,counts_sample,3,3,2.003614394578325,1.0,0.0
pilot,prior,15,20,counts_sample,4,3,2.4903135697632384,1.0,0.0
pilot,prior,15,20,counts_sample,5,3,2.973018433526653,1.3333333333333333,0.0
pilot,prior,15,20,counts_sample,6,3,3.3575314410122368,2.3333333333333335,0.0
pilot,prior,15,20,counts_sample,7,3,3.8838585629000533,2.6666666666666665,0.3333333333333333
pilot,prior,15,20,counts_sample,8,3,4.2683715703856375,3.3333333333333335,0.0
pilot,prior,15,20,counts_sample,9,3,4.652884577871222,4.0,0.3333333333333333
pilot,prior,15,20,counts_sample,10,3,5.09796502203485,4.333333333333333,0.0
pilot,prior,15,20,counts_sample,11,3,5.441420906356903,5.0,0.0
pilot,prior,15,20,counts_sample,12,3,5.879729253593099,5.666666666666667,0.0
pilot,prior,15,20,counts_sample,13,3,6.2642422610786825,6.333333333333333,0.3333333333333333
pilot,prior,15,20,counts_sample,14,3,6.648755268564268,6.666666666666667,0.3333333333333333
pilot,prior,15,20,counts_sample,15,3,7.139412877503017,7.0,0.0
pilot,prior,15,20,counts_sample,16,3,7.45869946642028,7.666666666666667,0.6666666666666666
pilot,prior,15,20,counts_sample,17,3,7.813050238098238,8.333333333333334,0.3333333333333333
pilot,prior,15,20,counts_sample,18,3,8.198426574594748,8.666666666666666,0.3333333333333333
pilot,prior,15,20,counts_sample,19,3,8.244900526672325,9.666666666666666,0.3333333333333333
pilot,prior,15,20,counts_sample,20,3,8.428747878206968,10.333333333333334,0.3333333333333333
pilot,prior,15,20,greedy,1,3,0.545762138154976,0.6666666666666666,0.0
pilot,prior,15,20,greedy,2,3,0.8891433262294247,1.3333333333333333,0.0
pilot,prior,15,20,greedy,3,3,1.2930919509819176,2.0,0.0
pilot,prior,15,20,greedy,4,3,1.6838104201448694,2.0,0.0
pilot,prior,15,20,greedy,5,3,2.027191608219318,2.3333333333333335,0.0
pilot,prior,15,20,greedy,6,3,2.485843470177198,3.0,0.0
pilot,prior,15,20,greedy,7,3,2.845536374521597,3.6666666666666665,0.0
pilot,prior,15,20,greedy,8,3,3.1361926307938863,4.0,0.0
pilot,prior,15,20,greedy,9,3,3.4385166957048043,4.666666666666667,0.0
pilot,prior,15,20,greedy,10,3,3.8356932235298644,5.333333333333333,0.0
pilot,prior,15,20,greedy,11,3,4.127230348252251,6.0,0.0
pilot,prior,15,20,greedy,12,3,4.540677421994361,6.666666666666667,0.0
pilot,prior,15,20,greedy,13,3,4.828220235295249,7.0,0.0
pilot,prior,15,20,greedy,14,3,5.290222356336018,7.666666666666667,0.0
pilot,prior,15,20,greedy,15,3,5.739748145863633,8.333333333333334,0.0
pilot,prior,15,20,greedy,16,3,5.882463677987139,9.333333333333334,0.0
pilot,prior,15,20,greedy,17,3,6.025179210110646,10.0,0.0
pilot,prior,15,20,greedy,18,3,6.167894742234151,10.666666666666666,0.0
pilot,prior,15,20,greedy,19,3,6.310610274357657,11.333333333333334,0.0
pilot,prior,15,20,greedy,20,3,6.453325806481164,12.333333333333334,0.0
pilot,prior,15,20,ids,1,3,0.7179337367255824,0.0,0.0
pilot,prior,15,20,ids,2,3,1.0684312222904644,0.6666666666666666,0.0
pilot,prior,15,20,ids,3,3,1.4499542726738992,1.3333333333333333,0.0
pilot,prior,15,20,ids,4,3,1.8379353817194424,2.0,0.0
pilot,prior,15,20,ids,5,3,2.2423872880736133,2.6666666666666665,0.0
pilot,prior,15,20,ids,6,3,2.375907401417602,3.3333333333333335,0.0
pilot,prior,15,20,ids,7,3,2.5094275147615908,4.0,0.0
pilot,prior,15,20,ids,8,3,2.5343895706187713,5.0,0.3333333333333333
pilot,prior,15,20,ids,9,3,2.5593516264759524,6.0,0.0
pilot,prior,15,20,ids,10,3,2.5843136823331334,7.0,0.0
pilot,prior,15,20,ids,11,3,2.609275738190314,8.0,0.0
pilot,prior,15,20,ids,12,3,2.6342377940474946,9.0,0.0
pilot,prior,15,20,ids,13,3,2.659199849904675,10.0,0.0
pilot,prior,15,20,ids,14,3,2.684161905761856,11.0,0.0
pilot,prior,15,20,ids,15,3,2.709123961619037,12.0,0.0
pilot,prior,15,20,ids,16,3,2.7340860174762174,13.0,0.0
pilot,prior,15,20,ids,17,3,2.7590480733333984,14.0,0.0
pilot,prior,15,20,ids,18,3,2.784010129190579,15.0,0.0
pilot,prior,15,20,ids,19,3,2.8089721850477596,16.0,0.0
pilot,prior,15,20,ids,20,3,2.83393424090494,17.0,0.0
pilot,prior,15,20,knowledge_gradient,1,3,0.5338508160198002,0.3333333333333333,0.0
pilot,prior,15,20,knowledge_gradient,2,3,0.7081035589938224,1.0,0.0
pilot,prior,15,20,knowledge_gradient,3,3,0.8704390143080679,1.6666666666666667,0.0
pilot,prior,15,20,knowledge_gradient,4,3,1.1681432340969942,2.3333333333333335,0.0
pilot,prior,15,20,knowledge_gradient,5,3,1.4722928038134722,3.0,0.0
pilot,prior,15,20,knowledge_gradient,6,3,1.626586808057599,4.0,0.0
pilot,prior,15,20,knowledge_gradient,7,3,1.780880812301726,5.0,0.0
pilot,prior,15,20,knowledge_gradient,8,3,1.9351748165458524,6.0,0.0
pilot,prior,15,20,knowledge_gradient,9,3,2.0894688207899796,6.666666666666667,0.0
pilot,prior,15,20,knowledge_gradient,10,3,2.2437628250341066,7.333333333333333,0.0
pilot,prior,15,20,knowledge_gradient,11,3,2.5631063511500245,8.0,0.3333333333333333
pilot,prior,15,20,knowledge_gradient,12,3,2.757791528058455,8.666666666666666,0.3333333333333333
pilot,prior,15,20,knowledge_gradient,13,3,3.0572639016940464,9.666666666666666,0.3333333333333333
pilot,prior,15,20,knowledge_gradient,14,3,3.3567362753296384,10.333333333333334,0.0
pilot,prior,15,20,knowledge_gradient,15,3,3.3887922198710285,11.333333333333334,0.3333333333333333
pilot,prior,15,20,knowledge_gradient,16,3,3.420848164412419,12.333333333333334,0.0
pilot,prior,15,20,knowledge_gradient,17,3,3.4529041089538093,13.333333333333334,0.0
pilot,prior,15,20,knowledge_gradient,18,3,3.484960053495199,14.0,0.0
pilot,prior,15,20,knowledge_gradient,19,3,3.517015998036589,15.0,0.0
pilot,prior,15,20,knowledge_gradient,20,3,3.5490719425779793,16.0,0.0
pilot,prior,15,20,random,1,3,0.557410373105081,0.0,0.0
pilot,prior,15,20,random,2,3,1.266165492569845,0.3333333333333333,0.3333333333333333
pilot,prior,15,20,random,3,3,1.6988778820286807,1.0,0.3333333333333333
pilot,prior,15,20,random,4,3,2.1513446012196433,1.3333333333333333,0.6666666666666666
pilot,prior,15,20,random,5,3,2.8573383113770596,1.6666666666666667,0.6666666666666666
pilot,prior,15,20,random,6,3,3.1360395687685716,2.3333333333333335,0.6666666666666666
pilot,prior,15,20,random,7,3,3.404179172042315,2.6666666666666665,0.3333333333333333
pilot,prior,15,20,random,8,3,3.8346812176307807,3.3333333333333335,0.6666666666666666
pilot,prior,15,20,random,9,3,4.700094365059761,3.3333333333333335,1.0
pilot,prior,15,20,random,10,3,5.642176803021001,3.3333333333333335,1.0
pilot,prior,15,20,random,11,3,6.185596139661432,3.6666666666666665,0.6666666666666666
pilot,prior,15,20,random,12,3,6.640242394701733,4.333333333333333,0.6666666666666666
pilot,prior,15,20,random,13,3,7.17931379098566,5.0,1.0
pilot,prior,15,20,random,14,3,7.714691676555972,5.666666666666667,1.0
pilot,prior,15,20,random,15,3,8.245193464022828,6.333333333333333,0.3333333333333333
pilot,prior,15,20,random,16,3,8.57624089295942,6.666666666666667,1.0
pilot,prior,15,20,random,17,3,9.055607806301873,6.666666666666667,1.0
pilot,prior,15,20,random,18,3,9.609541175639022,7.333333333333333,1.0
pilot,prior,15,20,random,19,3,10.12546288411637,8.0,1.0
pilot,prior,15,20,random,20,3,10.416803223334881,8.666666666666666,1.0
pilot,prior,15,20,ts,1,3,0.5565848715584883,0.0,0.0
pilot,prior,15,20,ts,2,3,0.804587808597934,0.6666666666666666,0.0
pilot,prior,15,20,ts,3,3,1.2210179983659637,1.3333333333333333,0.3333333333333333
pilot,prior,15,20,ts,4,3,1.368958722514747,2.0,0.3333333333333333
pilot,prior,15,20,ts,5,3,1.7976724611903234,2.6666666666666665,1.0
pilot,prior,15,20,ts,6,3,2.2029514330580913,2.6666666666666665,1.0
pilot,prior,15,20,ts,7,3,2.5463743179967353,3.3333333333333335,1.0
pilot,prior,15,20,ts,8,3,2.7470399739476776,4.0,0.0
pilot,prior,15,20,ts,9,3,3.1836417792562393,4.333333333333333,0.3333333333333333
pilot,prior,15,20,ts,10,3,3.5329675549840878,5.0,0.3333333333333333
pilot,prior,15,20,ts,11,3,4.125306133271675,5.333333333333333,1.0
pilot,prior,15,20,ts,12,3,4.655807920738533,5.666666666666667,0.6666666666666666
pilot,prior,15,20,ts,13,3,4.969416082824175,6.0,0.3333333333333333
pilot,prior,15,20,ts,14,3,5.52880860645033,6.333333333333333,1.0
pilot,prior,15,20,ts,15,3,6.159242429015246,6.666666666666667,0.6666666666666666
pilot,prior,15,20,ts,16,3,6.769160607869202,7.333333333333333,1.0
pilot,prior,15,20,ts,17,3,7.060008171959612,8.0,0.3333333333333333
pilot,prior,15,20,ts,18,3,7.228064918580201,9.0,0.3333333333333333
pilot,prior,15,20,ts,19,3,7.483919320925864,9.666666666666666,0.3333333333333333
pilot,prior,15,20,ts,20,3,7.613251269312809,10.666666666666666,0.6666666666666666
pilot,prior,15,20,ucb1,1,3,0.5150545853575988,0.3333333333333333,0.0
pilot,prior,15,20,ucb1,2,3,1.0412974000504187,0.6666666666666666,0.3333333333333333
pilot,prior,15,20,ucb1,3,3,1.5699845437496809,1.0,0.3333333333333333
pilot,prior,15,20,ucb1,4,3,1.8226787425365094,1.6666666666666667,0.6666666666666666
pilot,prior,15,20,ucb1,5,3,2.590221191941872,1.6666666666666667,1.0
pilot,prior,15,20,ucb1,6,3,2.958620820292682,2.0,1.0
pilot,prior,15,20,ucb1,7,3,3.578706719843533,2.3333333333333335,1.0
pilot,prior,15,20,ucb1,8,3,4.055704346289607,2.6666666666666665,1.0
pilot,prior,15,20,ucb1,9,3,4.63692887155323,3.0,1.0
pilot,prior,15,20,ucb1,10,3,5.0356887917863,3.6666666666666665,1.0
pilot,prior,15,20,ucb1,11,3,5.431157549163424,4.0,1.0
pilot,prior,15,20,ucb1,12,3,5.987128704434608,4.666666666666667,1.0
pilot,prior,15,20,ucb1,13,3,6.231767592586717,5.666666666666667,1.0
pilot,prior,15,20,ucb1,14,3,6.8498799770908,6.0,1.0
pilot,prior,15,20,ucb1,15,3,7.761197036294784,6.0,1.0
pilot,prior,15,20,ucb1,16,3,7.7682909249789915,7.0,0.0
pilot,prior,15,20,ucb1,17,3,8.046293706243771,7.333333333333333,1.0
pilot,prior,15,20,ucb1,18,3,8.52130820715115,8.0,0.6666666666666666
pilot,prior,15,20,ucb1,19,3,8.925559862113744,9.0,1.0
pilot,prior,15,20,ucb1,20,3,9.242657816830025,9.333333333333334,1.0
