target,k,fixture_id,representation,raw_excess_brier,repeat_variability,cross_repeat_error_product
best_arm,2,e7_probability_forecasts:2:0,bayes,0.2813,0.00010000000000000018,0.2812
best_arm,2,e7_probability_forecasts:2:0,counts,0.34450000000000003,0.00010000000000000005,0.34440000000000004
best_arm,2,e7_probability_forecasts:2:0,means,0.33640000000000003,0.00040000000000000045,0.3360000000000001
best_arm,2,e7_probability_forecasts:2:1,bayes,0.005012194115294776,0.0,0.005012194115294776
best_arm,2,e7_probability_forecasts:2:1,counts,0.005012194115294776,0.0,0.005012194115294776
best_arm,2,e7_probability_forecasts:2:1,means,0.005012194115294776,0.0,0.005012194115294776
best_arm,2,e7_probability_forecasts:2:10,bayes,0.24101480738520065,0.00010000000000000007,0.24091480738520066
best_arm,2,e7_probability_forecasts:2:10,counts,0.24101480738520065,0.00010000000000000007,0.24091480738520066
best_arm,2,e7_probability_forecasts:2:10,means,0.2550990375009889,0.0001000000000000001,0.25499903750098885
best_arm,2,e7_probability_forecasts:2:11,bayes,4.01901551663959e-12,0.0,4.01901551663959e-12
best_arm,2,e7_probability_forecasts:2:11,counts,4.01901551663959e-12,0.0,4.01901551663959e-12
best_arm,2,e7_probability_forecasts:2:11,means,4.01901551663959e-12,0.0,4.01901551663959e-12
best_arm,2,e7_probability_forecasts:2:12,bayes,0.06917959183673453,0.00040000000000000045,0.06877959183673453
best_arm,2,e7_probability_forecasts:2:12,counts,0.02393673469387765,9.999999999999907e-05,0.02383673469387765
best_arm,2,e7_probability_forecasts:2:12,means,0.10189387755102022,0.0,0.10189387755102022
best_arm,2,e7_probability_forecasts:2:13,bayes,0.0045351473922902175,0.0,0.0045351473922902175
best_arm,2,e7_probability_forecasts:2:13,counts,0.0045351473922902175,0.0,0.0045351473922902175
best_arm,2,e7_probability_forecasts:2:13,means,0.0045351473922902175,0.0,0.0045351473922902175
best_arm,2,e7_probability_forecasts:2:14,bayes,0.11196511537437764,0.0,0.11196511537437764
best_arm,2,e7_probability_forecasts:2:14,counts,0.11679724207121021,0.0001000000000000001,0.11669724207121021
best_arm,2,e7_probability_forecasts:2:14,means,0.11679724207121021,0.0001000000000000001,0.11669724207121021
best_arm,2,e7_probability_forecasts:2:15,bayes,0.002173650525298879,0.0,0.002173650525298879
best_arm,2,e7_probability_forecasts:2:15,counts,0.002173650525298879,0.0,0.002173650525298879
best_arm,2,e7_probability_forecasts:2:15,means,0.002173650525298879,0.0,0.002173650525298879
best_arm,2,e7_probability_forecasts:2:16,bayes,1.0237300628574118e-05,0.0,1.0237300628574118e-05
best_arm,2,e7_probability_forecasts:2:16,counts,1.0237300628574118e-05,0.0,1.0237300628574118e-05
best_arm,2,e7_probability_forecasts:2:16,means,1.0237300628574118e-05,0.0,1.0237300628574118e-05
best_arm,2,e7_probability_forecasts:2:17,bayes,4.43283019182142e-05,0.0,4.43283019182142e-05
best_arm,2,e7_probability_forecasts:2:17,counts,4.43283019182142e-05,0.0,4.43283019182142e-05
best_arm,2,e7_probability_forecasts:2:17,means,4.43283019182142e-05,0.0,4.43283019182142e-05
best_arm,2,e7_probability_forecasts:2:18,bayes,0.0036956655269138536,0.0,0.0036956655269138536
best_arm,2,e7_probability_forecasts:2:18,counts,0.0036956655269138536,0.0,0.0036956655269138536
best_arm,2,e7_probability_forecasts:2:18,means,0.0036956655269138536,0.0,0.0036956655269138536
best_arm,2,e7_probability_forecasts:2:19,bayes,0.015570934256055515,0.0,0.015570934256055515
best_arm,2,e7_probability_forecasts:2:19,counts,0.015570934256055515,0.0,0.015570934256055515
best_arm,2,e7_probability_forecasts:2:19,means,0.015570934256055515,0.0,0.015570934256055515
best_arm,2,e7_probability_forecasts:2:2,bayes,0.0015272903453062868,0.0,0.0015272903453062868
best_arm,2,e7_probability_forecasts:2:2,counts,0.0015272903453062868,0.0,0.0015272903453062868
best_arm,2,e7_probability_forecasts:2:2,means,0.0015272903453062868,0.0,0.0015272903453062868
best_arm,2,e7_probability_forecasts:2:20,bayes,0.31210000000000004,0.00010000000000000005,0.31200000000000006
best_arm,2,e7_probability_forecasts:2:20,counts,0.32810000000000006,0.00010000000000000018,0.32800000000000007
best_arm,2,e7_probability_forecasts:2:20,means,0.34450000000000003,0.00010000000000000005,0.34440000000000004
best_arm,2,e7_probability_forecasts:2:21,bayes,0.27916122448979586,0.00010000000000000005,0.27906122448979587
best_arm,2,e7_probability_forecasts:2:21,counts,0.10731836734693885,0.0004000000000000007,0.10691836734693885
best_arm,2,e7_probability_forecasts:2:21,means,0.3177183673469386,0.0,0.3177183673469386
best_arm,2,e7_probability_forecasts:2:22,bayes,0.03940000000000026,0.00039999999999999964,0.039000000000000264
best_arm,2,e7_probability_forecasts:2:22,counts,0.038899999999999754,0.004899999999999996,0.03399999999999976
best_arm,2,e7_probability_forecasts:2:22,means,0.00530000000000009,0.0025000000000000014,0.002800000000000089
best_arm,2,e7_probability_forecasts:2:23,bayes,0.0045351473922902175,0.0,0.0045351473922902175
best_arm,2,e7_probability_forecasts:2:23,counts,0.0045351473922902175,0.0,0.0045351473922902175
best_arm,2,e7_probability_forecasts:2:23,means,0.0045351473922902175,0.0,0.0045351473922902175
best_arm,2,e7_probability_forecasts:2:24,bayes,0.14973206439649994,0.0,0.14973206439649994
best_arm,2,e7_probability_forecasts:2:24,counts,0.05076843814510955,0.0008999999999999975,0.04986843814510955
best_arm,2,e7_probability_forecasts:2:24,means,0.14435973282035258,9.9999999999999e-05,0.14425973282035257
best_arm,2,e7_probability_forecasts:2:25,bayes,0.0010265909914261716,0.00039999999999999964,0.0006265909914261721
best_arm,2,e7_probability_forecasts:2:25,counts,0.0892771404419758,0.0016000000000000007,0.0876771404419758
best_arm,2,e7_probability_forecasts:2:25,means,0.006172744837580049,0.00010000000000000018,0.006072744837580048
best_arm,2,e7_probability_forecasts:2:26,bayes,0.020374699115957677,0.0,0.020374699115957677
best_arm,2,e7_probability_forecasts:2:26,counts,0.01653740307866166,0.0,0.01653740307866166
best_arm,2,e7_probability_forecasts:2:26,means,0.01845605109730967,0.0001000000000000001,0.018356051097309665
best_arm,2,e7_probability_forecasts:2:27,bayes,0.28079574537785834,0.0016000000000000018,0.2791957453778583
best_arm,2,e7_probability_forecasts:2:27,counts,0.18887266845478226,0.0036000000000000034,0.18527266845478224
best_arm,2,e7_probability_forecasts:2:27,means,0.3945613562375867,0.0,0.3945613562375867
best_arm,2,e7_probability_forecasts:2:28,bayes,0.10824930795847759,0.0,0.10824930795847759
best_arm,2,e7_probability_forecasts:2:28,counts,0.07817871972318347,9.9999999999999e-05,0.07807871972318348
best_arm,2,e7_probability_forecasts:2:28,means,0.103696366782007,0.0001000000000000001,0.10359636678200701
best_arm,2,e7_probability_forecasts:2:29,bayes,0.10405487528344705,0.0,0.10405487528344705
best_arm,2,e7_probability_forecasts:2:29,counts,0.07848344671201843,0.0,0.07848344671201843
best_arm,2,e7_probability_forecasts:2:29,means,0.10405487528344705,0.0,0.10405487528344705
best_arm,2,e7_probability_forecasts:2:3,bayes,0.2445118343195264,0.00010000000000000011,0.2444118343195264
best_arm,2,e7_probability_forecasts:2:3,counts,0.21734260355029572,0.00010000000000000005,0.21724260355029573
best_arm,2,e7_probability_forecasts:2:3,means,0.28067337278106486,0.0,0.28067337278106486
best_arm,2,e7_probability_forecasts:2:30,bayes,0.007866116049652816,0.0,0.007866116049652816
best_arm,2,e7_probability_forecasts:2:30,counts,0.005557552149784554,0.0,0.005557552149784554
best_arm,2,e7_probability_forecasts:2:30,means,0.007866116049652816,0.0,0.007866116049652816
best_arm,2,e7_probability_forecasts:2:31,bayes,0.0026948741711529927,0.0,0.0026948741711529927
best_arm,2,e7_probability_forecasts:2:31,counts,0.0026948741711529927,0.0,0.0026948741711529927
best_arm,2,e7_probability_forecasts:2:31,means,0.0026948741711529927,0.0,0.0026948741711529927
best_arm,2,e7_probability_forecasts:2:32,bayes,3.6500950902579545e-09,0.0,3.6500950902579545e-09
best_arm,2,e7_probability_forecasts:2:32,counts,3.6500950902579545e-09,0.0,3.6500950902579545e-09
best_arm,2,e7_probability_forecasts:2:32,means,3.6500950902579545e-09,0.0,3.6500950902579545e-09
best_arm,2,e7_probability_forecasts:2:33,bayes,0.09441487603305804,0.0,0.09441487603305804
best_arm,2,e7_probability_forecasts:2:33,counts,0.0988603305785126,0.0001000000000000001,0.09876033057851258
best_arm,2,e7_probability_forecasts:2:33,means,0.10330578512396714,0.0,0.10330578512396714
best_arm,2,e7_probability_forecasts:2:34,bayes,2.7218394635472097e-05,0.0,2.7218394635472097e-05
best_arm,2,e7_probability_forecasts:2:34,counts,2.7218394635472097e-05,0.0,2.7218394635472097e-05
best_arm,2,e7_probability_forecasts:2:34,means,2.7218394635472097e-05,0.0,2.7218394635472097e-05
best_arm,2,e7_probability_forecasts:2:35,bayes,0.05555555555555544,0.0,0.05555555555555544
best_arm,2,e7_probability_forecasts:2:35,counts,0.05555555555555544,0.0,0.05555555555555544
best_arm,2,e7_probability_forecasts:2:35,means,0.05555555555555544,0.0,0.05555555555555544
best_arm,2,e7_probability_forecasts:2:36,bayes,0.042500000000000274,0.0009,0.041600000000000276
best_arm,2,e7_probability_forecasts:2:36,counts,0.026099999999999804,0.008099999999999994,0.017999999999999808
best_arm,2,e7_probability_forecasts:2:36,means,0.006100000000000109,0.00010000000000000018,0.0060000000000001085
best_arm,2,e7_probability_forecasts:2:37,bayes,0.00024511512616351823,0.0,0.00024511512616351823
best_arm,2,e7_probability_forecasts:2:37,counts,0.00024511512616351823,0.0,0.00024511512616351823
best_arm,2,e7_probability_forecasts:2:37,means,0.00024511512616351823,0.0,0.00024511512616351823
best_arm,2,e7_probability_forecasts:2:38,bayes,0.05232222222222211,0.0001000000000000001,0.05222222222222211
best_arm,2,e7_probability_forecasts:2:38,counts,0.05555555555555544,0.0,0.05555555555555544
best_arm,2,e7_probability_forecasts:2:38,means,0.05555555555555544,0.0,0.05555555555555544
best_arm,2,e7_probability_forecasts:2:39,bayes,0.04081632653061201,0.0,0.04081632653061201
best_arm,2,e7_probability_forecasts:2:39,counts,0.038059183673469166,0.0001000000000000001,0.03795918367346916
best_arm,2,e7_probability_forecasts:2:39,means,0.04081632653061201,0.0,0.04081632653061201
best_arm,2,e7_probability_forecasts:2:4,bayes,0.05555555555555544,0.0,0.05555555555555544
best_arm,2,e7_probability_forecasts:2:4,counts,0.05555555555555544,0.0,0.05555555555555544
best_arm,2,e7_probability_forecasts:2:4,means,0.05555555555555544,0.0,0.05555555555555544
best_arm,2,e7_probability_forecasts:2:40,bayes,0.037190082644628156,0.0,0.037190082644628156
best_arm,2,e7_probability_forecasts:2:40,counts,0.037190082644628156,0.0,0.037190082644628156
best_arm,2,e7_probability_forecasts:2:40,means,0.037190082644628156,0.0,0.037190082644628156
best_arm,2,e7_probability_forecasts:2:41,bayes,0.294304081632653,9.9999999999999e-05,0.294204081632653
best_arm,2,e7_probability_forecasts:2:41,counts,0.1264326530612246,0.0,0.1264326530612246
best_arm,2,e7_probability_forecasts:2:41,means,0.3177183673469386,0.0,0.3177183673469386
best_arm,2,e7_probability_forecasts:2:42,bayes,0.10650816326530593,0.00010000000000000005,0.10640816326530594
best_arm,2,e7_probability_forecasts:2:42,counts,0.13097959183673444,0.0004000000000000004,0.13057959183673443
best_arm,2,e7_probability_forecasts:2:42,means,0.12576530612244874,0.00010000000000000011,0.12566530612244872
best_arm,2,e7_probability_forecasts:2:43,bayes,0.003086779931464124,0.0,0.003086779931464124
best_arm,2,e7_probability_forecasts:2:43,counts,0.003086779931464124,0.0,0.003086779931464124
best_arm,2,e7_probability_forecasts:2:43,means,0.003086779931464124,0.0,0.003086779931464124
best_arm,2,e7_probability_forecasts:2:44,bayes,1.5094795314572596e-05,0.0,1.5094795314572596e-05
best_arm,2,e7_probability_forecasts:2:44,counts,1.5094795314572596e-05,0.0,1.5094795314572596e-05
best_arm,2,e7_probability_forecasts:2:44,means,1.5094795314572596e-05,0.0,1.5094795314572596e-05
best_arm,2,e7_probability_forecasts:2:45,bayes,0.0060379181258301134,0.0,0.0060379181258301134
best_arm,2,e7_probability_forecasts:2:45,counts,0.004040115928027933,0.0,0.004040115928027933
best_arm,2,e7_probability_forecasts:2:45,means,0.004040115928027933,0.0,0.004040115928027933
best_arm,2,e7_probability_forecasts:2:46,bayes,0.29927887936239556,0.0003999999999999985,0.2988788793623956
best_arm,2,e7_probability_forecasts:2:46,counts,0.2269382200217363,0.0004000000000000002,0.2265382200217363
best_arm,2,e7_probability_forecasts:2:46,means,0.4171558024393187,0.0,0.4171558024393187
best_arm,2,e7_probability_forecasts:2:47,bayes,0.09959297052154228,0.0001000000000000001,0.09949297052154228
best_arm,2,e7_probability_forecasts:2:47,counts,0.10405487528344705,0.0,0.10405487528344705
best_arm,2,e7_probability_forecasts:2:47,means,0.10405487528344705,0.0,0.10405487528344705
best_arm,2,e7_probability_forecasts:2:48,bayes,0.1667469387755101,0.0004000000000000002,0.1663469387755101
best_arm,2,e7_probability_forecasts:2:48,counts,0.27916122448979586,0.00010000000000000005,0.27906122448979587
best_arm,2,e7_probability_forecasts:2:48,means,0.2571469387755101,0.0,0.2571469387755101
best_arm,2,e7_probability_forecasts:2:49,bayes,0.011041992159418777,0.0,0.011041992159418777
best_arm,2,e7_probability_forecasts:2:49,counts,0.008269855936508558,0.0,0.008269855936508558
best_arm,2,e7_probability_forecasts:2:49,means,0.009655924047963668,0.0001000000000000001,0.009555924047963668
best_arm,2,e7_probability_forecasts:2:5,bayes,0.09347664399092995,0.0,0.09347664399092995
best_arm,2,e7_probability_forecasts:2:5,counts,0.10232426303854902,0.0,0.10232426303854902
best_arm,2,e7_probability_forecasts:2:5,means,0.10232426303854902,0.0,0.10232426303854902
best_arm,2,e7_probability_forecasts:2:50,bayes,0.0331044559000068,0.0,0.0331044559000068
best_arm,2,e7_probability_forecasts:2:50,counts,0.004261598757149835,0.0009000000000000008,0.0033615987571498345
best_arm,2,e7_probability_forecasts:2:50,means,0.0331044559000068,0.0,0.0331044559000068
best_arm,2,e7_probability_forecasts:2:51,bayes,0.038899999999999754,0.004899999999999996,0.03399999999999976
best_arm,2,e7_probability_forecasts:2:51,counts,0.23139999999999938,0.0003999999999999985,0.2309999999999994
best_arm,2,e7_probability_forecasts:2:51,means,0.055699999999999694,0.0025000000000000014,0.0531999999999997
best_arm,2,e7_probability_forecasts:2:52,bayes,1.2493793635659862e-06,0.0,1.2493793635659862e-06
best_arm,2,e7_probability_forecasts:2:52,counts,1.2493793635659862e-06,0.0,1.2493793635659862e-06
best_arm,2,e7_probability_forecasts:2:52,means,1.2493793635659862e-06,0.0,1.2493793635659862e-06
best_arm,2,e7_probability_forecasts:2:53,bayes,0.0005980604290021982,0.0,0.0005980604290021982
best_arm,2,e7_probability_forecasts:2:53,counts,0.0001063608242590997,0.0,0.0001063608242590997
best_arm,2,e7_probability_forecasts:2:53,means,0.00035221062663064894,0.0001000000000000001,0.00025221062663064885
best_arm,2,e7_probability_forecasts:2:54,bayes,0.1058000000000004,0.0,0.1058000000000004
best_arm,2,e7_probability_forecasts:2:54,counts,0.1058000000000004,0.0,0.1058000000000004
best_arm,2,e7_probability_forecasts:2:54,means,0.11520000000000041,0.0,0.11520000000000041
best_arm,2,e7_probability_forecasts:2:55,bayes,0.043022222222222115,0.0,0.043022222222222115
best_arm,2,e7_probability_forecasts:2:55,counts,0.04605555555555545,0.0001000000000000001,0.045955555555555444
best_arm,2,e7_probability_forecasts:2:55,means,0.04018888888888879,0.00010000000000000007,0.040088888888888785
best_arm,2,e7_probability_forecasts:2:56,bayes,0.024736271808999184,0.0,0.024736271808999184
best_arm,2,e7_probability_forecasts:2:56,counts,0.027060514233241614,0.0001000000000000001,0.026960514233241615
best_arm,2,e7_probability_forecasts:2:56,means,0.029384756657484044,0.0,0.029384756657484044
best_arm,2,e7_probability_forecasts:2:57,bayes,0.001227218934911234,0.0016000000000000007,-0.0003727810650887667
best_arm,2,e7_probability_forecasts:2:57,counts,0.003281065088757405,0.004899999999999996,-0.0016189349112425914
best_arm,2,e7_probability_forecasts:2:57,means,0.17379644970414185,0.00040000000000000045,0.17339644970414186
best_arm,2,e7_probability_forecasts:2:58,bayes,0.18402222222222236,0.0,0.18402222222222236
best_arm,2,e7_probability_forecasts:2:58,counts,0.001288888888888904,0.00039999999999999964,0.0008888888888889044
best_arm,2,e7_probability_forecasts:2:58,means,0.20272222222222241,0.0001000000000000001,0.20262222222222237
best_arm,2,e7_probability_forecasts:2:59,bayes,0.1520367346938773,0.0,0.1520367346938773
best_arm,2,e7_probability_forecasts:2:59,counts,0.16326530612244872,0.0,0.16326530612244872
best_arm,2,e7_probability_forecasts:2:59,means,0.16326530612244872,0.0,0.16326530612244872
best_arm,2,e7_probability_forecasts:2:6,bayes,0.0037420411653362046,0.0,0.0037420411653362046
best_arm,2,e7_probability_forecasts:2:6,counts,0.001081617530999527,0.0,0.001081617530999527
best_arm,2,e7_probability_forecasts:2:6,means,0.0037420411653362046,0.0,0.0037420411653362046
best_arm,2,e7_probability_forecasts:2:60,bayes,0.022223702422145167,0.0001000000000000001,0.022123702422145168
best_arm,2,e7_probability_forecasts:2:60,counts,0.020117820069203998,0.0,0.020117820069203998
best_arm,2,e7_probability_forecasts:2:60,means,0.020117820069203998,0.0,0.020117820069203998
best_arm,2,e7_probability_forecasts:2:61,bayes,0.03169999999999976,0.0009000000000000016,0.03079999999999976
best_arm,2,e7_probability_forecasts:2:61,counts,0.2816999999999993,0.0009000000000000012,0.2807999999999993
best_arm,2,e7_probability_forecasts:2:61,means,0.10169999999999957,0.0009,0.10079999999999956
best_arm,2,e7_probability_forecasts:2:62,bayes,1.94877263366433e-05,0.0,1.94877263366433e-05
best_arm,2,e7_probability_forecasts:2:62,counts,1.94877263366433e-05,0.0,1.94877263366433e-05
best_arm,2,e7_probability_forecasts:2:62,means,1.94877263366433e-05,0.0,1.94877263366433e-05
best_arm,2,e7_probability_forecasts:2:63,bayes,0.013888888888888933,0.0,0.013888888888888933
best_arm,2,e7_probability_forecasts:2:63,counts,0.013888888888888933,0.0,0.013888888888888933
best_arm,2,e7_probability_forecasts:2:63,means,0.013888888888888933,0.0,0.013888888888888933
best_arm,2,e7_probability_forecasts:2:64,bayes,0.020296449704141954,0.0008999999999999982,0.019396449704141956
best_arm,2,e7_probability_forecasts:2:64,counts,0.00024260355029585558,0.0004000000000000007,-0.00015739644970414515
best_arm,2,e7_probability_forecasts:2:64,means,0.19796568047337262,0.0,0.19796568047337262
best_arm,2,e7_probability_forecasts:2:65,bayes,0.1480320069204149,0.0,0.1480320069204149
best_arm,2,e7_probability_forecasts:2:65,counts,0.1480320069204149,0.0,0.1480320069204149
best_arm,2,e7_probability_forecasts:2:65,means,0.1480320069204149,0.0,0.1480320069204149
best_arm,2,e7_probability_forecasts:2:66,bayes,0.09441487603305804,0.0,0.09441487603305804
best_arm,2,e7_probability_forecasts:2:66,counts,0.09016942148760348,0.0001000000000000001,0.09006942148760348
best_arm,2,e7_probability_forecasts:2:66,means,0.09016942148760348,0.0001000000000000001,0.09006942148760348
best_arm,2,e7_probability_forecasts:2:67,bayes,0.004942533081285537,0.00040000000000000045,0.004542533081285537
best_arm,2,e7_probability_forecasts:2:67,counts,0.02797731568998089,0.006400000000000007,0.021577315689980885
best_arm,2,e7_probability_forecasts:2:67,means,0.012386011342155147,0.0,0.012386011342155147
best_arm,2,e7_probability_forecasts:2:68,bayes,1.5094795314572596e-05,0.0,1.5094795314572596e-05
best_arm,2,e7_probability_forecasts:2:68,counts,1.5094795314572596e-05,0.0,1.5094795314572596e-05
best_arm,2,e7_probability_forecasts:2:68,means,1.5094795314572596e-05,0.0,1.5094795314572596e-05
best_arm,2,e7_probability_forecasts:2:69,bayes,0.03530204081632631,0.0,0.03530204081632631
best_arm,2,e7_probability_forecasts:2:69,counts,0.030187755102040616,0.0,0.030187755102040616
best_arm,2,e7_probability_forecasts:2:69,means,0.03530204081632631,0.0,0.03530204081632631
best_arm,2,e7_probability_forecasts:2:7,bayes,0.27632222222222197,9.9999999999999e-05,0.276222222222222
best_arm,2,e7_probability_forecasts:2:7,counts,0.30685555555555527,0.00010000000000000007,0.3067555555555553
best_arm,2,e7_probability_forecasts:2:7,means,0.33075555555555525,0.0,0.33075555555555525
best_arm,2,e7_probability_forecasts:2:70,bayes,0.003239751171773841,0.0,0.003239751171773841
best_arm,2,e7_probability_forecasts:2:70,counts,0.003239751171773841,0.0,0.003239751171773841
best_arm,2,e7_probability_forecasts:2:70,means,0.003239751171773841,0.0,0.003239751171773841
best_arm,2,e7_probability_forecasts:2:71,bayes,0.010755555555555595,0.0,0.010755555555555595
best_arm,2,e7_probability_forecasts:2:71,counts,0.010755555555555595,0.0,0.010755555555555595
best_arm,2,e7_probability_forecasts:2:71,means,0.010755555555555595,0.0,0.010755555555555595
best_arm,2,e7_probability_forecasts:2:72,bayes,0.2991383227408865,0.0001000000000000001,0.2990383227408865
best_arm,2,e7_probability_forecasts:2:72,counts,0.0028109723135363858,0.0016000000000000007,0.001210972313536385
best_arm,2,e7_probability_forecasts:2:72,means,0.2914041347066984,0.0,0.2914041347066984
best_arm,2,e7_probability_forecasts:2:73,bayes,0.0002834467120181207,0.0,0.0002834467120181207
best_arm,2,e7_probability_forecasts:2:73,counts,0.0002834467120181207,0.0,0.0002834467120181207
best_arm,2,e7_probability_forecasts:2:73,means,0.0002834467120181207,0.0,0.0002834467120181207
best_arm,2,e7_probability_forecasts:2:74,bayes,0.10733298867754554,0.0001000000000000001,0.10723298867754553
best_arm,2,e7_probability_forecasts:2:74,counts,0.10270086198071296,0.0,0.10270086198071296
best_arm,2,e7_probability_forecasts:2:74,means,0.11196511537437812,0.0,0.11196511537437812
best_arm,2,e7_probability_forecasts:2:75,bayes,0.04081632653061201,0.0,0.04081632653061201
best_arm,2,e7_probability_forecasts:2:75,counts,0.03530204081632631,0.0,0.03530204081632631
best_arm,2,e7_probability_forecasts:2:75,means,0.04081632653061201,0.0,0.04081632653061201
best_arm,2,e7_probability_forecasts:2:76,bayes,0.02834467120181403,0.0,0.02834467120181403
best_arm,2,e7_probability_forecasts:2:76,counts,0.02834467120181403,0.0,0.02834467120181403
best_arm,2,e7_probability_forecasts:2:76,means,0.02378276643990927,0.0,0.02378276643990927
best_arm,2,e7_probability_forecasts:2:77,bayes,0.0009803894097988894,0.0,0.0009803894097988894
best_arm,2,e7_probability_forecasts:2:77,counts,0.0009803894097988894,0.0,0.0009803894097988894
best_arm,2,e7_probability_forecasts:2:77,means,0.0009803894097988894,0.0,0.0009803894097988894
best_arm,2,e7_probability_forecasts:2:78,bayes,0.11520000000000041,0.0,0.11520000000000041
best_arm,2,e7_probability_forecasts:2:78,counts,0.027700000000000204,0.0025000000000000022,0.0252000000000002
best_arm,2,e7_probability_forecasts:2:78,means,0.11520000000000041,0.0,0.11520000000000041
best_arm,2,e7_probability_forecasts:2:79,bayes,6.39831289285568e-07,0.0,6.39831289285568e-07
best_arm,2,e7_probability_forecasts:2:79,counts,6.39831289285568e-07,0.0,6.39831289285568e-07
best_arm,2,e7_probability_forecasts:2:79,means,6.39831289285568e-07,0.0,6.39831289285568e-07
best_arm,2,e7_probability_forecasts:2:8,bayes,0.0002834467120181207,0.0,0.0002834467120181207
best_arm,2,e7_probability_forecasts:2:8,counts,0.0002834467120181207,0.0,0.0002834467120181207
best_arm,2,e7_probability_forecasts:2:8,means,0.0002834467120181207,0.0,0.0002834467120181207
best_arm,2,e7_probability_forecasts:2:80,bayes,0.004999999999999893,0.0,0.004999999999999893
best_arm,2,e7_probability_forecasts:2:80,counts,0.004999999999999893,0.0,0.004999999999999893
best_arm,2,e7_probability_forecasts:2:80,means,0.004999999999999893,0.0,0.004999999999999893
best_arm,2,e7_probability_forecasts:2:81,bayes,0.22955312499999933,0.0001000000000000001,0.22945312499999931
best_arm,2,e7_probability_forecasts:2:81,counts,0.20325312499999934,0.00010000000000000007,0.20315312499999932
best_arm,2,e7_probability_forecasts:2:81,means,0.22277812499999933,0.0,0.22277812499999933
best_arm,2,e7_probability_forecasts:2:82,bayes,0.0032966942148759974,0.0009000000000000008,0.002396694214875997
best_arm,2,e7_probability_forecasts:2:82,counts,0.1587603305785127,0.010000000000000005,0.14876033057851268
best_arm,2,e7_probability_forecasts:2:82,means,0.03798760330578499,0.00010000000000000018,0.037887603305784986
best_arm,2,e7_probability_forecasts:2:83,bayes,0.0002834467120181207,0.0,0.0002834467120181207
best_arm,2,e7_probability_forecasts:2:83,counts,0.0002834467120181207,0.0,0.0002834467120181207
best_arm,2,e7_probability_forecasts:2:83,means,0.0002834467120181207,0.0,0.0002834467120181207
best_arm,2,e7_probability_forecasts:2:84,bayes,6.456653205056545e-05,0.0,6.456653205056545e-05
best_arm,2,e7_probability_forecasts:2:84,counts,6.456653205056545e-05,0.0,6.456653205056545e-05
best_arm,2,e7_probability_forecasts:2:84,means,6.456653205056545e-05,0.0,6.456653205056545e-05
best_arm,2,e7_probability_forecasts:2:85,bayes,0.010389606590982993,0.0,0.010389606590982993
best_arm,2,e7_probability_forecasts:2:85,counts,0.010389606590982993,0.0,0.010389606590982993
best_arm,2,e7_probability_forecasts:2:85,means,0.010389606590982993,0.0,0.010389606590982993
best_arm,2,e7_probability_forecasts:2:86,bayes,0.18402222222222236,0.0,0.18402222222222236
best_arm,2,e7_probability_forecasts:2:86,counts,0.20908888888888907,0.0,0.20908888888888907
best_arm,2,e7_probability_forecasts:2:86,means,0.20272222222222241,0.0001000000000000001,0.20262222222222237
best_arm,2,e7_probability_forecasts:2:87,bayes,0.06734336378188199,0.0,0.06734336378188199
best_arm,2,e7_probability_forecasts:2:87,counts,0.07111333282212967,0.0001000000000000001,0.07101333282212967
best_arm,2,e7_probability_forecasts:2:87,means,0.06734336378188199,0.0,0.06734336378188199
best_arm,2,e7_probability_forecasts:2:88,bayes,0.1058000000000004,0.0,0.1058000000000004
best_arm,2,e7_probability_forecasts:2:88,counts,0.1058000000000004,0.0,0.1058000000000004
best_arm,2,e7_probability_forecasts:2:88,means,0.11520000000000041,0.0,0.11520000000000041
best_arm,2,e7_probability_forecasts:2:89,bayes,0.2448140495867768,0.0009000000000000008,0.2439140495867768
best_arm,2,e7_probability_forecasts:2:89,counts,0.3273140495867768,0.0,0.3273140495867768
best_arm,2,e7_probability_forecasts:2:89,means,0.2885595041322313,0.0009000000000000008,0.2876595041322313
best_arm,2,e7_probability_forecasts:2:9,bayes,0.24795692244309478,0.0,0.24795692244309478
best_arm,2,e7_probability_forecasts:2:9,counts,0.2550990375009889,0.0001000000000000001,0.25499903750098885
best_arm,2,e7_probability_forecasts:2:9,means,0.2550990375009889,0.0001000000000000001,0.25499903750098885
best_arm,2,e7_probability_forecasts:2:90,bayes,6.721277042638329e-05,0.0,6.721277042638329e-05
best_arm,2,e7_probability_forecasts:2:90,counts,3.532871245536494e-05,0.0,3.532871245536494e-05
best_arm,2,e7_probability_forecasts:2:90,means,6.721277042638329e-05,0.0,6.721277042638329e-05
best_arm,2,e7_probability_forecasts:2:91,bayes,0.19673553719008252,0.0,0.19673553719008252
best_arm,2,e7_probability_forecasts:2:91,counts,0.29875371900826464,0.0004000000000000007,0.2983537190082647
best_arm,2,e7_probability_forecasts:2:91,means,0.23617190082644607,0.0,0.23617190082644607
best_arm,2,e7_probability_forecasts:2:92,bayes,0.19448306844967211,0.0,0.19448306844967211
best_arm,2,e7_probability_forecasts:2:92,counts,0.18220963849798127,0.0,0.18220963849798127
best_arm,2,e7_probability_forecasts:2:92,means,0.23370335830474454,0.0,0.23370335830474454
best_arm,2,e7_probability_forecasts:2:93,bayes,0.22162534643565796,0.0,0.22162534643565796
best_arm,2,e7_probability_forecasts:2:93,counts,0.07105182864909648,0.0008999999999999975,0.0701518286490965
best_arm,2,e7_probability_forecasts:2:93,means,0.22162534643565796,0.0,0.22162534643565796
best_arm,2,e7_probability_forecasts:2:94,bayes,5.8616380767407665e-05,0.0,5.8616380767407665e-05
best_arm,2,e7_probability_forecasts:2:94,counts,5.8616380767407665e-05,0.0,5.8616380767407665e-05
best_arm,2,e7_probability_forecasts:2:94,means,5.8616380767407665e-05,0.0,5.8616380767407665e-05
best_arm,2,e7_probability_forecasts:2:95,bayes,0.1520367346938773,0.0,0.1520367346938773
best_arm,2,e7_probability_forecasts:2:95,counts,0.157651020408163,0.0001000000000000001,0.157551020408163
best_arm,2,e7_probability_forecasts:2:95,means,0.16326530612244872,0.0,0.16326530612244872
best_arm,2,e7_probability_forecasts:2:96,bayes,2.2350382186637357e-07,0.0,2.2350382186637357e-07
best_arm,2,e7_probability_forecasts:2:96,counts,2.2350382186637357e-07,0.0,2.2350382186637357e-07
best_arm,2,e7_probability_forecasts:2:96,means,2.2350382186637357e-07,0.0,2.2350382186637357e-07
best_arm,2,e7_probability_forecasts:2:97,bayes,0.0023733686158548322,0.0,0.0023733686158548322
best_arm,2,e7_probability_forecasts:2:97,counts,0.0023733686158548322,0.0,0.0023733686158548322
best_arm,2,e7_probability_forecasts:2:97,means,0.0023733686158548322,0.0,0.0023733686158548322
best_arm,2,e7_probability_forecasts:2:98,bayes,1.8803205236149464e-06,0.0,1.8803205236149464e-06
best_arm,2,e7_probability_forecasts:2:98,counts,1.8803205236149464e-06,0.0,1.8803205236149464e-06
best_arm,2,e7_probability_forecasts:2:98,means,1.8803205236149464e-06,0.0,1.8803205236149464e-06
best_arm,2,e7_probability_forecasts:2:99,bayes,0.00019595912682819595,0.0,0.00019595912682819595
best_arm,2,e7_probability_forecasts:2:99,counts,0.00019595912682819595,0.0,0.00019595912682819595
best_arm,2,e7_probability_forecasts:2:99,means,0.00019595912682819595,0.0,0.00019595912682819595
best_arm,3,e7_probability_forecasts:3:0,bayes,0.20361879667164678,9.9999999999999e-05,0.2035187966716468
best_arm,3,e7_probability_forecasts:3:0,counts,0.21019950701367596,0.00039999999999999823,0.20979950701367595
best_arm,3,e7_probability_forecasts:3:0,means,0.22994163803976347,0.00010000000000000007,0.22984163803976346
best_arm,3,e7_probability_forecasts:3:1,bayes,0.016923750878701505,0.0,0.016923750878701505
best_arm,3,e7_probability_forecasts:3:1,counts,0.016923750878701505,0.0,0.016923750878701505
best_arm,3,e7_probability_forecasts:3:1,means,0.016923750878701505,0.0,0.016923750878701505
best_arm,3,e7_probability_forecasts:3:10,bayes,0.05170114503815214,0.0,0.05170114503815214
best_arm,3,e7_probability_forecasts:3:10,counts,0.045595880753877355,0.0,0.045595880753877355
best_arm,3,e7_probability_forecasts:3:10,means,0.05170114503815214,0.0,0.05170114503815214
best_arm,3,e7_probability_forecasts:3:11,bayes,5.984105927207023e-05,0.0,5.984105927207023e-05
best_arm,3,e7_probability_forecasts:3:11,counts,0.000812845053478026,0.00010000000000000007,0.000712845053478026
best_arm,3,e7_probability_forecasts:3:11,means,5.044185811326126e-05,0.0001000000000000001,-4.9558141886738824e-05
best_arm,3,e7_probability_forecasts:3:12,bayes,0.03242552315804392,0.0004000000000000007,0.03202552315804392
best_arm,3,e7_probability_forecasts:3:12,counts,0.0027899194428735426,0.0003000000000000004,0.0024899194428735427
best_arm,3,e7_probability_forecasts:3:12,means,0.1102895066461761,0.0,0.1102895066461761
best_arm,3,e7_probability_forecasts:3:13,bayes,0.10332658759731239,0.0,0.10332658759731239
best_arm,3,e7_probability_forecasts:3:13,counts,0.10332658759731239,0.0,0.10332658759731239
best_arm,3,e7_probability_forecasts:3:13,means,0.10332658759731239,0.0,0.10332658759731239
best_arm,3,e7_probability_forecasts:3:14,bayes,0.1789932938856017,0.0013000000000000017,0.17769329388560173
best_arm,3,e7_probability_forecasts:3:14,counts,0.033700986193293724,0.0004000000000000007,0.03330098619329372
best_arm,3,e7_probability_forecasts:3:14,means,0.23880867850098642,0.00010000000000000018,0.23870867850098637
best_arm,3,e7_probability_forecasts:3:15,bayes,0.11749545001860032,0.00010000000000000018,0.11739545001860033
best_arm,3,e7_probability_forecasts:3:15,counts,0.03548463703295901,9.999999999999991e-05,0.03538463703295901
best_arm,3,e7_probability_forecasts:3:15,means,0.20753967764452125,0.0001000000000000001,0.20743967764452123
best_arm,3,e7_probability_forecasts:3:16,bayes,0.08048268212282632,0.00039999999999999964,0.08008268212282632
best_arm,3,e7_probability_forecasts:3:16,counts,0.25385343311096875,0.00010000000000000018,0.25375343311096876
best_arm,3,e7_probability_forecasts:3:16,means,0.10609612085800407,0.0009000000000000008,0.10519612085800406
best_arm,3,e7_probability_forecasts:3:17,bayes,0.024592017773545118,0.0,0.024592017773545118
best_arm,3,e7_probability_forecasts:3:17,counts,0.024592017773545118,0.0,0.024592017773545118
best_arm,3,e7_probability_forecasts:3:17,means,0.024592017773545118,0.0,0.024592017773545118
best_arm,3,e7_probability_forecasts:3:18,bayes,0.000718445153951502,0.0,0.000718445153951502
best_arm,3,e7_probability_forecasts:3:18,counts,0.000718445153951502,0.0,0.000718445153951502
best_arm,3,e7_probability_forecasts:3:18,means,0.000718445153951502,0.0,0.000718445153951502
best_arm,3,e7_probability_forecasts:3:19,bayes,0.15641059867496246,0.0,0.15641059867496246
best_arm,3,e7_probability_forecasts:3:19,counts,0.3753643956281639,0.006400000000000005,0.3689643956281639
best_arm,3,e7_probability_forecasts:3:19,means,0.1454493845475428,0.0,0.1454493845475428
best_arm,3,e7_probability_forecasts:3:2,bayes,0.5133028167913871,0.0,0.5133028167913871
best_arm,3,e7_probability_forecasts:3:2,counts,0.5133028167913871,0.0,0.5133028167913871
best_arm,3,e7_probability_forecasts:3:2,means,0.5133028167913871,0.0,0.5133028167913871
best_arm,3,e7_probability_forecasts:3:20,bayes,0.07118911564625865,0.0003999999999999979,0.07078911564625866
best_arm,3,e7_probability_forecasts:3:20,counts,0.06431768707482981,0.00030000000000000046,0.06401768707482981
best_arm,3,e7_probability_forecasts:3:20,means,0.10341768707483012,0.0,0.10341768707483012
best_arm,3,e7_probability_forecasts:3:21,bayes,0.03701251237698414,0.002499999999999996,0.03451251237698415
best_arm,3,e7_probability_forecasts:3:21,counts,0.22410716246373946,0.0003999999999999985,0.22370716246373945
best_arm,3,e7_probability_forecasts:3:21,means,0.2285918373863401,0.0008999999999999975,0.22769183738634005
best_arm,3,e7_probability_forecasts:3:22,bayes,0.21163020411801028,0.0,0.21163020411801028
best_arm,3,e7_probability_forecasts:3:22,counts,0.21163020411801028,0.0,0.21163020411801028
best_arm,3,e7_probability_forecasts:3:22,means,0.21163020411801028,0.0,0.21163020411801028
best_arm,3,e7_probability_forecasts:3:23,bayes,0.04136984899860365,0.0,0.04136984899860365
best_arm,3,e7_probability_forecasts:3:23,counts,0.004641314901279425,0.0025000000000000014,0.002141314901279424
best_arm,3,e7_probability_forecasts:3:23,means,0.033240508396117904,0.00010000000000000007,0.0331405083961179
best_arm,3,e7_probability_forecasts:3:24,bayes,0.04081770549410019,0.0,0.04081770549410019
best_arm,3,e7_probability_forecasts:3:24,counts,0.04081770549410019,0.0,0.04081770549410019
best_arm,3,e7_probability_forecasts:3:24,means,0.04081770549410019,0.0,0.04081770549410019
best_arm,3,e7_probability_forecasts:3:25,bayes,0.016584074107357294,0.0,0.016584074107357294
best_arm,3,e7_probability_forecasts:3:25,counts,0.011620465252444104,0.0001000000000000001,0.011520465252444103
best_arm,3,e7_probability_forecasts:3:25,means,0.016584074107357294,0.0,0.016584074107357294
best_arm,3,e7_probability_forecasts:3:26,bayes,0.3061646258503402,0.0,0.3061646258503402
best_arm,3,e7_probability_forecasts:3:26,counts,0.2619646258503402,0.0004000000000000002,0.2615646258503401
best_arm,3,e7_probability_forecasts:3:26,means,0.3010789115646259,0.0,0.3010789115646259
best_arm,3,e7_probability_forecasts:3:27,bayes,0.007626849436964072,0.0,0.007626849436964072
best_arm,3,e7_probability_forecasts:3:27,counts,0.007626849436964072,0.0,0.007626849436964072
best_arm,3,e7_probability_forecasts:3:27,means,0.007626849436964072,0.0,0.007626849436964072
best_arm,3,e7_probability_forecasts:3:28,bayes,0.30649721523638845,0.00010000000000000005,0.3063972152363884
best_arm,3,e7_probability_forecasts:3:28,counts,0.28369721523638847,0.00040000000000000045,0.2832972152363884
best_arm,3,e7_probability_forecasts:3:28,means,0.2910972152363885,0.00010000000000000005,0.29099721523638844
best_arm,3,e7_probability_forecasts:3:29,bayes,0.005516985513630391,0.004900000000000005,0.0006169855136303866
best_arm,3,e7_probability_forecasts:3:29,counts,0.41703896526005685,0.008099999999999996,0.40893896526005685
best_arm,3,e7_probability_forecasts:3:29,means,0.07044185373611643,0.0004000000000000002,0.07004185373611643
best_arm,3,e7_probability_forecasts:3:3,bayes,0.23632812503735118,0.0,0.23632812503735118
best_arm,3,e7_probability_forecasts:3:3,counts,0.23632812503735118,0.0,0.23632812503735118
best_arm,3,e7_probability_forecasts:3:3,means,0.2295531250368079,0.0001000000000000001,0.22945312503680787
best_arm,3,e7_probability_forecasts:3:30,bayes,0.062222222222222026,0.0,0.062222222222222026
best_arm,3,e7_probability_forecasts:3:30,counts,0.055755555555555364,0.0,0.055755555555555364
best_arm,3,e7_probability_forecasts:3:30,means,0.058988888888888695,0.0001000000000000001,0.05888888888888869
best_arm,3,e7_probability_forecasts:3:31,bayes,0.026163265306122476,0.0003999999999999985,0.02576326530612248
best_arm,3,e7_probability_forecasts:3:31,counts,0.045277551020408244,0.006399999999999993,0.03887755102040825
best_arm,3,e7_probability_forecasts:3:31,means,0.03764897959183658,0.009999999999999995,0.027648979591836584
best_arm,3,e7_probability_forecasts:3:32,bayes,0.00957180546880066,0.0,0.00957180546880066
best_arm,3,e7_probability_forecasts:3:32,counts,0.00957180546880066,0.0,0.00957180546880066
best_arm,3,e7_probability_forecasts:3:32,means,0.00957180546880066,0.0,0.00957180546880066
best_arm,3,e7_probability_forecasts:3:33,bayes,0.0038760330578512647,0.006399999999999998,-0.002523966942148734
best_arm,3,e7_probability_forecasts:3:33,counts,0.18842148760330635,0.006399999999999998,0.18202148760330633
best_arm,3,e7_probability_forecasts:3:33,means,0.049876033057850995,0.008099999999999996,0.04177603305785099
best_arm,3,e7_probability_forecasts:3:34,bayes,0.36624708680142654,0.0,0.36624708680142654
best_arm,3,e7_probability_forecasts:3:34,counts,0.061957431629013,0.000700000000000001,0.061257431629012996
best_arm,3,e7_probability_forecasts:3:34,means,0.3363884661117714,0.0002999999999999982,0.33608846611177146
best_arm,3,e7_probability_forecasts:3:35,bayes,0.017076319285110303,0.00010000000000000018,0.016976319285110304
best_arm,3,e7_probability_forecasts:3:35,counts,0.02798840719719828,0.0030999999999999995,0.024888407197198273
best_arm,3,e7_probability_forecasts:3:35,means,0.14628291269170363,0.00029999999999999824,0.14598291269170363
best_arm,3,e7_probability_forecasts:3:36,bayes,0.020122870779868605,0.0,0.020122870779868605
best_arm,3,e7_probability_forecasts:3:36,counts,0.020122870779868605,0.0,0.020122870779868605
best_arm,3,e7_probability_forecasts:3:36,means,0.022229004693013577,0.0001000000000000001,0.022129004693013578
best_arm,3,e7_probability_forecasts:3:37,bayes,0.05498714264308495,0.00030000000000000035,0.054687142643084954
best_arm,3,e7_probability_forecasts:3:37,counts,0.49565690070760116,0.0004000000000000002,0.4952569007076012
best_arm,3,e7_probability_forecasts:3:37,means,0.03494073501845151,0.00010000000000000018,0.03484073501845151
best_arm,3,e7_probability_forecasts:3:38,bayes,0.027435116993786365,0.0007000000000000005,0.026735116993786362
best_arm,3,e7_probability_forecasts:3:38,counts,0.3002630273975595,0.0043000000000000035,0.2959630273975595
best_arm,3,e7_probability_forecasts:3:38,means,0.02335282993218897,0.0009000000000000008,0.022452829932188972
best_arm,3,e7_probability_forecasts:3:39,bayes,0.28779725496307407,0.0001000000000000001,0.2876972549630741
best_arm,3,e7_probability_forecasts:3:39,counts,0.27838793182924726,0.0,0.27838793182924726
best_arm,3,e7_probability_forecasts:3:39,means,0.27838793182924726,0.0,0.27838793182924726
best_arm,3,e7_probability_forecasts:3:4,bayes,0.15757159149494576,0.0,0.15757159149494576
best_arm,3,e7_probability_forecasts:3:4,counts,0.15757159149494576,0.0,0.15757159149494576
best_arm,3,e7_probability_forecasts:3:4,means,0.15757159149494576,0.0,0.15757159149494576
best_arm,3,e7_probability_forecasts:3:40,bayes,6.692559075729965e-05,0.0,6.692559075729965e-05
best_arm,3,e7_probability_forecasts:3:40,counts,6.692559075729965e-05,0.0,6.692559075729965e-05
best_arm,3,e7_probability_forecasts:3:40,means,6.692559075729965e-05,0.0,6.692559075729965e-05
best_arm,3,e7_probability_forecasts:3:41,bayes,0.020422115204008006,0.0,0.020422115204008006
best_arm,3,e7_probability_forecasts:3:41,counts,0.0018071818512823109,0.0009000000000000008,0.00090718185128231
best_arm,3,e7_probability_forecasts:3:41,means,0.016580124090311246,0.0,0.016580124090311246
best_arm,3,e7_probability_forecasts:3:42,bayes,0.113239909297052,0.00039999999999999964,0.112839909297052
best_arm,3,e7_probability_forecasts:3:42,counts,0.05383038548752832,0.0007000000000000012,0.05313038548752831
best_arm,3,e7_probability_forecasts:3:42,means,0.06843990929705213,0.00010000000000000018,0.06833990929705214
best_arm,3,e7_probability_forecasts:3:43,bayes,0.010842051210462382,0.0,0.010842051210462382
best_arm,3,e7_probability_forecasts:3:43,counts,0.010842051210462382,0.0,0.010842051210462382
best_arm,3,e7_probability_forecasts:3:43,means,0.010842051210462382,0.0,0.010842051210462382
best_arm,3,e7_probability_forecasts:3:44,bayes,0.029679365079365062,0.0021000000000000007,0.027579365079365065
best_arm,3,e7_probability_forecasts:3:44,counts,0.24760317460317477,0.0003999999999999979,0.24720317460317479
best_arm,3,e7_probability_forecasts:3:44,means,0.017422222222222228,0.002099999999999998,0.01532222222222223
best_arm,3,e7_probability_forecasts:3:45,bayes,0.1519958713460963,0.0,0.1519958713460963
best_arm,3,e7_probability_forecasts:3:45,counts,0.14658775593209855,0.0001000000000000001,0.1464877559320985
best_arm,3,e7_probability_forecasts:3:45,means,0.1519958713460963,0.0,0.1519958713460963
best_arm,3,e7_probability_forecasts:3:46,bayes,0.4145276445499845,0.0,0.4145276445499845
best_arm,3,e7_probability_forecasts:3:46,counts,0.4145276445499845,0.0,0.4145276445499845
best_arm,3,e7_probability_forecasts:3:46,means,0.4145276445499845,0.0,0.4145276445499845
best_arm,3,e7_probability_forecasts:3:47,bayes,0.37230868408006346,0.00040000000000000045,0.3719086840800635
best_arm,3,e7_probability_forecasts:3:47,counts,0.31430213093248854,0.00010000000000000018,0.31420213093248855
best_arm,3,e7_probability_forecasts:3:47,means,0.49260656849698825,0.00010000000000000005,0.49250656849698826
best_arm,3,e7_probability_forecasts:3:48,bayes,0.0033541548654674597,0.0001000000000000001,0.0032541548654674594
best_arm,3,e7_probability_forecasts:3:48,counts,0.0025412718641528603,0.0,0.0025412718641528603
best_arm,3,e7_probability_forecasts:3:48,means,0.0041670378667820595,0.0,0.0041670378667820595
best_arm,3,e7_probability_forecasts:3:49,bayes,0.05306841377381156,0.0,0.05306841377381156
best_arm,3,e7_probability_forecasts:3:49,counts,0.05306841377381156,0.0,0.05306841377381156
best_arm,3,e7_probability_forecasts:3:49,means,0.05306841377381156,0.0,0.05306841377381156
best_arm,3,e7_probability_forecasts:3:5,bayes,9.255992535992441e-05,0.0,9.255992535992441e-05
best_arm,3,e7_probability_forecasts:3:5,counts,9.255992535992441e-05,0.0,9.255992535992441e-05
best_arm,3,e7_probability_forecasts:3:5,means,9.255992535992441e-05,0.0,9.255992535992441e-05
best_arm,3,e7_probability_forecasts:3:50,bayes,0.04922328534142752,0.0,0.04922328534142752
best_arm,3,e7_probability_forecasts:3:50,counts,0.04922328534142752,0.0,0.04922328534142752
best_arm,3,e7_probability_forecasts:3:50,means,0.04922328534142752,0.0,0.04922328534142752
best_arm,3,e7_probability_forecasts:3:51,bayes,0.02344462809917342,0.0009000000000000016,0.022544628099173424
best_arm,3,e7_probability_forecasts:3:51,counts,0.10191735537190084,0.019600000000000003,0.08231735537190085
best_arm,3,e7_probability_forecasts:3:51,means,0.057062809917355184,0.0016000000000000007,0.05546280991735518
best_arm,3,e7_probability_forecasts:3:52,bayes,0.00642377227129442,0.0001000000000000001,0.006323772271294421
best_arm,3,e7_probability_forecasts:3:52,counts,0.00642377227129442,0.0001000000000000001,0.006323772271294421
best_arm,3,e7_probability_forecasts:3:52,means,0.007552797450133121,0.0,0.007552797450133121
best_arm,3,e7_probability_forecasts:3:53,bayes,0.0006718868596280706,0.0,0.0006718868596280706
best_arm,3,e7_probability_forecasts:3:53,counts,0.0006718868596280706,0.0,0.0006718868596280706
best_arm,3,e7_probability_forecasts:3:53,means,0.0006718868596280706,0.0,0.0006718868596280706
best_arm,3,e7_probability_forecasts:3:54,bayes,0.015863265306122372,0.005700000000000005,0.010163265306122368
best_arm,3,e7_probability_forecasts:3:54,counts,0.051020408163265404,0.002499999999999996,0.048520408163265416
best_arm,3,e7_probability_forecasts:3:54,means,0.031163265306122283,0.0009000000000000016,0.03026326530612228
best_arm,3,e7_probability_forecasts:3:55,bayes,0.22594149082000228,0.0,0.22594149082000228
best_arm,3,e7_probability_forecasts:3:55,counts,0.22594149082000228,0.0,0.22594149082000228
best_arm,3,e7_probability_forecasts:3:55,means,0.23273681170139127,0.0001000000000000001,0.23263681170139128
best_arm,3,e7_probability_forecasts:3:56,bayes,0.00020148273868153177,0.0,0.00020148273868153177
best_arm,3,e7_probability_forecasts:3:56,counts,0.00020148273868153177,0.0,0.00020148273868153177
best_arm,3,e7_probability_forecasts:3:56,means,0.00020148273868153177,0.0,0.00020148273868153177
best_arm,3,e7_probability_forecasts:3:57,bayes,0.08509794132997268,0.0,0.08509794132997268
best_arm,3,e7_probability_forecasts:3:57,counts,0.09354864491590865,0.0,0.09354864491590865
best_arm,3,e7_probability_forecasts:3:57,means,0.09354864491590865,0.0,0.09354864491590865
best_arm,3,e7_probability_forecasts:3:58,bayes,0.21499852309093478,0.0008999999999999976,0.2140985230909348
best_arm,3,e7_probability_forecasts:3:58,counts,0.08640419229049297,9.999999999999991e-05,0.08630419229049296
best_arm,3,e7_probability_forecasts:3:58,means,0.24156424489100842,0.00010000000000000011,0.24146424489100843
best_arm,3,e7_probability_forecasts:3:59,bayes,0.24819999999999975,0.0001,0.24809999999999977
best_arm,3,e7_probability_forecasts:3:59,counts,0.25999999999999973,0.0,0.25999999999999973
best_arm,3,e7_probability_forecasts:3:59,means,0.25309999999999977,0.0001000000000000001,0.2529999999999997
best_arm,3,e7_probability_forecasts:3:6,bayes,9.71943138660063e-07,0.0,9.71943138660063e-07
best_arm,3,e7_probability_forecasts:3:6,counts,9.71943138660063e-07,0.0,9.71943138660063e-07
best_arm,3,e7_probability_forecasts:3:6,means,9.71943138660063e-07,0.0,9.71943138660063e-07
best_arm,3,e7_probability_forecasts:3:60,bayes,0.02158412698412697,0.0,0.02158412698412697
best_arm,3,e7_probability_forecasts:3:60,counts,0.28329365079365093,0.0009000000000000008,0.282393650793651
best_arm,3,e7_probability_forecasts:3:60,means,0.015426984126984162,0.0025000000000000014,0.01292698412698416
best_arm,3,e7_probability_forecasts:3:61,bayes,0.19839999999999985,0.0003999999999999807,0.19799999999999987
best_arm,3,e7_probability_forecasts:3:61,counts,0.1862000000000002,0.0,0.1862000000000002
best_arm,3,e7_probability_forecasts:3:61,means,0.2742000000000002,0.0,0.2742000000000002
best_arm,3,e7_probability_forecasts:3:62,bayes,0.012911564625850379,0.00039999999999999736,0.012511564625850381
best_arm,3,e7_probability_forecasts:3:62,counts,0.0375972789115646,0.016900000000000002,0.020697278911564598
best_arm,3,e7_probability_forecasts:3:62,means,0.01819727891156466,0.0009,0.017297278911564663
best_arm,3,e7_probability_forecasts:3:63,bayes,0.3806842673232288,0.00030000000000000035,0.3803842673232288
best_arm,3,e7_probability_forecasts:3:63,counts,0.38273217035118684,0.0001,0.38263217035118685
best_arm,3,e7_probability_forecasts:3:63,means,0.4290796269015041,0.0,0.4290796269015041
best_arm,3,e7_probability_forecasts:3:64,bayes,0.0013854242028977248,9.999999999999963e-05,0.0012854242028977252
best_arm,3,e7_probability_forecasts:3:64,counts,0.2800368353394347,9.999999999999963e-05,0.27993683533943475
best_arm,3,e7_probability_forecasts:3:64,means,0.05883678085539856,0.0003999999999999985,0.058436780855398565
best_arm,3,e7_probability_forecasts:3:65,bayes,3.534487952453598e-05,0.0,3.534487952453598e-05
best_arm,3,e7_probability_forecasts:3:65,counts,3.534487952453598e-05,0.0,3.534487952453598e-05
best_arm,3,e7_probability_forecasts:3:65,means,3.534487952453598e-05,0.0,3.534487952453598e-05
best_arm,3,e7_probability_forecasts:3:66,bayes,0.000966792321197418,0.0,0.000966792321197418
best_arm,3,e7_probability_forecasts:3:66,counts,0.000966792321197418,0.0,0.000966792321197418
best_arm,3,e7_probability_forecasts:3:66,means,0.000966792321197418,0.0,0.000966792321197418
best_arm,3,e7_probability_forecasts:3:67,bayes,0.04838758612070157,0.0004000000000000007,0.04798758612070157
best_arm,3,e7_probability_forecasts:3:67,counts,0.4479757284131912,0.0081,0.4398757284131913
best_arm,3,e7_probability_forecasts:3:67,means,0.05445596556734211,9.999999999999991e-05,0.05435596556734211
best_arm,3,e7_probability_forecasts:3:68,bayes,0.29673308964705053,0.0004000000000000002,0.2963330896470505
best_arm,3,e7_probability_forecasts:3:68,counts,0.16671800907544826,0.0013000000000000012,0.16541800907544824
best_arm,3,e7_probability_forecasts:3:68,means,0.2049330896470506,9.999999999999991e-05,0.2048330896470506
best_arm,3,e7_probability_forecasts:3:69,bayes,0.007101714554600113,0.0,0.007101714554600113
best_arm,3,e7_probability_forecasts:3:69,counts,0.007101714554600113,0.0,0.007101714554600113
best_arm,3,e7_probability_forecasts:3:69,means,0.007101714554600113,0.0,0.007101714554600113
best_arm,3,e7_probability_forecasts:3:7,bayes,0.18670367768496648,0.00040000000000000045,0.18630367768496647
best_arm,3,e7_probability_forecasts:3:7,counts,0.4800358855771864,0.0007000000000000012,0.4793358855771864
best_arm,3,e7_probability_forecasts:3:7,means,0.19434968256995916,0.0025000000000000022,0.19184968256995913
best_arm,3,e7_probability_forecasts:3:70,bayes,0.001519586718248149,0.0,0.001519586718248149
best_arm,3,e7_probability_forecasts:3:70,counts,0.001519586718248149,0.0,0.001519586718248149
best_arm,3,e7_probability_forecasts:3:70,means,0.001519586718248149,0.0,0.001519586718248149
best_arm,3,e7_probability_forecasts:3:71,bayes,0.0022155835126548614,0.0,0.0022155835126548614
best_arm,3,e7_probability_forecasts:3:71,counts,0.0022155835126548614,0.0,0.0022155835126548614
best_arm,3,e7_probability_forecasts:3:71,means,0.0022155835126548614,0.0,0.0022155835126548614
best_arm,3,e7_probability_forecasts:3:72,bayes,0.2314887573964497,0.0004000000000000002,0.23108875739644968
best_arm,3,e7_probability_forecasts:3:72,counts,0.7009656804733722,0.0007000000000000009,0.7002656804733721
best_arm,3,e7_probability_forecasts:3:72,means,0.4075733727810653,0.0009000000000000008,0.4066733727810653
best_arm,3,e7_probability_forecasts:3:73,bayes,0.5209443480060734,0.0,0.5209443480060734
best_arm,3,e7_probability_forecasts:3:73,counts,0.4778454644791925,0.0001000000000000001,0.47774546447919247
best_arm,3,e7_probability_forecasts:3:73,means,0.5209443480060734,0.0,0.5209443480060734
best_arm,3,e7_probability_forecasts:3:74,bayes,0.4454340718115922,0.0002999999999999982,0.44513407181159226
best_arm,3,e7_probability_forecasts:3:74,counts,0.4624397026002282,0.0,0.4624397026002282
best_arm,3,e7_probability_forecasts:3:74,means,0.4963204676542003,0.0,0.4963204676542003
best_arm,3,e7_probability_forecasts:3:75,bayes,0.15280000000000002,0.003100000000000002,0.14970000000000003
best_arm,3,e7_probability_forecasts:3:75,counts,0.2962,0.0007000000000000005,0.2955
best_arm,3,e7_probability_forecasts:3:75,means,0.0885,0.00029999999999999943,0.0882
best_arm,3,e7_probability_forecasts:3:76,bayes,0.30997768595041264,0.00010000000000000007,0.30987768595041265
best_arm,3,e7_probability_forecasts:3:76,counts,0.27963482880755564,9.9999999999999e-05,0.2795348288075556
best_arm,3,e7_probability_forecasts:3:76,means,0.32574911452184124,0.0001000000000000001,0.3256491145218412
best_arm,3,e7_probability_forecasts:3:77,bayes,0.3903564590810654,0.00010000000000000005,0.3902564590810655
best_arm,3,e7_probability_forecasts:3:77,counts,0.0005620020058424209,0.0,0.0005620020058424209
best_arm,3,e7_probability_forecasts:3:77,means,0.21311096531864954,0.012100000000000014,0.20101096531864954
best_arm,3,e7_probability_forecasts:3:78,bayes,0.02652674962585049,0.0,0.02652674962585049
best_arm,3,e7_probability_forecasts:3:78,counts,0.15138648988559092,0.0004000000000000007,0.1509864898855909
best_arm,3,e7_probability_forecasts:3:78,means,0.06495012624922708,0.00010000000000000005,0.06485012624922709
best_arm,3,e7_probability_forecasts:3:79,bayes,0.3420673469387756,0.0003000000000000004,0.34176734693877553
best_arm,3,e7_probability_forecasts:3:79,counts,0.08379591836734698,0.0003000000000000004,0.08349591836734699
best_arm,3,e7_probability_forecasts:3:79,means,0.2535387755102042,0.0016000000000000018,0.25193877551020416
best_arm,3,e7_probability_forecasts:3:8,bayes,0.006405235938456049,0.012099999999999998,-0.0056947640615439485
best_arm,3,e7_probability_forecasts:3:8,counts,0.15354904499678088,0.00010000000000000018,0.15344904499678086
best_arm,3,e7_probability_forecasts:3:8,means,0.018699078423372047,0.006399999999999993,0.012299078423372054
best_arm,3,e7_probability_forecasts:3:80,bayes,0.24479766026303026,9.9999999999999e-05,0.24469766026303025
best_arm,3,e7_probability_forecasts:3:80,counts,0.05038283417905051,0.0036000000000000047,0.046782834179050506
best_arm,3,e7_probability_forecasts:3:80,means,0.27351712960497687,0.00010000000000000007,0.2734171296049768
best_arm,3,e7_probability_forecasts:3:81,bayes,0.3416603550295858,0.0012000000000000012,0.34046035502958577
best_arm,3,e7_probability_forecasts:3:81,counts,0.23880650887573962,0.0002999999999999979,0.2385065088757396
best_arm,3,e7_probability_forecasts:3:81,means,0.31876804733727804,0.0,0.31876804733727804
best_arm,3,e7_probability_forecasts:3:82,bayes,0.2597704081632653,0.0004000000000000007,0.2593704081632653
best_arm,3,e7_probability_forecasts:3:82,counts,0.108634693877551,0.0007000000000000012,0.107934693877551
best_arm,3,e7_probability_forecasts:3:82,means,0.2322418367346939,9.999999999999907e-05,0.23214183673469388
best_arm,3,e7_probability_forecasts:3:83,bayes,0.09374999999999994,0.0,0.09374999999999994
best_arm,3,e7_probability_forecasts:3:83,counts,0.09374999999999994,0.0,0.09374999999999994
best_arm,3,e7_probability_forecasts:3:83,means,0.09374999999999994,0.0,0.09374999999999994
best_arm,3,e7_probability_forecasts:3:84,bayes,0.18286948067190642,0.0,0.18286948067190642
best_arm,3,e7_probability_forecasts:3:84,counts,0.13953282624922106,0.0008999999999999976,0.13863282624922107
best_arm,3,e7_probability_forecasts:3:84,means,0.18286948067190642,0.0,0.18286948067190642
best_arm,3,e7_probability_forecasts:3:85,bayes,1.1031425671730848e-05,0.0,1.1031425671730848e-05
best_arm,3,e7_probability_forecasts:3:85,counts,0.0006237566464633363,0.0,0.0006237566464633363
best_arm,3,e7_probability_forecasts:3:85,means,1.1031425671730848e-05,0.0,1.1031425671730848e-05
best_arm,3,e7_probability_forecasts:3:86,bayes,0.08469749176210704,0.0004000000000000007,0.08429749176210703
best_arm,3,e7_probability_forecasts:3:86,counts,0.5175187587304322,0.0004000000000000002,0.5171187587304322
best_arm,3,e7_probability_forecasts:3:86,means,0.10994800889203599,0.0004000000000000007,0.10954800889203598
best_arm,3,e7_probability_forecasts:3:87,bayes,0.023563911612862726,0.0016000000000000007,0.02196391161286272
best_arm,3,e7_probability_forecasts:3:87,counts,0.13208738813633922,0.006400000000000007,0.1256873881363392
best_arm,3,e7_probability_forecasts:3:87,means,0.06499368184263296,0.0,0.06499368184263296
best_arm,3,e7_probability_forecasts:3:88,bayes,0.09421628341688278,0.0,0.09421628341688278
best_arm,3,e7_probability_forecasts:3:88,counts,0.10309720249780185,0.0,0.10309720249780185
best_arm,3,e7_probability_forecasts:3:88,means,0.10309720249780185,0.0,0.10309720249780185
best_arm,3,e7_probability_forecasts:3:89,bayes,0.015602659178982861,0.0001000000000000001,0.015502659178982862
best_arm,3,e7_probability_forecasts:3:89,counts,0.015602659178982861,0.0001000000000000001,0.015502659178982862
best_arm,3,e7_probability_forecasts:3:89,means,0.01732084099716468,0.0,0.01732084099716468
best_arm,3,e7_probability_forecasts:3:9,bayes,0.012640038234729097,0.0,0.012640038234729097
best_arm,3,e7_probability_forecasts:3:9,counts,0.008932721161558375,0.0001000000000000001,0.008832721161558376
best_arm,3,e7_probability_forecasts:3:9,means,0.012640038234729097,0.0,0.012640038234729097
best_arm,3,e7_probability_forecasts:3:90,bayes,0.15148969085766595,0.0016000000000000018,0.1498896908576659
best_arm,3,e7_probability_forecasts:3:90,counts,0.0742651064843996,0.004900000000000003,0.0693651064843996
best_arm,3,e7_probability_forecasts:3:90,means,0.23055554949604612,0.00010000000000000005,0.2304555494960461
best_arm,3,e7_probability_forecasts:3:91,bayes,0.09573538882415276,0.0001000000000000001,0.09563538882415276
best_arm,3,e7_probability_forecasts:3:91,counts,0.09149505986541492,0.0,0.09149505986541492
best_arm,3,e7_probability_forecasts:3:91,means,0.09149505986541492,0.0,0.09149505986541492
best_arm,3,e7_probability_forecasts:3:92,bayes,0.17173888888888916,0.0,0.17173888888888916
best_arm,3,e7_probability_forecasts:3:92,counts,0.16182222222222253,9.999999999999999e-05,0.16172222222222252
best_arm,3,e7_probability_forecasts:3:92,means,0.17177222222222255,0.0,0.17177222222222255
best_arm,3,e7_probability_forecasts:3:93,bayes,0.22226668436458663,0.0,0.22226668436458663
best_arm,3,e7_probability_forecasts:3:93,counts,0.21569935169725396,0.0001000000000000001,0.21559935169725397
best_arm,3,e7_probability_forecasts:3:93,means,0.2091320190299213,0.0,0.2091320190299213
best_arm,3,e7_probability_forecasts:3:94,bayes,0.049225497054700966,0.0,0.049225497054700966
best_arm,3,e7_probability_forecasts:3:94,counts,0.05570084911772297,0.0,0.05570084911772297
best_arm,3,e7_probability_forecasts:3:94,means,0.05570084911772297,0.0,0.05570084911772297
best_arm,3,e7_probability_forecasts:3:95,bayes,0.04526036994318406,0.0,0.04526036994318406
best_arm,3,e7_probability_forecasts:3:95,counts,0.04526036994318406,0.0,0.04526036994318406
best_arm,3,e7_probability_forecasts:3:95,means,0.04526036994318406,0.0,0.04526036994318406
best_arm,3,e7_probability_forecasts:3:96,bayes,0.08355590715429044,0.0,0.08355590715429044
best_arm,3,e7_probability_forecasts:3:96,counts,0.09193175854747929,0.0,0.09193175854747929
best_arm,3,e7_probability_forecasts:3:96,means,0.08355590715429044,0.0,0.08355590715429044
best_arm,3,e7_probability_forecasts:3:97,bayes,0.004133213828032403,0.0,0.004133213828032403
best_arm,3,e7_probability_forecasts:3:97,counts,0.0033240148821260134,0.0001000000000000001,0.003224014882126013
best_arm,3,e7_probability_forecasts:3:97,means,0.004133213828032403,0.0,0.004133213828032403
best_arm,3,e7_probability_forecasts:3:98,bayes,0.26734337965142885,0.0,0.26734337965142885
best_arm,3,e7_probability_forecasts:3:98,counts,0.012421938260227142,0.004899999999999996,0.007521938260227147
best_arm,3,e7_probability_forecasts:3:98,means,0.21204555708991002,0.0,0.21204555708991002
best_arm,3,e7_probability_forecasts:3:99,bayes,0.08606035531809572,0.00010000000000000018,0.08596035531809572
best_arm,3,e7_probability_forecasts:3:99,counts,0.03567088084712022,0.004899999999999996,0.03077088084712022
best_arm,3,e7_probability_forecasts:3:99,means,0.26030830993316323,0.0008999999999999975,0.2594083099331633
best_arm,5,e7_probability_forecasts:5:0,bayes,0.19896537612743126,0.0007000000000000004,0.19826537612743128
best_arm,5,e7_probability_forecasts:5:0,counts,0.13444953587905717,0.004200000000000002,0.1302495358790572
best_arm,5,e7_probability_forecasts:5:0,means,0.28082856687637914,0.00020000000000000004,0.28062856687637916
best_arm,5,e7_probability_forecasts:5:1,bayes,0.29944373855783124,0.00010000000000000018,0.29934373855783125
best_arm,5,e7_probability_forecasts:5:1,counts,0.07098150945566417,0.0009000000000000016,0.07008150945566417
best_arm,5,e7_probability_forecasts:5:1,means,0.33817149913574673,0.00010000000000000005,0.3380714991357467
best_arm,5,e7_probability_forecasts:5:10,bayes,0.35380104453387595,0.0001000000000000001,0.35370104453387596
best_arm,5,e7_probability_forecasts:5:10,counts,0.2557129625044423,0.0001000000000000001,0.2556129625044423
best_arm,5,e7_probability_forecasts:5:10,means,0.3575417389225536,0.0001000000000000001,0.3574417389225536
best_arm,5,e7_probability_forecasts:5:11,bayes,0.03685905867407512,0.0,0.03685905867407512
best_arm,5,e7_probability_forecasts:5:11,counts,0.03685905867407512,0.0,0.03685905867407512
best_arm,5,e7_probability_forecasts:5:11,means,0.03685905867407512,0.0,0.03685905867407512
best_arm,5,e7_probability_forecasts:5:12,bayes,0.019711227910337553,0.0,0.019711227910337553
best_arm,5,e7_probability_forecasts:5:12,counts,0.016070776397924813,0.0,0.016070776397924813
best_arm,5,e7_probability_forecasts:5:12,means,0.019711227910337553,0.0,0.019711227910337553
best_arm,5,e7_probability_forecasts:5:13,bayes,0.39826841687914644,0.00010000000000000018,0.39816841687914645
best_arm,5,e7_probability_forecasts:5:13,counts,0.45042706738536403,0.0,0.45042706738536403
best_arm,5,e7_probability_forecasts:5:13,means,0.4439594797892609,0.0,0.4439594797892609
best_arm,5,e7_probability_forecasts:5:14,bayes,0.12664162154708813,0.00039999999999999807,0.12624162154708812
best_arm,5,e7_probability_forecasts:5:14,counts,0.06158611425111121,0.0005000000000000006,0.06108611425111121
best_arm,5,e7_probability_forecasts:5:14,means,0.1540953077647034,0.0,0.1540953077647034
best_arm,5,e7_probability_forecasts:5:15,bayes,0.3493413288782281,0.0011000000000000016,0.3482413288782281
best_arm,5,e7_probability_forecasts:5:15,counts,0.5376901552040609,0.001699999999999997,0.535990155204061
best_arm,5,e7_probability_forecasts:5:15,means,0.10342411788618142,0.0017,0.10172411788618141
best_arm,5,e7_probability_forecasts:5:16,bayes,0.6204149170551955,0.0,0.6204149170551955
best_arm,5,e7_probability_forecasts:5:16,counts,0.4671933455114448,0.0007000000000000009,0.4664933455114448
best_arm,5,e7_probability_forecasts:5:16,means,0.5913948833766975,0.00010000000000000011,0.5912948833766976
best_arm,5,e7_probability_forecasts:5:17,bayes,0.02227633155174731,0.0,0.02227633155174731
best_arm,5,e7_probability_forecasts:5:17,counts,0.019705203000638973,0.0,0.019705203000638973
best_arm,5,e7_probability_forecasts:5:17,means,0.02227633155174731,0.0,0.02227633155174731
best_arm,5,e7_probability_forecasts:5:18,bayes,0.18122231944173073,0.00010000000000000007,0.18112231944173074
best_arm,5,e7_probability_forecasts:5:18,counts,0.15696652443037326,0.0008999999999999999,0.15606652443037328
best_arm,5,e7_probability_forecasts:5:18,means,0.17530604053812232,0.0,0.17530604053812232
best_arm,5,e7_probability_forecasts:5:19,bayes,0.5977785170767211,0.00010000000000000005,0.597678517076721
best_arm,5,e7_probability_forecasts:5:19,counts,0.29710429035440966,0.0007000000000000003,0.2964042903544097
best_arm,5,e7_probability_forecasts:5:19,means,0.5648773264905684,0.0,0.5648773264905684
best_arm,5,e7_probability_forecasts:5:2,bayes,0.44404621626869,0.0,0.44404621626869
best_arm,5,e7_probability_forecasts:5:2,counts,0.4522412860462813,0.0001000000000000001,0.45214128604628123
best_arm,5,e7_probability_forecasts:5:2,means,0.46043635582387255,0.0,0.46043635582387255
best_arm,5,e7_probability_forecasts:5:20,bayes,0.24856289664423192,0.0,0.24856289664423192
best_arm,5,e7_probability_forecasts:5:20,counts,0.23523213162308543,0.0,0.23523213162308543
best_arm,5,e7_probability_forecasts:5:20,means,0.24856289664423192,0.0,0.24856289664423192
best_arm,5,e7_probability_forecasts:5:21,bayes,0.3400546181833252,0.0001000000000000001,0.3399546181833252
best_arm,5,e7_probability_forecasts:5:21,counts,0.40879309015585114,0.00040000000000000045,0.4083930901558511
best_arm,5,e7_probability_forecasts:5:21,means,0.48732882001603617,0.0,0.48732882001603617
best_arm,5,e7_probability_forecasts:5:22,bayes,0.4602946654730268,0.0013000000000000015,0.4589946654730267
best_arm,5,e7_probability_forecasts:5:22,counts,0.5227319633568759,0.00010000000000000018,0.5226319633568759
best_arm,5,e7_probability_forecasts:5:22,means,0.40425734556368226,0.0009000000000000008,0.40335734556368225
best_arm,5,e7_probability_forecasts:5:23,bayes,0.06174941920754739,0.0016000000000000018,0.060149419207547385
best_arm,5,e7_probability_forecasts:5:23,counts,0.12431212651325027,0.007700000000000004,0.11661212651325027
best_arm,5,e7_probability_forecasts:5:23,means,0.14543491382381668,0.00010000000000000005,0.1453349138238167
best_arm,5,e7_probability_forecasts:5:24,bayes,0.23246096987038686,0.0,0.23246096987038686
best_arm,5,e7_probability_forecasts:5:24,counts,0.20939365679130909,0.0,0.20939365679130909
best_arm,5,e7_probability_forecasts:5:24,means,0.220727313330848,0.0,0.220727313330848
best_arm,5,e7_probability_forecasts:5:25,bayes,0.27043935079075226,0.0,0.27043935079075226
best_arm,5,e7_probability_forecasts:5:25,counts,0.25781654774240736,0.0,0.25781654774240736
best_arm,5,e7_probability_forecasts:5:25,means,0.27043935079075226,0.0,0.27043935079075226
best_arm,5,e7_probability_forecasts:5:26,bayes,0.16909233166753249,0.0,0.16909233166753249
best_arm,5,e7_probability_forecasts:5:26,counts,0.13203349380535706,0.0,0.13203349380535706
best_arm,5,e7_probability_forecasts:5:26,means,0.16909233166753249,0.0,0.16909233166753249
best_arm,5,e7_probability_forecasts:5:27,bayes,0.2110894489043535,0.0012599122538516517,0.20982953665050186
best_arm,5,e7_probability_forecasts:5:27,counts,0.4381070580146019,9.999999999999907e-05,0.4380070580146019
best_arm,5,e7_probability_forecasts:5:27,means,0.24691498806468104,0.0,0.24691498806468104
best_arm,5,e7_probability_forecasts:5:28,bayes,0.2652882496263389,0.00030000000000000024,0.2649882496263389
best_arm,5,e7_probability_forecasts:5:28,counts,0.8753810852221162,0.0016000000000000016,0.8737810852221162
best_arm,5,e7_probability_forecasts:5:28,means,0.32704036124021496,0.004499999999999997,0.32254036124021496
best_arm,5,e7_probability_forecasts:5:29,bayes,0.16441639472296318,0.002499999999999996,0.1619163947229632
best_arm,5,e7_probability_forecasts:5:29,counts,0.45356468709026143,0.0007000000000000005,0.45286468709026145
best_arm,5,e7_probability_forecasts:5:29,means,0.2922349502171384,0.00010000000000000018,0.29213495021713837
best_arm,5,e7_probability_forecasts:5:3,bayes,0.09899410052611947,0.0,0.09899410052611947
best_arm,5,e7_probability_forecasts:5:3,counts,0.07255816745119205,0.0006999999999999975,0.07185816745119204
best_arm,5,e7_probability_forecasts:5:3,means,0.0946445425762068,0.00010000000000000009,0.09454454257620679
best_arm,5,e7_probability_forecasts:5:30,bayes,0.018364530782405332,0.0004000000000000007,0.017964530782405334
best_arm,5,e7_probability_forecasts:5:30,counts,0.03407376907372456,0.004900000000000005,0.029173769073724556
best_arm,5,e7_probability_forecasts:5:30,means,0.08212739152552084,9.99999999999999e-05,0.08202739152552084
best_arm,5,e7_probability_forecasts:5:31,bayes,0.2181244546566642,0.0,0.2181244546566642
best_arm,5,e7_probability_forecasts:5:31,counts,0.08833163080528694,0.0004000000000000002,0.08793163080528696
best_arm,5,e7_probability_forecasts:5:31,means,0.20768272708553906,0.0,0.20768272708553906
best_arm,5,e7_probability_forecasts:5:32,bayes,0.13244282865153806,0.0,0.13244282865153806
best_arm,5,e7_probability_forecasts:5:32,counts,0.11279653940684527,0.0,0.11279653940684527
best_arm,5,e7_probability_forecasts:5:32,means,0.11760811171801847,0.00010000000000000007,0.11750811171801848
best_arm,5,e7_probability_forecasts:5:33,bayes,0.5149700483450976,0.0,0.5149700483450976
best_arm,5,e7_probability_forecasts:5:33,counts,0.47193217987675196,0.00010000000000000005,0.47183217987675197
best_arm,5,e7_probability_forecasts:5:33,means,0.524047672983051,0.00010000000000000011,0.523947672983051
best_arm,5,e7_probability_forecasts:5:34,bayes,0.040384409898819036,0.003100000000000002,0.03728440989881903
best_arm,5,e7_probability_forecasts:5:34,counts,0.10052870975716761,0.0031000000000000003,0.09742870975716762
best_arm,5,e7_probability_forecasts:5:34,means,0.13421085332202728,0.00010000000000000007,0.13411085332202727
best_arm,5,e7_probability_forecasts:5:35,bayes,0.7728919748644025,0.0,0.7728919748644025
best_arm,5,e7_probability_forecasts:5:35,counts,0.752723815790319,0.0,0.752723815790319
best_arm,5,e7_probability_forecasts:5:35,means,0.7830760544014442,0.00010000000000000009,0.7829760544014441
best_arm,5,e7_probability_forecasts:5:36,bayes,0.32333551519446424,0.00010000000000000009,0.32323551519446425
best_arm,5,e7_probability_forecasts:5:36,counts,0.30272961074330434,0.0,0.30272961074330434
best_arm,5,e7_probability_forecasts:5:36,means,0.3164002137107443,0.0,0.3164002137107443
best_arm,5,e7_probability_forecasts:5:37,bayes,0.2535234816132922,0.00010000000000000011,0.25342348161329215
best_arm,5,e7_probability_forecasts:5:37,counts,0.1216178872076975,0.0002999999999999997,0.12131788720769751
best_arm,5,e7_probability_forecasts:5:37,means,0.3704969081867188,0.00010000000000000007,0.37039690818671883
best_arm,5,e7_probability_forecasts:5:38,bayes,0.15623768122041073,0.016900000000000002,0.13933768122041074
best_arm,5,e7_probability_forecasts:5:38,counts,0.518962705308863,0.002500000000000003,0.516462705308863
best_arm,5,e7_probability_forecasts:5:38,means,0.14075494752522344,0.0,0.14075494752522344
best_arm,5,e7_probability_forecasts:5:39,bayes,0.2502344728470867,0.0,0.2502344728470867
best_arm,5,e7_probability_forecasts:5:39,counts,0.22973217619592082,0.00030000000000000035,0.22943217619592082
best_arm,5,e7_probability_forecasts:5:39,means,0.26003574876440116,0.0,0.26003574876440116
best_arm,5,e7_probability_forecasts:5:4,bayes,0.051774646852627004,0.00016866646260585812,0.051605980390021136
best_arm,5,e7_probability_forecasts:5:4,counts,0.021970504448946316,0.0013000000000000004,0.020670504448946317
best_arm,5,e7_probability_forecasts:5:4,means,0.21341731430241884,9.999999999999996e-05,0.21331731430241882
best_arm,5,e7_probability_forecasts:5:40,bayes,0.05676522194372594,0.0001000000000000001,0.056665221943725946
best_arm,5,e7_probability_forecasts:5:40,counts,0.1482679040318779,0.002499999999999996,0.14576790403187792
best_arm,5,e7_probability_forecasts:5:40,means,0.06313169194793232,0.0001000000000000001,0.06303169194793233
best_arm,5,e7_probability_forecasts:5:41,bayes,0.4998393143227894,0.0,0.4998393143227894
best_arm,5,e7_probability_forecasts:5:41,counts,0.38610795007068793,0.00010000000000000005,0.3860079500706879
best_arm,5,e7_probability_forecasts:5:41,means,0.49053690168801234,0.0001000000000000001,0.49043690168801235
best_arm,5,e7_probability_forecasts:5:42,bayes,0.00023632769154487832,0.0,0.00023632769154487832
best_arm,5,e7_probability_forecasts:5:42,counts,1.5149156398193214e-06,0.0,1.5149156398193214e-06
best_arm,5,e7_probability_forecasts:5:42,means,0.00023632769154487832,0.0,0.00023632769154487832
best_arm,5,e7_probability_forecasts:5:43,bayes,0.3462037808356627,0.0,0.3462037808356627
best_arm,5,e7_probability_forecasts:5:43,counts,0.34031285779901255,0.0001000000000000001,0.34021285779901256
best_arm,5,e7_probability_forecasts:5:43,means,0.3462037808356627,0.0,0.3462037808356627
best_arm,5,e7_probability_forecasts:5:44,bayes,0.06555401142314214,0.0,0.06555401142314214
best_arm,5,e7_probability_forecasts:5:44,counts,0.06224117426030499,0.00010000000000000009,0.06214117426030499
best_arm,5,e7_probability_forecasts:5:44,means,0.06555401142314214,0.0,0.06555401142314214
best_arm,5,e7_probability_forecasts:5:45,bayes,0.49711649830538324,9.9999999999999e-05,0.4970164983053832
best_arm,5,e7_probability_forecasts:5:45,counts,0.4803256243683761,0.00010000000000000011,0.4802256243683761
best_arm,5,e7_probability_forecasts:5:45,means,0.560885411294741,0.0,0.560885411294741
best_arm,5,e7_probability_forecasts:5:46,bayes,0.2121533046579855,0.0001000000000000001,0.21205330465798547
best_arm,5,e7_probability_forecasts:5:46,counts,0.18831459363086026,0.0001000000000000001,0.18821459363086027
best_arm,5,e7_probability_forecasts:5:46,means,0.20484661960277784,0.0,0.20484661960277784
best_arm,5,e7_probability_forecasts:5:47,bayes,0.0486903461904002,0.0,0.0486903461904002
best_arm,5,e7_probability_forecasts:5:47,counts,0.04433722301955335,0.0,0.04433722301955335
best_arm,5,e7_probability_forecasts:5:47,means,0.0486903461904002,0.0,0.0486903461904002
best_arm,5,e7_probability_forecasts:5:48,bayes,4.303369165603655e-06,0.0,4.303369165603655e-06
best_arm,5,e7_probability_forecasts:5:48,counts,4.303369165603655e-06,0.0,4.303369165603655e-06
best_arm,5,e7_probability_forecasts:5:48,means,0.0002566477222023227,0.0,0.0002566477222023227
best_arm,5,e7_probability_forecasts:5:49,bayes,0.2299438158599317,0.0013000000000000023,0.22864381585993168
best_arm,5,e7_probability_forecasts:5:49,counts,0.3927197629921217,0.0009000000000000008,0.39181976299212173
best_arm,5,e7_probability_forecasts:5:49,means,0.09557980505938067,0.0035999999999999964,0.09197980505938066
best_arm,5,e7_probability_forecasts:5:5,bayes,0.2228839099286639,0.0,0.2228839099286639
best_arm,5,e7_probability_forecasts:5:5,counts,0.2005782206154783,0.0,0.2005782206154783
best_arm,5,e7_probability_forecasts:5:5,means,0.23463675458525668,0.0,0.23463675458525668
best_arm,5,e7_probability_forecasts:5:50,bayes,0.08174066642438249,0.0018000000000000021,0.0799406664243825
best_arm,5,e7_probability_forecasts:5:50,counts,0.18563470457326847,0.0006999999999999996,0.1849347045732685
best_arm,5,e7_probability_forecasts:5:50,means,0.17304780875335202,0.0011000000000000016,0.17194780875335197
best_arm,5,e7_probability_forecasts:5:51,bayes,0.33680651123955074,0.0010000000000000007,0.3358065112395507
best_arm,5,e7_probability_forecasts:5:51,counts,0.1490331366265477,0.014700000000000006,0.13433313662654772
best_arm,5,e7_probability_forecasts:5:51,means,0.4271883481848551,0.0,0.4271883481848551
best_arm,5,e7_probability_forecasts:5:52,bayes,0.4391897205788021,0.00010000000000000011,0.43908972057880213
best_arm,5,e7_probability_forecasts:5:52,counts,0.1049788232564416,0.0009,0.1040788232564416
best_arm,5,e7_probability_forecasts:5:52,means,0.4298186602179196,0.0,0.4298186602179196
best_arm,5,e7_probability_forecasts:5:53,bayes,0.00030188365615043907,0.0,0.00030188365615043907
best_arm,5,e7_probability_forecasts:5:53,counts,0.00030188365615043907,0.0,0.00030188365615043907
best_arm,5,e7_probability_forecasts:5:53,means,0.00030188365615043907,0.0,0.00030188365615043907
best_arm,5,e7_probability_forecasts:5:54,bayes,0.029605151828574497,0.0,0.029605151828574497
best_arm,5,e7_probability_forecasts:5:54,counts,0.023188877335548037,0.0001000000000000001,0.023088877335548035
best_arm,5,e7_probability_forecasts:5:54,means,0.029605151828574497,0.0,0.029605151828574497
best_arm,5,e7_probability_forecasts:5:55,bayes,0.1035342709553528,0.0,0.1035342709553528
best_arm,5,e7_probability_forecasts:5:55,counts,0.1035342709553528,0.0,0.1035342709553528
best_arm,5,e7_probability_forecasts:5:55,means,0.1035342709553528,0.0,0.1035342709553528
best_arm,5,e7_probability_forecasts:5:56,bayes,0.10879918284416697,0.0009000000000000016,0.10789918284416697
best_arm,5,e7_probability_forecasts:5:56,counts,0.29276196873562144,0.0,0.29276196873562144
best_arm,5,e7_probability_forecasts:5:56,means,0.19868334744019867,0.0009000000000000008,0.19778334744019865
best_arm,5,e7_probability_forecasts:5:57,bayes,0.25661920942762023,0.0006710233649627607,0.25594818606265746
best_arm,5,e7_probability_forecasts:5:57,counts,0.11052335145537523,0.0031000000000000055,0.10742335145537522
best_arm,5,e7_probability_forecasts:5:57,means,0.2965005888790455,9.999999999999896e-05,0.2964005888790455
best_arm,5,e7_probability_forecasts:5:58,bayes,0.037169769019124665,0.0,0.037169769019124665
best_arm,5,e7_probability_forecasts:5:58,counts,0.022628693188238663,0.0,0.022628693188238663
best_arm,5,e7_probability_forecasts:5:58,means,0.024852205826719664,0.00010000000000000011,0.02475220582671966
best_arm,5,e7_probability_forecasts:5:59,bayes,0.2670054397198205,0.00010000000000000005,0.26690543971982045
best_arm,5,e7_probability_forecasts:5:59,counts,0.08609196302740402,0.019600000000000003,0.06649196302740401
best_arm,5,e7_probability_forecasts:5:59,means,0.2955739340774795,9.9999999999999e-05,0.29547393407747946
best_arm,5,e7_probability_forecasts:5:6,bayes,0.3446587082950722,0.0,0.3446587082950722
best_arm,5,e7_probability_forecasts:5:6,counts,0.3339496173859813,0.0,0.3339496173859813
best_arm,5,e7_probability_forecasts:5:6,means,0.3446587082950722,0.0,0.3446587082950722
best_arm,5,e7_probability_forecasts:5:60,bayes,0.004138316777112159,0.0001000000000000001,0.004038316777112159
best_arm,5,e7_probability_forecasts:5:60,counts,0.00331216007597141,0.0,0.00331216007597141
best_arm,5,e7_probability_forecasts:5:60,means,0.004499988785131808,0.0001000000000000001,0.004399988785131809
best_arm,5,e7_probability_forecasts:5:61,bayes,0.007394493509281284,0.00039999999999999964,0.006994493509281285
best_arm,5,e7_probability_forecasts:5:61,counts,0.2966871255251099,0.0009,0.2957871255251099
best_arm,5,e7_probability_forecasts:5:61,means,0.04676318009169747,0.0016000000000000018,0.04516318009169748
best_arm,5,e7_probability_forecasts:5:62,bayes,0.35691978308641326,0.00010000000000000009,0.3568197830864133
best_arm,5,e7_probability_forecasts:5:62,counts,0.21418254503669026,0.030700000000000005,0.18348254503669023
best_arm,5,e7_probability_forecasts:5:62,means,0.37248635699556465,0.0001000000000000001,0.3723863569955646
best_arm,5,e7_probability_forecasts:5:63,bayes,0.0012067226944868282,0.0,0.0012067226944868282
best_arm,5,e7_probability_forecasts:5:63,counts,0.0012067226944868282,0.0,0.0012067226944868282
best_arm,5,e7_probability_forecasts:5:63,means,0.0012067226944868282,0.0,0.0012067226944868282
best_arm,5,e7_probability_forecasts:5:64,bayes,0.2454221229365139,0.0,0.2454221229365139
best_arm,5,e7_probability_forecasts:5:64,counts,0.19915877878601554,0.0,0.19915877878601554
best_arm,5,e7_probability_forecasts:5:64,means,0.2387906325262031,0.0,0.2387906325262031
best_arm,5,e7_probability_forecasts:5:65,bayes,0.42005325829948253,0.0002999999999999981,0.4197532582994825
best_arm,5,e7_probability_forecasts:5:65,counts,0.3047773745856728,0.019800000000000005,0.28497737458567274
best_arm,5,e7_probability_forecasts:5:65,means,0.45848957174523874,0.00029999999999999976,0.4581895717452387
best_arm,5,e7_probability_forecasts:5:66,bayes,0.2657186330954557,0.0,0.2657186330954557
best_arm,5,e7_probability_forecasts:5:66,counts,0.2659186330954557,0.0,0.2659186330954557
best_arm,5,e7_probability_forecasts:5:66,means,0.29083373155049225,0.0,0.29083373155049225
best_arm,5,e7_probability_forecasts:5:67,bayes,0.5142351758170532,0.0,0.5142351758170532
best_arm,5,e7_probability_forecasts:5:67,counts,0.4884467797303814,0.00010000000000000007,0.4883467797303813
best_arm,5,e7_probability_forecasts:5:67,means,0.5319607732081679,0.0,0.5319607732081679
best_arm,5,e7_probability_forecasts:5:68,bayes,0.19999999999999996,0.0,0.19999999999999996
best_arm,5,e7_probability_forecasts:5:68,counts,0.19999999999999996,0.0,0.19999999999999996
best_arm,5,e7_probability_forecasts:5:68,means,0.19999999999999996,0.0,0.19999999999999996
best_arm,5,e7_probability_forecasts:5:69,bayes,0.1605064412170091,0.0,0.1605064412170091
best_arm,5,e7_probability_forecasts:5:69,counts,0.1605064412170091,0.0,0.1605064412170091
best_arm,5,e7_probability_forecasts:5:69,means,0.1605064412170091,0.0,0.1605064412170091
best_arm,5,e7_probability_forecasts:5:7,bayes,0.24089551666772302,0.0020999999999999994,0.23879551666772306
best_arm,5,e7_probability_forecasts:5:7,counts,0.5578061784804653,0.0003000000000000002,0.5575061784804654
best_arm,5,e7_probability_forecasts:5:7,means,0.06367856118501998,0.00010000000000000018,0.06357856118501998
best_arm,5,e7_probability_forecasts:5:70,bayes,0.5501226231348446,0.0,0.5501226231348446
best_arm,5,e7_probability_forecasts:5:70,counts,0.41496448137083386,0.00040000000000000045,0.4145644813708339
best_arm,5,e7_probability_forecasts:5:70,means,0.5501226231348446,0.0,0.5501226231348446
best_arm,5,e7_probability_forecasts:5:71,bayes,0.13579195100758618,0.0009000000000000008,0.13489195100758622
best_arm,5,e7_probability_forecasts:5:71,counts,0.05110095431413853,0.00010000000000000018,0.051000954314138536
best_arm,5,e7_probability_forecasts:5:71,means,0.18283091075031985,0.0001000000000000001,0.18273091075031983
best_arm,5,e7_probability_forecasts:5:72,bayes,0.3581260951636811,0.0,0.3581260951636811
best_arm,5,e7_probability_forecasts:5:72,counts,0.35093901459718874,0.0001000000000000001,0.3508390145971888
best_arm,5,e7_probability_forecasts:5:72,means,0.3581260951636811,0.0,0.3581260951636811
best_arm,5,e7_probability_forecasts:5:73,bayes,0.057211035526825466,0.0,0.057211035526825466
best_arm,5,e7_probability_forecasts:5:73,counts,0.03324695189150388,0.00010000000000000011,0.03314695189150388
best_arm,5,e7_probability_forecasts:5:73,means,0.052154237148050835,0.0,0.052154237148050835
best_arm,5,e7_probability_forecasts:5:74,bayes,0.22931438418765318,0.0,0.22931438418765318
best_arm,5,e7_probability_forecasts:5:74,counts,0.22093481886133864,0.0,0.22093481886133864
best_arm,5,e7_probability_forecasts:5:74,means,0.23526288738724,0.0001000000000000001,0.23516288738723998
best_arm,5,e7_probability_forecasts:5:75,bayes,0.3764791170381825,0.0001000000000000001,0.37637911703818244
best_arm,5,e7_probability_forecasts:5:75,counts,0.0985583524204912,0.00010000000000000116,0.0984583524204912
best_arm,5,e7_probability_forecasts:5:75,means,0.25179538390474915,0.0021000000000000016,0.24969538390474916
best_arm,5,e7_probability_forecasts:5:76,bayes,0.10909699542458379,0.0,0.10909699542458379
best_arm,5,e7_probability_forecasts:5:76,counts,0.09429632203247289,0.0,0.09429632203247289
best_arm,5,e7_probability_forecasts:5:76,means,0.11233051581128126,0.0001000000000000001,0.11223051581128124
best_arm,5,e7_probability_forecasts:5:77,bayes,0.004228037085679175,0.0,0.004228037085679175
best_arm,5,e7_probability_forecasts:5:77,counts,0.0034086138966991156,0.00010000000000000009,0.0033086138966991157
best_arm,5,e7_probability_forecasts:5:77,means,0.004228037085679175,0.0,0.004228037085679175
best_arm,5,e7_probability_forecasts:5:78,bayes,0.11186983852052296,0.0,0.11186983852052296
best_arm,5,e7_probability_forecasts:5:78,counts,0.026528691097723555,0.0016000000000000012,0.024928691097723554
best_arm,5,e7_probability_forecasts:5:78,means,0.09568578814643101,0.00010000000000000007,0.09558578814643101
best_arm,5,e7_probability_forecasts:5:79,bayes,0.24897549926314477,0.0,0.24897549926314477
best_arm,5,e7_probability_forecasts:5:79,counts,0.23736733453152964,0.0001,0.23726733453152965
best_arm,5,e7_probability_forecasts:5:79,means,0.24897549926314477,0.0,0.24897549926314477
best_arm,5,e7_probability_forecasts:5:8,bayes,0.4285714285714288,0.0,0.4285714285714288
best_arm,5,e7_probability_forecasts:5:8,counts,0.4285714285714288,0.0,0.4285714285714288
best_arm,5,e7_probability_forecasts:5:8,means,0.4285714285714288,0.0,0.4285714285714288
best_arm,5,e7_probability_forecasts:5:80,bayes,0.19052756559163728,0.0,0.19052756559163728
best_arm,5,e7_probability_forecasts:5:80,counts,0.17031334525819497,0.0003000000000000004,0.17001334525819495
best_arm,5,e7_probability_forecasts:5:80,means,0.17992665025982948,0.0,0.17992665025982948
best_arm,5,e7_probability_forecasts:5:81,bayes,0.31384517211060603,0.00010000000000000007,0.3137451721106061
best_arm,5,e7_probability_forecasts:5:81,counts,0.2622559613213954,0.00010000000000000018,0.2621559613213954
best_arm,5,e7_probability_forecasts:5:81,means,0.31384517211060603,0.00010000000000000007,0.3137451721106061
best_arm,5,e7_probability_forecasts:5:82,bayes,0.18378067918122237,0.0013000000000000015,0.18248067918122235
best_arm,5,e7_probability_forecasts:5:82,counts,0.07510521709541543,0.0006999999999999997,0.07440521709541542
best_arm,5,e7_probability_forecasts:5:82,means,0.13826841022412578,0.00030000000000000046,0.13796841022412576
best_arm,5,e7_probability_forecasts:5:83,bayes,0.0011148964331877584,0.0001000000000000001,0.0010148964331877582
best_arm,5,e7_probability_forecasts:5:83,counts,0.0006536846511945385,0.0,0.0006536846511945385
best_arm,5,e7_probability_forecasts:5:83,means,0.0015761082151809782,0.0,0.0015761082151809782
best_arm,5,e7_probability_forecasts:5:84,bayes,0.10434383486860795,0.0,0.10434383486860795
best_arm,5,e7_probability_forecasts:5:84,counts,0.09140922690887786,0.0001000000000000001,0.09130922690887786
best_arm,5,e7_probability_forecasts:5:84,means,0.10434383486860795,0.0,0.10434383486860795
best_arm,5,e7_probability_forecasts:5:85,bayes,0.19701701020265316,0.00029999999999999954,0.19671701020265314
best_arm,5,e7_probability_forecasts:5:85,counts,0.18173388175559282,0.0001000000000000001,0.18163388175559284
best_arm,5,e7_probability_forecasts:5:85,means,0.13284424618476537,0.0043000000000000035,0.12854424618476537
best_arm,5,e7_probability_forecasts:5:86,bayes,0.33028383877857637,0.0007000000000000012,0.32958383877857633
best_arm,5,e7_probability_forecasts:5:86,counts,0.3489433806327983,0.00010000000000000005,0.3488433806327983
best_arm,5,e7_probability_forecasts:5:86,means,0.333403686063317,0.0,0.333403686063317
best_arm,5,e7_probability_forecasts:5:87,bayes,0.4150219431055562,0.006399999999999996,0.4086219431055561
best_arm,5,e7_probability_forecasts:5:87,counts,0.08590625766268357,0.0003000000000000005,0.08560625766268358
best_arm,5,e7_probability_forecasts:5:87,means,0.11451276796659209,0.016900000000000002,0.09761276796659209
best_arm,5,e7_probability_forecasts:5:88,bayes,0.05805454675682582,0.0001000000000000001,0.05795454675682582
best_arm,5,e7_probability_forecasts:5:88,counts,0.015088196172472642,0.014400000000000001,0.0006881961724726421
best_arm,5,e7_probability_forecasts:5:88,means,0.05685430056057174,0.00010000000000000007,0.05675430056057174
best_arm,5,e7_probability_forecasts:5:89,bayes,0.23550133497544593,0.0,0.23550133497544593
best_arm,5,e7_probability_forecasts:5:89,counts,0.2045708434434494,0.0006999999999999975,0.2038708434434494
best_arm,5,e7_probability_forecasts:5:89,means,0.23356934171727758,0.0,0.23356934171727758
best_arm,5,e7_probability_forecasts:5:9,bayes,0.19229481723664288,0.00010000000000000018,0.1921948172366429
best_arm,5,e7_probability_forecasts:5:9,counts,0.01672976898150633,0.0003000000000000005,0.01642976898150633
best_arm,5,e7_probability_forecasts:5:9,means,0.29419184952922456,0.0001000000000000001,0.29409184952922457
best_arm,5,e7_probability_forecasts:5:90,bayes,0.385823315566702,0.0,0.385823315566702
best_arm,5,e7_probability_forecasts:5:90,counts,0.364366266345435,0.00010000000000000007,0.364266266345435
best_arm,5,e7_probability_forecasts:5:90,means,0.385823315566702,0.0,0.385823315566702
best_arm,5,e7_probability_forecasts:5:91,bayes,0.043443717809660116,0.0,0.043443717809660116
best_arm,5,e7_probability_forecasts:5:91,counts,0.043443717809660116,0.0,0.043443717809660116
best_arm,5,e7_probability_forecasts:5:91,means,0.043443717809660116,0.0,0.043443717809660116
best_arm,5,e7_probability_forecasts:5:92,bayes,0.32833775047716707,0.00010000000000000011,0.3282377504771671
best_arm,5,e7_probability_forecasts:5:92,counts,0.08862007183468276,0.0004000000000000002,0.08822007183468275
best_arm,5,e7_probability_forecasts:5:92,means,0.25233321749191473,0.00010000000000000005,0.25223321749191474
best_arm,5,e7_probability_forecasts:5:93,bayes,0.31976860015240804,0.0,0.31976860015240804
best_arm,5,e7_probability_forecasts:5:93,counts,0.31976860015240804,0.0,0.31976860015240804
best_arm,5,e7_probability_forecasts:5:93,means,0.31976860015240804,0.0,0.31976860015240804
best_arm,5,e7_probability_forecasts:5:94,bayes,0.06135266314718435,0.0,0.06135266314718435
best_arm,5,e7_probability_forecasts:5:94,counts,0.041506478632004816,0.0,0.041506478632004816
best_arm,5,e7_probability_forecasts:5:94,means,0.06135266314718435,0.0,0.06135266314718435
best_arm,5,e7_probability_forecasts:5:95,bayes,0.006591819291078043,0.0025000000000000014,0.004091819291078042
best_arm,5,e7_probability_forecasts:5:95,counts,0.008602149993530853,0.0025000000000000014,0.006102149993530853
best_arm,5,e7_probability_forecasts:5:95,means,0.17561426454470588,0.0016000000000000018,0.1740142645447059
best_arm,5,e7_probability_forecasts:5:96,bayes,0.2391122421998445,0.0,0.2391122421998445
best_arm,5,e7_probability_forecasts:5:96,counts,0.1259295975638694,0.00010000000000000005,0.1258295975638694
best_arm,5,e7_probability_forecasts:5:96,means,0.2391122421998445,0.0,0.2391122421998445
best_arm,5,e7_probability_forecasts:5:97,bayes,0.1869283302239963,0.0,0.1869283302239963
best_arm,5,e7_probability_forecasts:5:97,counts,0.1303682496657343,0.0003000000000000003,0.1300682496657343
best_arm,5,e7_probability_forecasts:5:97,means,0.19253023238217354,0.0001000000000000001,0.19243023238217355
best_arm,5,e7_probability_forecasts:5:98,bayes,0.42931868333781636,0.00040000000000000045,0.42891868333781635
best_arm,5,e7_probability_forecasts:5:98,counts,0.19670451542827957,0.004589745944291407,0.19211476948398817
best_arm,5,e7_probability_forecasts:5:98,means,0.4938447376392878,9.999999999999896e-05,0.49374473763928783
best_arm,5,e7_probability_forecasts:5:99,bayes,0.24552267968805389,0.0008999999999999975,0.2446226796880539
best_arm,5,e7_probability_forecasts:5:99,counts,0.1922217089338675,0.0,0.1922217089338675
best_arm,5,e7_probability_forecasts:5:99,means,0.2973236504422402,0.0009000000000000008,0.2964236504422402
best_arm,10,e7_probability_forecasts:10:0,bayes,0.0674085551887979,0.0,0.0674085551887979
best_arm,10,e7_probability_forecasts:10:0,counts,0.037865099412740376,0.00010000000000001003,0.037765099412740366
best_arm,10,e7_probability_forecasts:10:0,means,0.06504934300898564,0.0001000000000000001,0.06494934300898565
best_arm,10,e7_probability_forecasts:10:1,bayes,0.4165463694106745,0.0,0.4165463694106745
best_arm,10,e7_probability_forecasts:10:1,counts,0.37560381567142764,0.0,0.37560381567142764
best_arm,10,e7_probability_forecasts:10:1,means,0.4165463694106745,0.0,0.4165463694106745
best_arm,10,e7_probability_forecasts:10:10,bayes,0.32059195637519033,0.0001000000000000001,0.32049195637519035
best_arm,10,e7_probability_forecasts:10:10,counts,0.1732619779139234,0.00010000000000000011,0.1731619779139234
best_arm,10,e7_probability_forecasts:10:10,means,0.29892284448722034,0.0,0.29892284448722034
best_arm,10,e7_probability_forecasts:10:11,bayes,0.2619984755091329,0.0,0.2619984755091329
best_arm,10,e7_probability_forecasts:10:11,counts,0.21446735470567027,0.0002999999999999982,0.2141673547056703
best_arm,10,e7_probability_forecasts:10:11,means,0.24925706069916398,0.0,0.24925706069916398
best_arm,10,e7_probability_forecasts:10:12,bayes,0.12739349352404,0.002099999999999998,0.12529349352404
best_arm,10,e7_probability_forecasts:10:12,counts,0.1020719718570294,0.009100000000000007,0.09297197185702938
best_arm,10,e7_probability_forecasts:10:12,means,0.2755920842558927,0.00030000000000000046,0.2752920842558927
best_arm,10,e7_probability_forecasts:10:13,bayes,0.5397234202986168,0.0,0.5397234202986168
best_arm,10,e7_probability_forecasts:10:13,counts,0.3445736280985925,0.019600000000000006,0.3249736280985925
best_arm,10,e7_probability_forecasts:10:13,means,0.5397234202986168,0.0,0.5397234202986168
best_arm,10,e7_probability_forecasts:10:14,bayes,0.5894240817534288,0.0,0.5894240817534288
best_arm,10,e7_probability_forecasts:10:14,counts,0.5176606400283719,9.999999999999896e-05,0.5175606400283719
best_arm,10,e7_probability_forecasts:10:14,means,0.5894240817534288,0.0,0.5894240817534288
best_arm,10,e7_probability_forecasts:10:15,bayes,0.14774950723061764,0.0,0.14774950723061764
best_arm,10,e7_probability_forecasts:10:15,counts,0.14072394324855905,0.0,0.14072394324855905
best_arm,10,e7_probability_forecasts:10:15,means,0.14072394324855905,0.0,0.14072394324855905
best_arm,10,e7_probability_forecasts:10:16,bayes,0.39983351385204435,0.0001000000000000001,0.39973351385204436
best_arm,10,e7_probability_forecasts:10:16,counts,0.17094834106779513,0.0074257524742373324,0.1635225885935578
best_arm,10,e7_probability_forecasts:10:16,means,0.37909069158598857,0.0,0.37909069158598857
best_arm,10,e7_probability_forecasts:10:17,bayes,0.3639008286624878,0.00010000000000000011,0.3638008286624878
best_arm,10,e7_probability_forecasts:10:17,counts,0.10096018664771791,0.004900000000000004,0.09606018664771793
best_arm,10,e7_probability_forecasts:10:17,means,0.35675182242609327,0.00020000000000000006,0.35655182242609323
best_arm,10,e7_probability_forecasts:10:18,bayes,0.33694201844624183,0.0,0.33694201844624183
best_arm,10,e7_probability_forecasts:10:18,counts,0.2391055242201846,0.002100000000000002,0.23700552422018462
best_arm,10,e7_probability_forecasts:10:18,means,0.33782161449631787,0.0,0.33782161449631787
best_arm,10,e7_probability_forecasts:10:19,bayes,0.468031588469398,0.0,0.468031588469398
best_arm,10,e7_probability_forecasts:10:19,counts,0.3693701237635488,0.0004000000000000002,0.36897012376354876
best_arm,10,e7_probability_forecasts:10:19,means,0.5136260897324845,0.0,0.5136260897324845
best_arm,10,e7_probability_forecasts:10:2,bayes,0.6257566109432648,8.920518314457872e-05,0.6256674057601203
best_arm,10,e7_probability_forecasts:10:2,counts,0.15287672379591233,0.0005000000000000029,0.1523767237959123
best_arm,10,e7_probability_forecasts:10:2,means,0.6338493652811847,0.00040000000000000045,0.6334493652811848
best_arm,10,e7_probability_forecasts:10:20,bayes,0.33280474777872465,0.0001000000000000001,0.33270474777872466
best_arm,10,e7_probability_forecasts:10:20,counts,0.3097183523566869,0.00010000000000000009,0.30961835235668683
best_arm,10,e7_probability_forecasts:10:20,means,0.32601327862364793,0.0,0.32601327862364793
best_arm,10,e7_probability_forecasts:10:21,bayes,0.014668704132214425,0.0001000000000000001,0.014568704132214425
best_arm,10,e7_probability_forecasts:10:21,counts,0.013219488993714754,0.0,0.013219488993714754
best_arm,10,e7_probability_forecasts:10:21,means,0.013219488993714754,0.0,0.013219488993714754
best_arm,10,e7_probability_forecasts:10:22,bayes,0.07527076347005292,0.0,0.07527076347005292
best_arm,10,e7_probability_forecasts:10:22,counts,0.07275048810837527,0.0001000000000000001,0.07265048810837527
best_arm,10,e7_probability_forecasts:10:22,means,0.07527076347005292,0.0,0.07527076347005292
best_arm,10,e7_probability_forecasts:10:23,bayes,0.11893501262078171,0.0,0.11893501262078171
best_arm,10,e7_probability_forecasts:10:23,counts,0.2099895194658299,0.008100000000000007,0.2018895194658299
best_arm,10,e7_probability_forecasts:10:23,means,0.04978951946582987,0.0035999999999999964,0.04618951946582987
best_arm,10,e7_probability_forecasts:10:24,bayes,0.3819155722978842,0.0,0.3819155722978842
best_arm,10,e7_probability_forecasts:10:24,counts,0.2963947943092694,0.0,0.2963947943092694
best_arm,10,e7_probability_forecasts:10:24,means,0.3664669695723365,0.0,0.3664669695723365
best_arm,10,e7_probability_forecasts:10:25,bayes,0.599059075905986,0.00010000000000000003,0.598959075905986
best_arm,10,e7_probability_forecasts:10:25,counts,0.3326244388030877,0.0004751964085297295,0.33214924239455795
best_arm,10,e7_probability_forecasts:10:25,means,0.6882715241256514,0.0,0.6882715241256514
best_arm,10,e7_probability_forecasts:10:26,bayes,0.27567939688668175,0.0,0.27567939688668175
best_arm,10,e7_probability_forecasts:10:26,counts,0.12927860040778189,0.0003000000000000002,0.1289786004077819
best_arm,10,e7_probability_forecasts:10:26,means,0.27567939688668175,0.0,0.27567939688668175
best_arm,10,e7_probability_forecasts:10:27,bayes,0.16957121682803486,0.00463776145291298,0.16493345537512188
best_arm,10,e7_probability_forecasts:10:27,counts,0.5903840657768864,0.0002999999999999982,0.5900840657768864
best_arm,10,e7_probability_forecasts:10:27,means,0.22080340762703565,0.0008999999999999975,0.21990340762703564
best_arm,10,e7_probability_forecasts:10:28,bayes,0.4791554924548894,0.00010000000000000018,0.4790554924548894
best_arm,10,e7_probability_forecasts:10:28,counts,0.38940508778119687,0.00010000000000000018,0.3893050877811969
best_arm,10,e7_probability_forecasts:10:28,means,0.1539191655145656,0.010000000000000012,0.1439191655145656
best_arm,10,e7_probability_forecasts:10:29,bayes,0.5480752399453117,0.004900000000000005,0.5431752399453117
best_arm,10,e7_probability_forecasts:10:29,counts,0.6854124064995339,0.0004000000000000002,0.685012406499534
best_arm,10,e7_probability_forecasts:10:29,means,0.23717306255734116,0.0025000000000000014,0.23467306255734116
best_arm,10,e7_probability_forecasts:10:3,bayes,0.28267622498221623,0.0,0.28267622498221623
best_arm,10,e7_probability_forecasts:10:3,counts,0.2426828478603425,0.00010000000000000011,0.24258284786034248
best_arm,10,e7_probability_forecasts:10:3,means,0.27670574253623426,0.0001000000000000001,0.2766057425362343
best_arm,10,e7_probability_forecasts:10:30,bayes,0.607645383739636,0.0,0.607645383739636
best_arm,10,e7_probability_forecasts:10:30,counts,0.3713328357458075,0.002499999999999996,0.3688328357458075
best_arm,10,e7_probability_forecasts:10:30,means,0.6397196504466331,0.0,0.6397196504466331
best_arm,10,e7_probability_forecasts:10:31,bayes,0.13184885522174378,0.0,0.13184885522174378
best_arm,10,e7_probability_forecasts:10:31,counts,0.06376641705907203,0.0016000000000000012,0.06216641705907203
best_arm,10,e7_probability_forecasts:10:31,means,0.12502311069406924,0.0,0.12502311069406924
best_arm,10,e7_probability_forecasts:10:32,bayes,0.4750863899345151,0.0,0.4750863899345151
best_arm,10,e7_probability_forecasts:10:32,counts,0.4750863899345151,0.0,0.4750863899345151
best_arm,10,e7_probability_forecasts:10:32,means,0.4750863899345151,0.0,0.4750863899345151
best_arm,10,e7_probability_forecasts:10:33,bayes,0.23511984275430065,0.0,0.23511984275430065
best_arm,10,e7_probability_forecasts:10:33,counts,0.1478807619453991,9.999999999999995e-05,0.1477807619453991
best_arm,10,e7_probability_forecasts:10:33,means,0.22396994586450975,0.0,0.22396994586450975
best_arm,10,e7_probability_forecasts:10:34,bayes,0.3907581056995535,0.0,0.3907581056995535
best_arm,10,e7_probability_forecasts:10:34,counts,0.2591676874284178,0.0,0.2591676874284178
best_arm,10,e7_probability_forecasts:10:34,means,0.37432925756595725,0.0003000000000000004,0.37402925756595723
best_arm,10,e7_probability_forecasts:10:35,bayes,0.16233383659559808,0.0,0.16233383659559808
best_arm,10,e7_probability_forecasts:10:35,counts,0.14760343391577394,0.0001,0.14750343391577395
best_arm,10,e7_probability_forecasts:10:35,means,0.16233383659559808,0.0,0.16233383659559808
best_arm,10,e7_probability_forecasts:10:36,bayes,0.36115996068686146,0.0,0.36115996068686146
best_arm,10,e7_probability_forecasts:10:36,counts,0.32116432185380933,0.000199999999999999,0.32096432185380935
best_arm,10,e7_probability_forecasts:10:36,means,0.36115996068686146,0.0,0.36115996068686146
best_arm,10,e7_probability_forecasts:10:37,bayes,0.5237933063117893,0.0,0.5237933063117893
best_arm,10,e7_probability_forecasts:10:37,counts,0.4878775469998129,0.0,0.4878775469998129
best_arm,10,e7_probability_forecasts:10:37,means,0.5056354266558011,0.0,0.5056354266558011
best_arm,10,e7_probability_forecasts:10:38,bayes,0.10214549229661048,0.004025874910723405,0.09811961738588708
best_arm,10,e7_probability_forecasts:10:38,counts,0.03993720121399026,0.004100000000000001,0.035837201213990255
best_arm,10,e7_probability_forecasts:10:38,means,0.17410028229200722,0.00030000000000000024,0.17380028229200722
best_arm,10,e7_probability_forecasts:10:39,bayes,0.031000995714366254,0.0,0.031000995714366254
best_arm,10,e7_probability_forecasts:10:39,counts,0.02587311027624036,0.00010000000000000007,0.025773110276240366
best_arm,10,e7_probability_forecasts:10:39,means,0.031000995714366254,0.0,0.031000995714366254
best_arm,10,e7_probability_forecasts:10:4,bayes,0.3828786483370142,0.0,0.3828786483370142
best_arm,10,e7_probability_forecasts:10:4,counts,0.2705231371513285,9.999999999999018e-05,0.2704231371513285
best_arm,10,e7_probability_forecasts:10:4,means,0.3494588222310639,0.0,0.3494588222310639
best_arm,10,e7_probability_forecasts:10:40,bayes,0.26502692300835645,0.0005000000000000006,0.26452692300835645
best_arm,10,e7_probability_forecasts:10:40,counts,0.4785766067358216,0.0019999999999999966,0.4765766067358216
best_arm,10,e7_probability_forecasts:10:40,means,0.31242117855488233,0.00039999999999999996,0.3120211785548823
best_arm,10,e7_probability_forecasts:10:41,bayes,0.32289678626703944,0.0,0.32289678626703944
best_arm,10,e7_probability_forecasts:10:41,counts,0.32289678626703944,0.0,0.32289678626703944
best_arm,10,e7_probability_forecasts:10:41,means,0.3298367423930013,0.00010000000000000009,0.3297367423930013
best_arm,10,e7_probability_forecasts:10:42,bayes,0.4199142667588987,0.0,0.4199142667588987
best_arm,10,e7_probability_forecasts:10:42,counts,0.232316579061291,0.003099999999999937,0.22921657906129106
best_arm,10,e7_probability_forecasts:10:42,means,0.40831719716161785,0.0001000000000000001,0.40821719716161786
best_arm,10,e7_probability_forecasts:10:43,bayes,0.01960849234982999,0.0,0.01960849234982999
best_arm,10,e7_probability_forecasts:10:43,counts,0.01807566629178348,0.0001000000000000001,0.01797566629178348
best_arm,10,e7_probability_forecasts:10:43,means,0.01960849234982999,0.0,0.01960849234982999
best_arm,10,e7_probability_forecasts:10:44,bayes,0.17327994371439948,9.999999999999991e-05,0.17317994371439946
best_arm,10,e7_probability_forecasts:10:44,counts,0.09733265247692566,0.0007000000000000008,0.09663265247692565
best_arm,10,e7_probability_forecasts:10:44,means,0.24754473290280354,0.0004000000000000002,0.24714473290280356
best_arm,10,e7_probability_forecasts:10:45,bayes,0.3268110936424634,0.0028000000000000013,0.3240110936424634
best_arm,10,e7_probability_forecasts:10:45,counts,0.20950810987284135,0.010000000000000005,0.19950810987284132
best_arm,10,e7_probability_forecasts:10:45,means,0.19378641403658867,0.009999999999999995,0.18378641403658869
best_arm,10,e7_probability_forecasts:10:46,bayes,0.31378105934549505,0.0,0.31378105934549505
best_arm,10,e7_probability_forecasts:10:46,counts,0.2613786525619361,0.0,0.2613786525619361
best_arm,10,e7_probability_forecasts:10:46,means,0.2989805779887833,0.0,0.2989805779887833
best_arm,10,e7_probability_forecasts:10:47,bayes,0.5192191234399259,0.00010000000000000018,0.5191191234399258
best_arm,10,e7_probability_forecasts:10:47,counts,0.48988591348883537,0.00030000000000000035,0.4895859134888354
best_arm,10,e7_probability_forecasts:10:47,means,0.5914627743233647,0.00010000000000000011,0.5913627743233646
best_arm,10,e7_probability_forecasts:10:48,bayes,0.06907307023415982,0.0,0.06907307023415982
best_arm,10,e7_probability_forecasts:10:48,counts,0.05288814584442153,0.0,0.05288814584442153
best_arm,10,e7_probability_forecasts:10:48,means,0.06907307023415982,0.0,0.06907307023415982
best_arm,10,e7_probability_forecasts:10:49,bayes,0.7133759636338706,9.99999999999901e-05,0.7132759636338706
best_arm,10,e7_probability_forecasts:10:49,counts,0.45070943079868897,0.003800000000000003,0.446909430798689
best_arm,10,e7_probability_forecasts:10:49,means,0.5998710193770032,0.00010000000000000009,0.5997710193770031
best_arm,10,e7_probability_forecasts:10:5,bayes,0.37225766835716917,0.0001000000000000001,0.37215766835716924
best_arm,10,e7_probability_forecasts:10:5,counts,0.3259055351189617,0.0,0.3259055351189617
best_arm,10,e7_probability_forecasts:10:5,means,0.3787545233438806,0.0,0.3787545233438806
best_arm,10,e7_probability_forecasts:10:50,bayes,0.7973462373175976,0.0,0.7973462373175976
best_arm,10,e7_probability_forecasts:10:50,counts,0.20717790560192417,0.00010000000000000018,0.20707790560192418
best_arm,10,e7_probability_forecasts:10:50,means,0.792146478791098,0.00029999999999999813,0.791846478791098
best_arm,10,e7_probability_forecasts:10:51,bayes,0.3811394660974472,0.0003000000000000004,0.3808394660974472
best_arm,10,e7_probability_forecasts:10:51,counts,0.33657816540952656,2.142638506275693e-07,0.3365779511456759
best_arm,10,e7_probability_forecasts:10:51,means,0.37516310949323006,0.0001000000000000001,0.37506310949323
best_arm,10,e7_probability_forecasts:10:52,bayes,0.19835917972471476,0.004899999999999996,0.19345917972471477
best_arm,10,e7_probability_forecasts:10:52,counts,0.3193532666794623,0.0027000000000000014,0.31665326667946225
best_arm,10,e7_probability_forecasts:10:52,means,0.32183016615147736,0.0,0.32183016615147736
best_arm,10,e7_probability_forecasts:10:53,bayes,0.028204735407039643,0.0,0.028204735407039643
best_arm,10,e7_probability_forecasts:10:53,counts,0.015578326583181739,0.00010000000000000011,0.01547832658318174
best_arm,10,e7_probability_forecasts:10:53,means,0.025381676365396604,0.0,0.025381676365396604
best_arm,10,e7_probability_forecasts:10:54,bayes,0.11699183029615275,0.0,0.11699183029615275
best_arm,10,e7_probability_forecasts:10:54,counts,0.05750631996239406,0.00020000000000000006,0.05730631996239406
best_arm,10,e7_probability_forecasts:10:54,means,0.10396646633425925,0.0,0.10396646633425925
best_arm,10,e7_probability_forecasts:10:55,bayes,0.7787946835969723,0.0,0.7787946835969723
best_arm,10,e7_probability_forecasts:10:55,counts,0.243961552713447,0.00033426181001938634,0.2436272909034276
best_arm,10,e7_probability_forecasts:10:55,means,0.7428143666983555,0.00029999999999999813,0.7425143666983555
best_arm,10,e7_probability_forecasts:10:56,bayes,0.36670252732498543,0.0002999999999999802,0.3664025273249854
best_arm,10,e7_probability_forecasts:10:56,counts,0.141910341103564,0.00020007142128353742,0.14171026968228048
best_arm,10,e7_probability_forecasts:10:56,means,0.38686673792803117,0.0,0.38686673792803117
best_arm,10,e7_probability_forecasts:10:57,bayes,0.4902815304579922,0.0,0.4902815304579922
best_arm,10,e7_probability_forecasts:10:57,counts,0.4192773514106152,0.000999999999999997,0.4182773514106152
best_arm,10,e7_probability_forecasts:10:57,means,0.4660197521425291,0.0001000000000000001,0.46591975214252906
best_arm,10,e7_probability_forecasts:10:58,bayes,0.3370331011458262,0.00010000000000000011,0.3369331011458262
best_arm,10,e7_probability_forecasts:10:58,counts,0.12375487764127323,0.002899999999999999,0.12085487764127323
best_arm,10,e7_probability_forecasts:10:58,means,0.31450190095465114,0.00030000000000000014,0.31420190095465106
best_arm,10,e7_probability_forecasts:10:59,bayes,0.05470600984062229,0.0,0.05470600984062229
best_arm,10,e7_probability_forecasts:10:59,counts,0.05811209231963033,0.00010000000000000009,0.05801209231963033
best_arm,10,e7_probability_forecasts:10:59,means,0.05470600984062229,0.0,0.05470600984062229
best_arm,10,e7_probability_forecasts:10:6,bayes,0.17817188559388458,0.0016000000000000018,0.1765718855938846
best_arm,10,e7_probability_forecasts:10:6,counts,0.08533247016856281,0.00039999999999999736,0.08493247016856281
best_arm,10,e7_probability_forecasts:10:6,means,0.20854071349569991,0.0004000000000000002,0.20814071349569993
best_arm,10,e7_probability_forecasts:10:60,bayes,0.6811212352818279,0.0001000000000000001,0.6810212352818279
best_arm,10,e7_probability_forecasts:10:60,counts,0.24010716068543655,0.001472564024079174,0.2386345966613574
best_arm,10,e7_probability_forecasts:10:60,means,0.7775928917887226,0.00038008366493215136,0.7772128081237903
best_arm,10,e7_probability_forecasts:10:61,bayes,0.19111691251710827,0.0003000000000000002,0.19081691251710828
best_arm,10,e7_probability_forecasts:10:61,counts,0.3573049629482728,0.0025000000000000014,0.3548049629482728
best_arm,10,e7_probability_forecasts:10:61,means,0.30338002356253735,0.00010000000000000005,0.30328002356253736
best_arm,10,e7_probability_forecasts:10:62,bayes,0.14778766882781194,0.0,0.14778766882781194
best_arm,10,e7_probability_forecasts:10:62,counts,0.1078434134352814,0.0001000000000000001,0.10774341343528139
best_arm,10,e7_probability_forecasts:10:62,means,0.1567971495008565,0.0,0.1567971495008565
best_arm,10,e7_probability_forecasts:10:63,bayes,0.4391249248152533,0.00010000000000000005,0.43902492481525324
best_arm,10,e7_probability_forecasts:10:63,counts,0.3541654500882523,0.0006000000000000009,0.3535654500882523
best_arm,10,e7_probability_forecasts:10:63,means,0.5552434431227735,0.0001000000000000001,0.5551434431227735
best_arm,10,e7_probability_forecasts:10:64,bayes,0.2784098209885094,0.0003324252627283019,0.2780773957257811
best_arm,10,e7_probability_forecasts:10:64,counts,0.8495493082942628,0.0005760432608917424,0.848973265033371
best_arm,10,e7_probability_forecasts:10:64,means,0.39527144149030524,0.0003780940720334696,0.39489334741827187
best_arm,10,e7_probability_forecasts:10:65,bayes,0.35840686051611403,0.0,0.35840686051611403
best_arm,10,e7_probability_forecasts:10:65,counts,0.39393422920724547,0.006399999999999998,0.38753422920724545
best_arm,10,e7_probability_forecasts:10:65,means,0.4483233827391117,0.0,0.4483233827391117
best_arm,10,e7_probability_forecasts:10:66,bayes,0.5051097499484916,0.0,0.5051097499484916
best_arm,10,e7_probability_forecasts:10:66,counts,0.05034320581169619,0.0052000000000000015,0.04514320581169619
best_arm,10,e7_probability_forecasts:10:66,means,0.4880142394843223,0.0,0.4880142394843223
best_arm,10,e7_probability_forecasts:10:67,bayes,0.5219032022885367,0.0,0.5219032022885367
best_arm,10,e7_probability_forecasts:10:67,counts,0.4903287159716758,0.0,0.4903287159716758
best_arm,10,e7_probability_forecasts:10:67,means,0.5219032022885367,0.0,0.5219032022885367
best_arm,10,e7_probability_forecasts:10:68,bayes,0.6686630741849097,0.0,0.6686630741849097
best_arm,10,e7_probability_forecasts:10:68,counts,0.4163368901984278,0.000999704111825316,0.4153371860866024
best_arm,10,e7_probability_forecasts:10:68,means,0.6686630741849097,0.0,0.6686630741849097
best_arm,10,e7_probability_forecasts:10:69,bayes,0.3228233809539064,0.00010000000000000005,0.3227233809539064
best_arm,10,e7_probability_forecasts:10:69,counts,0.7665401308631237,0.0001000000000000001,0.7664401308631237
best_arm,10,e7_probability_forecasts:10:69,means,0.33377527964510856,9.9999999999999e-05,0.33367527964510857
best_arm,10,e7_probability_forecasts:10:7,bayes,0.10233507796598318,3.1629425568813503e-07,0.1023347616717275
best_arm,10,e7_probability_forecasts:10:7,counts,0.014815312185574716,0.0016000000000000005,0.013215312185574715
best_arm,10,e7_probability_forecasts:10:7,means,0.08814972896950675,0.0009000000000000007,0.08724972896950675
best_arm,10,e7_probability_forecasts:10:70,bayes,0.21128255698064233,0.00010000000000000009,0.21118255698064234
best_arm,10,e7_probability_forecasts:10:70,counts,0.19020058638826193,0.0001000000000000001,0.19010058638826194
best_arm,10,e7_probability_forecasts:10:70,means,0.21128255698064233,0.00010000000000000009,0.21118255698064234
best_arm,10,e7_probability_forecasts:10:71,bayes,0.11007079151076851,0.0,0.11007079151076851
best_arm,10,e7_probability_forecasts:10:71,counts,0.10285791410532258,0.0003000000000000004,0.10255791410532258
best_arm,10,e7_probability_forecasts:10:71,means,0.11007079151076851,0.0,0.11007079151076851
best_arm,10,e7_probability_forecasts:10:72,bayes,0.9658958367808121,0.0,0.9658958367808121
best_arm,10,e7_probability_forecasts:10:72,counts,0.9953141581337338,0.00029999999999999813,0.9950141581337338
best_arm,10,e7_probability_forecasts:10:72,means,1.052238435955256,0.0,1.052238435955256
best_arm,10,e7_probability_forecasts:10:73,bayes,0.38114845623826055,9.9999999999999e-05,0.38104845623826056
best_arm,10,e7_probability_forecasts:10:73,counts,0.06025723951501958,0.0133,0.04695723951501958
best_arm,10,e7_probability_forecasts:10:73,means,0.39388267282302974,0.00010000000000000011,0.3937826728230297
best_arm,10,e7_probability_forecasts:10:74,bayes,0.3601792953152923,0.0021000000000000016,0.3580792953152923
best_arm,10,e7_probability_forecasts:10:74,counts,0.8420407259641036,0.0036000000000000034,0.8384407259641036
best_arm,10,e7_probability_forecasts:10:74,means,0.6482107997609267,0.0009000000000000008,0.6473107997609266
best_arm,10,e7_probability_forecasts:10:75,bayes,0.23715426445238028,0.0,0.23715426445238028
best_arm,10,e7_probability_forecasts:10:75,counts,0.12807637391551394,9.999999999999999e-05,0.12797637391551395
best_arm,10,e7_probability_forecasts:10:75,means,0.23047938774943588,0.00010000000000000009,0.2303793877494359
best_arm,10,e7_probability_forecasts:10:76,bayes,0.3133707950572935,0.0001000000000000001,0.3132707950572935
best_arm,10,e7_probability_forecasts:10:76,counts,0.20318957984135155,0.0035707784919905856,0.19961880134936094
best_arm,10,e7_probability_forecasts:10:76,means,0.3038707950572935,0.0,0.3038707950572935
best_arm,10,e7_probability_forecasts:10:77,bayes,0.4138891339470596,0.00010000000000000018,0.41378913394705963
best_arm,10,e7_probability_forecasts:10:77,counts,0.3148085855029914,0.002499999999999998,0.31230858550299134
best_arm,10,e7_probability_forecasts:10:77,means,0.4784850612696877,0.00010000000000000011,0.4783850612696878
best_arm,10,e7_probability_forecasts:10:78,bayes,0.1287053451340573,0.004290429548005301,0.12441491558605199
best_arm,10,e7_probability_forecasts:10:78,counts,0.07203447282580847,0.005700000000000002,0.06633447282580847
best_arm,10,e7_probability_forecasts:10:78,means,0.1926836862967541,0.0029081828384858923,0.18977550345826816
best_arm,10,e7_probability_forecasts:10:79,bayes,0.3047766573579134,0.0,0.3047766573579134
best_arm,10,e7_probability_forecasts:10:79,counts,0.2683874701642921,0.00010000000000000007,0.2682874701642921
best_arm,10,e7_probability_forecasts:10:79,means,0.2899009824804649,0.0,0.2899009824804649
best_arm,10,e7_probability_forecasts:10:8,bayes,0.14967024927110587,0.0,0.14967024927110587
best_arm,10,e7_probability_forecasts:10:8,counts,0.12861555891536286,0.0001000000000000001,0.12851555891536287
best_arm,10,e7_probability_forecasts:10:8,means,0.14967024927110587,0.0,0.14967024927110587
best_arm,10,e7_probability_forecasts:10:80,bayes,0.23129457896207067,0.005511223344556662,0.22578335561751406
best_arm,10,e7_probability_forecasts:10:80,counts,0.18950412328455524,0.0012000000000000005,0.18830412328455526
best_arm,10,e7_probability_forecasts:10:80,means,0.3325289302609755,0.0003000000000000004,0.33222893026097555
best_arm,10,e7_probability_forecasts:10:81,bayes,0.20246328874574074,0.0005999999999999975,0.20186328874574072
best_arm,10,e7_probability_forecasts:10:81,counts,0.42739221296976904,0.006271615141312121,0.42112059782845696
best_arm,10,e7_probability_forecasts:10:81,means,0.16276409524780952,0.005199999999999998,0.1575640952478095
best_arm,10,e7_probability_forecasts:10:82,bayes,0.4741464638432638,0.0,0.4741464638432638
best_arm,10,e7_probability_forecasts:10:82,counts,0.3370309302540905,0.0009000000000000008,0.33613093025409047
best_arm,10,e7_probability_forecasts:10:82,means,0.4741464638432638,0.0,0.4741464638432638
best_arm,10,e7_probability_forecasts:10:83,bayes,0.18205536308663411,0.0001000000000000001,0.1819553630866341
best_arm,10,e7_probability_forecasts:10:83,counts,0.124663146198886,0.0,0.124663146198886
best_arm,10,e7_probability_forecasts:10:83,means,0.1768944761365054,0.0,0.1768944761365054
best_arm,10,e7_probability_forecasts:10:84,bayes,0.37834700407274036,0.0,0.37834700407274036
best_arm,10,e7_probability_forecasts:10:84,counts,0.2589550305168512,0.0008999999999999976,0.2580550305168512
best_arm,10,e7_probability_forecasts:10:84,means,0.37951507650298244,0.0,0.37951507650298244
best_arm,10,e7_probability_forecasts:10:85,bayes,0.044168693733147024,0.0,0.044168693733147024
best_arm,10,e7_probability_forecasts:10:85,counts,0.04931543215400003,0.0,0.04931543215400003
best_arm,10,e7_probability_forecasts:10:85,means,0.04931543215400003,0.0,0.04931543215400003
best_arm,10,e7_probability_forecasts:10:86,bayes,0.2701323620345331,0.0,0.2701323620345331
best_arm,10,e7_probability_forecasts:10:86,counts,0.23591936511326056,0.0,0.23591936511326056
best_arm,10,e7_probability_forecasts:10:86,means,0.2642968625476544,0.0001000000000000001,0.2641968625476544
best_arm,10,e7_probability_forecasts:10:87,bayes,0.3110621698815388,0.00010000000000000018,0.3109621698815388
best_arm,10,e7_probability_forecasts:10:87,counts,0.11767827704368944,0.006600000000000003,0.11107827704368944
best_arm,10,e7_probability_forecasts:10:87,means,0.23396216988153876,0.0004000000000000007,0.23356216988153874
best_arm,10,e7_probability_forecasts:10:88,bayes,0.5930880604411289,0.0,0.5930880604411289
best_arm,10,e7_probability_forecasts:10:88,counts,0.4081302478450089,0.00010000000000000011,0.4080302478450089
best_arm,10,e7_probability_forecasts:10:88,means,0.5771792491379538,0.0,0.5771792491379538
best_arm,10,e7_probability_forecasts:10:89,bayes,0.3748756709525493,0.00020000000000000017,0.3746756709525493
best_arm,10,e7_probability_forecasts:10:89,counts,0.21000439320698905,0.0004999999999999983,0.20950439320698902
best_arm,10,e7_probability_forecasts:10:89,means,0.24594876569831298,0.006400000000000007,0.23954876569831296
best_arm,10,e7_probability_forecasts:10:9,bayes,0.29924419763732996,0.00039999999999999807,0.29884419763733
best_arm,10,e7_probability_forecasts:10:9,counts,0.36420397479803246,0.002499999999999996,0.3617039747980325
best_arm,10,e7_probability_forecasts:10:9,means,0.32412662905536543,0.0,0.32412662905536543
best_arm,10,e7_probability_forecasts:10:90,bayes,0.3149583264117972,0.00010000000000000003,0.31485832641179723
best_arm,10,e7_probability_forecasts:10:90,counts,0.1016455565739709,0.0003951331496785997,0.10125042342429229
best_arm,10,e7_probability_forecasts:10:90,means,0.22650017728343833,3.3363942454840244e-06,0.22649684088919284
best_arm,10,e7_probability_forecasts:10:91,bayes,0.20263524335082533,0.0,0.20263524335082533
best_arm,10,e7_probability_forecasts:10:91,counts,0.17296680891881416,0.0,0.17296680891881416
best_arm,10,e7_probability_forecasts:10:91,means,0.20263524335082533,0.0,0.20263524335082533
best_arm,10,e7_probability_forecasts:10:92,bayes,0.14420356560332784,0.0,0.14420356560332784
best_arm,10,e7_probability_forecasts:10:92,counts,0.13175623010726548,0.00010000000000000007,0.13165623010726546
best_arm,10,e7_probability_forecasts:10:92,means,0.14420356560332784,0.0,0.14420356560332784
best_arm,10,e7_probability_forecasts:10:93,bayes,0.31722964771273143,0.0001000000000000001,0.3171296477127314
best_arm,10,e7_probability_forecasts:10:93,counts,0.42405324566561015,9.999999999999963e-05,0.42395324566561016
best_arm,10,e7_probability_forecasts:10:93,means,0.18219165949426538,0.0004000000000000007,0.18179165949426537
best_arm,10,e7_probability_forecasts:10:94,bayes,1.0192232831780124,0.00010000000000000007,1.0191232831780126
best_arm,10,e7_probability_forecasts:10:94,counts,0.7972737793912033,0.0009000000000000007,0.7963737793912032
best_arm,10,e7_probability_forecasts:10:94,means,1.0410121187887205,0.00010000000000000009,1.0409121187887205
best_arm,10,e7_probability_forecasts:10:95,bayes,0.21062410618992655,0.0017000000000000006,0.20892410618992655
best_arm,10,e7_probability_forecasts:10:95,counts,0.2021513428732587,0.0002000000000000003,0.20195134287325867
best_arm,10,e7_probability_forecasts:10:95,means,0.2868524898364867,0.00020000000000000012,0.2866524898364867
best_arm,10,e7_probability_forecasts:10:96,bayes,0.38066020593951705,0.0,0.38066020593951705
best_arm,10,e7_probability_forecasts:10:96,counts,0.2518175197022907,0.00010000000000000018,0.25171751970229067
best_arm,10,e7_probability_forecasts:10:96,means,0.38066020593951705,0.0,0.38066020593951705
best_arm,10,e7_probability_forecasts:10:97,bayes,0.1993914620722926,0.0,0.1993914620722926
best_arm,10,e7_probability_forecasts:10:97,counts,0.1883144670019956,0.0,0.1883144670019956
best_arm,10,e7_probability_forecasts:10:97,means,0.1883144670019956,0.0,0.1883144670019956
best_arm,10,e7_probability_forecasts:10:98,bayes,0.24003247447309004,0.0007000000000000005,0.23933247447309003
best_arm,10,e7_probability_forecasts:10:98,counts,0.6306401186181276,0.000794245485154595,0.629845873132973
best_arm,10,e7_probability_forecasts:10:98,means,0.14902294634985272,0.0027999999999999974,0.14622294634985272
best_arm,10,e7_probability_forecasts:10:99,bayes,0.4151948325249453,0.00010000000000000009,0.41509483252494533
best_arm,10,e7_probability_forecasts:10:99,counts,0.2939679667336419,0.0017000000000000006,0.2922679667336419
best_arm,10,e7_probability_forecasts:10:99,means,0.413046726448554,0.00010000000000000007,0.41294672644855407
best_arm,15,e7_probability_forecasts:15:0,bayes,0.2226153205733511,0.0,0.2226153205733511
best_arm,15,e7_probability_forecasts:15:0,counts,0.17404858453550037,0.0,0.17404858453550037
best_arm,15,e7_probability_forecasts:15:0,means,0.21339163592712368,0.0,0.21339163592712368
best_arm,15,e7_probability_forecasts:15:1,bayes,0.3028395346796746,0.002500000000000002,0.30033953467967467
best_arm,15,e7_probability_forecasts:15:1,counts,0.3222449442540734,0.00010000000000000018,0.32214494425407336
best_arm,15,e7_probability_forecasts:15:1,means,0.37774714694402445,9.99999999999999e-05,0.37764714694402446
best_arm,15,e7_probability_forecasts:15:10,bayes,0.4802095692309054,0.0,0.4802095692309054
best_arm,15,e7_probability_forecasts:15:10,counts,0.43025620377594587,0.0,0.43025620377594587
best_arm,15,e7_probability_forecasts:15:10,means,0.4383817646851058,0.00010000000000000011,0.43828176468510577
best_arm,15,e7_probability_forecasts:15:11,bayes,0.5017335516350045,0.0,0.5017335516350045
best_arm,15,e7_probability_forecasts:15:11,counts,0.4285709253281622,0.00030000000000000003,0.4282709253281623
best_arm,15,e7_probability_forecasts:15:11,means,0.5017335516350045,0.0,0.5017335516350045
best_arm,15,e7_probability_forecasts:15:12,bayes,0.6963673766561898,0.0,0.6963673766561898
best_arm,15,e7_probability_forecasts:15:12,counts,0.552490791828103,0.0001,0.552390791828103
best_arm,15,e7_probability_forecasts:15:12,means,0.6774203035526789,0.00030000000000000035,0.6771203035526789
best_arm,15,e7_probability_forecasts:15:13,bayes,0.8046045581276416,0.0,0.8046045581276416
best_arm,15,e7_probability_forecasts:15:13,counts,0.6959766608527089,2.3466993163973186e-07,0.6959764261827772
best_arm,15,e7_probability_forecasts:15:13,means,0.8046045581276416,0.0,0.8046045581276416
best_arm,15,e7_probability_forecasts:15:14,bayes,0.29171877265789087,0.0,0.29171877265789087
best_arm,15,e7_probability_forecasts:15:14,counts,0.25709389246832276,0.0,0.25709389246832276
best_arm,15,e7_probability_forecasts:15:14,means,0.2865469058104989,0.0001000000000000001,0.28644690581049886
best_arm,15,e7_probability_forecasts:15:15,bayes,1.0484265984172436,0.0,1.0484265984172436
best_arm,15,e7_probability_forecasts:15:15,counts,0.814011586236644,0.0002000000000000001,0.8138115862366441
best_arm,15,e7_probability_forecasts:15:15,means,1.0374390474892148,0.0001000000000000001,1.0373390474892148
best_arm,15,e7_probability_forecasts:15:16,bayes,0.36884684374563503,0.0,0.36884684374563503
best_arm,15,e7_probability_forecasts:15:16,counts,0.17575786459181159,0.00030609121518212774,0.17545177337662943
best_arm,15,e7_probability_forecasts:15:16,means,0.35384914057708833,0.0,0.35384914057708833
best_arm,15,e7_probability_forecasts:15:17,bayes,0.7357173127630832,0.0006000000000000007,0.7351173127630831
best_arm,15,e7_probability_forecasts:15:17,counts,0.34950160767669464,0.0002000000000000002,0.34930160767669466
best_arm,15,e7_probability_forecasts:15:17,means,0.6300389618155315,0.00010203040506070607,0.6299369314104708
best_arm,15,e7_probability_forecasts:15:18,bayes,0.2961438559967873,0.0004000000000000007,0.2957438559967873
best_arm,15,e7_probability_forecasts:15:18,counts,0.12796485721011247,0.002099999999999996,0.12586485721011248
best_arm,15,e7_probability_forecasts:15:18,means,0.13843336815812912,0.005699999999999993,0.13273336815812914
best_arm,15,e7_probability_forecasts:15:19,bayes,0.19172483207919766,0.0001000000000000001,0.19162483207919764
best_arm,15,e7_probability_forecasts:15:19,counts,0.16960069317690707,0.0,0.16960069317690707
best_arm,15,e7_probability_forecasts:15:19,means,0.18076241520799963,0.0001000000000000001,0.1806624152079996
best_arm,15,e7_probability_forecasts:15:2,bayes,0.07023895201422187,0.0,0.07023895201422187
best_arm,15,e7_probability_forecasts:15:2,counts,0.05019146794422838,0.0,0.05019146794422838
best_arm,15,e7_probability_forecasts:15:2,means,0.07023895201422187,0.0,0.07023895201422187
best_arm,15,e7_probability_forecasts:15:20,bayes,0.8403860037536148,0.0001000000000000001,0.8402860037536148
best_arm,15,e7_probability_forecasts:15:20,counts,0.5086261269237082,0.0021000000000000025,0.5065261269237082
best_arm,15,e7_probability_forecasts:15:20,means,0.806786474660663,0.0,0.806786474660663
best_arm,15,e7_probability_forecasts:15:21,bayes,0.47303233418833207,0.0001000000000000001,0.472932334188332
best_arm,15,e7_probability_forecasts:15:21,counts,0.2406947550635763,0.0010930823385368997,0.23960167272503935
best_arm,15,e7_probability_forecasts:15:21,means,0.4511381401828508,0.0003000000000000004,0.4508381401828508
best_arm,15,e7_probability_forecasts:15:22,bayes,0.49239033678759414,0.0001000000000000001,0.49229033678759415
best_arm,15,e7_probability_forecasts:15:22,counts,0.31422232356177826,0.005199999999999997,0.3090223235617782
best_arm,15,e7_probability_forecasts:15:22,means,0.47438774265683314,0.0001000000000000001,0.47428774265683316
best_arm,15,e7_probability_forecasts:15:23,bayes,0.08882988871281297,0.0,0.08882988871281297
best_arm,15,e7_probability_forecasts:15:23,counts,0.07265735904217228,0.0001000000000000001,0.07255735904217228
best_arm,15,e7_probability_forecasts:15:23,means,0.08309634981418004,0.0,0.08309634981418004
best_arm,15,e7_probability_forecasts:15:24,bayes,0.48393726624325806,0.0012875216814610794,0.482649744561797
best_arm,15,e7_probability_forecasts:15:24,counts,0.302508384529947,0.0028999999999999968,0.29960838452994704
best_arm,15,e7_probability_forecasts:15:24,means,0.47153545292283405,0.0002566778900112107,0.4712787750328229
best_arm,15,e7_probability_forecasts:15:25,bayes,0.6542307908061219,0.0,0.6542307908061219
best_arm,15,e7_probability_forecasts:15:25,counts,0.5349854395151221,0.00010000000000000002,0.534885439515122
best_arm,15,e7_probability_forecasts:15:25,means,0.6542307908061219,0.0,0.6542307908061219
best_arm,15,e7_probability_forecasts:15:26,bayes,0.54485924510431,9.999999999999018e-05,0.5447592451043101
best_arm,15,e7_probability_forecasts:15:26,counts,0.3135831040466671,0.0005101520253035299,0.3130729520213636
best_arm,15,e7_probability_forecasts:15:26,means,0.5499932394457099,0.00010000000000000005,0.5498932394457098
best_arm,15,e7_probability_forecasts:15:27,bayes,0.22095602850774843,0.0003000000000000004,0.2206560285077484
best_arm,15,e7_probability_forecasts:15:27,counts,0.07337858908424419,0.0021999999999999997,0.07117858908424418
best_arm,15,e7_probability_forecasts:15:27,means,0.15666102871169063,0.001100000000000001,0.15556102871169064
best_arm,15,e7_probability_forecasts:15:28,bayes,0.8457869398009756,0.0002999999999999982,0.8454869398009756
best_arm,15,e7_probability_forecasts:15:28,counts,0.6254334169384907,0.00030000000000000035,0.6251334169384907
best_arm,15,e7_probability_forecasts:15:28,means,0.6423285907602629,0.0009000000000000004,0.6414285907602629
best_arm,15,e7_probability_forecasts:15:29,bayes,0.4135349775029914,0.00019999999999999998,0.4133349775029914
best_arm,15,e7_probability_forecasts:15:29,counts,0.32069970204515197,0.021500000000000002,0.2991997020451519
best_arm,15,e7_probability_forecasts:15:29,means,0.38545827516409026,0.0049999999999999975,0.38045827516409025
best_arm,15,e7_probability_forecasts:15:3,bayes,0.15561984326909506,0.0011844913784307765,0.15443535189066426
best_arm,15,e7_probability_forecasts:15:3,counts,0.053128334257422104,0.0007000000000000012,0.0524283342574221
best_arm,15,e7_probability_forecasts:15:3,means,0.21559997777729478,0.01303500663197636,0.2025649711453184
best_arm,15,e7_probability_forecasts:15:30,bayes,0.41512183367112193,0.0,0.41512183367112193
best_arm,15,e7_probability_forecasts:15:30,counts,0.32728748942952035,0.0003000000000000004,0.32698748942952033
best_arm,15,e7_probability_forecasts:15:30,means,0.41127171733870765,0.0,0.41127171733870765
best_arm,15,e7_probability_forecasts:15:31,bayes,0.1752480469411586,0.0,0.1752480469411586
best_arm,15,e7_probability_forecasts:15:31,counts,0.14950241273344564,0.00010000000000000007,0.14940241273344562
best_arm,15,e7_probability_forecasts:15:31,means,0.17841173720347245,0.0001000000000000001,0.17831173720347246
best_arm,15,e7_probability_forecasts:15:32,bayes,0.5646641680227467,0.00030000000000001,0.5643641680227467
best_arm,15,e7_probability_forecasts:15:32,counts,0.09941791567342058,0.0014999999999999985,0.09791791567342059
best_arm,15,e7_probability_forecasts:15:32,means,0.37202034534447753,0.0004000000000000002,0.3716203453444775
best_arm,15,e7_probability_forecasts:15:33,bayes,0.37237091426435287,7.420671360065054e-05,0.3722967075507522
best_arm,15,e7_probability_forecasts:15:33,counts,0.1039297590224598,0.0017999999999999967,0.1021297590224598
best_arm,15,e7_probability_forecasts:15:33,means,0.23983474593719023,0.00033533312927250334,0.23949941280791776
best_arm,15,e7_probability_forecasts:15:34,bayes,0.4126934183611685,0.0003000000000000004,0.4123934183611685
best_arm,15,e7_probability_forecasts:15:34,counts,0.10214332552594238,0.0025999999999999925,0.0995433255259424
best_arm,15,e7_probability_forecasts:15:34,means,0.40472181991601563,0.0001000000000000001,0.4046218199160156
best_arm,15,e7_probability_forecasts:15:35,bayes,0.2800792764977746,0.0,0.2800792764977746
best_arm,15,e7_probability_forecasts:15:35,counts,0.22970644334617496,0.0004000000000000007,0.22930644334617495
best_arm,15,e7_probability_forecasts:15:35,means,0.3129924805998672,0.00010000000000000018,0.3128924805998672
best_arm,15,e7_probability_forecasts:15:36,bayes,0.1670394066982614,0.0001000000000000001,0.16693940669826138
best_arm,15,e7_probability_forecasts:15:36,counts,0.12650048949300147,0.00010000000000000007,0.12640048949300145
best_arm,15,e7_probability_forecasts:15:36,means,0.15438026379900252,0.0,0.15438026379900252
best_arm,15,e7_probability_forecasts:15:37,bayes,0.4827804213015596,0.0,0.4827804213015596
best_arm,15,e7_probability_forecasts:15:37,counts,0.4030363290153094,0.0,0.4030363290153094
best_arm,15,e7_probability_forecasts:15:37,means,0.44790454415248726,0.0004000000000000004,0.4475045441524873
best_arm,15,e7_probability_forecasts:15:38,bayes,0.25521935582871597,0.0,0.25521935582871597
best_arm,15,e7_probability_forecasts:15:38,counts,0.1772584413710015,0.00020000000000000012,0.1770584413710015
best_arm,15,e7_probability_forecasts:15:38,means,0.25521935582871597,0.0,0.25521935582871597
best_arm,15,e7_probability_forecasts:15:39,bayes,0.36197560560206293,0.0,0.36197560560206293
best_arm,15,e7_probability_forecasts:15:39,counts,0.18891837368729517,0.0030999999999999973,0.18581837368729515
best_arm,15,e7_probability_forecasts:15:39,means,0.34112493169002434,0.0001000000000000001,0.34102493169002435
best_arm,15,e7_probability_forecasts:15:4,bayes,0.21823183809725435,0.0,0.21823183809725435
best_arm,15,e7_probability_forecasts:15:4,counts,0.11220395669145922,0.0014772676257524806,0.11072668906570675
best_arm,15,e7_probability_forecasts:15:4,means,0.2021259462322502,0.0001000000000000001,0.20202594623225018
best_arm,15,e7_probability_forecasts:15:40,bayes,0.2919139026427432,0.00039324558718496967,0.29152065705555824
best_arm,15,e7_probability_forecasts:15:40,counts,0.11378824774120519,0.0018000000000000008,0.1119882477412052
best_arm,15,e7_probability_forecasts:15:40,means,0.2915885534858965,0.0,0.2915885534858965
best_arm,15,e7_probability_forecasts:15:41,bayes,0.4230741927665189,9.320477502295458e-05,0.42298098799149597
best_arm,15,e7_probability_forecasts:15:41,counts,0.08178465122230408,0.0028000000000000004,0.07898465122230407
best_arm,15,e7_probability_forecasts:15:41,means,0.33680311182962097,0.0,0.33680311182962097
best_arm,15,e7_probability_forecasts:15:42,bayes,0.2598365112059265,0.0007000000000000003,0.2591365112059265
best_arm,15,e7_probability_forecasts:15:42,counts,0.07201443502558164,0.0006000000000000003,0.07141443502558163
best_arm,15,e7_probability_forecasts:15:42,means,0.12971966884910358,0.0133,0.11641966884910357
best_arm,15,e7_probability_forecasts:15:43,bayes,0.28250700967459874,0.0001000000000000001,0.2824070096745987
best_arm,15,e7_probability_forecasts:15:43,counts,0.1964041159720083,0.00040000000000000045,0.19600411597200829
best_arm,15,e7_probability_forecasts:15:43,means,0.2775465243825549,0.0,0.2775465243825549
best_arm,15,e7_probability_forecasts:15:44,bayes,0.03866984380926875,0.0,0.03866984380926875
best_arm,15,e7_probability_forecasts:15:44,counts,0.031036499739349507,0.0004000000000000003,0.030636499739349506
best_arm,15,e7_probability_forecasts:15:44,means,0.03455317177430913,0.0,0.03455317177430913
best_arm,15,e7_probability_forecasts:15:45,bayes,0.3358087349358553,0.0003000000000000004,0.33550873493585526
best_arm,15,e7_probability_forecasts:15:45,counts,0.17064465781795726,0.0006999999999999995,0.16994465781795726
best_arm,15,e7_probability_forecasts:15:45,means,0.2947459319749297,9.823487399245184e-05,0.2946476971009373
best_arm,15,e7_probability_forecasts:15:46,bayes,0.30283583204346015,0.00010000000000000018,0.30273583204346016
best_arm,15,e7_probability_forecasts:15:46,counts,0.06483652279159725,0.009999999999999995,0.05483652279159726
best_arm,15,e7_probability_forecasts:15:46,means,0.19203652279159725,0.0004000000000000002,0.19163652279159726
best_arm,15,e7_probability_forecasts:15:47,bayes,0.30530766975514084,0.0002999999999999998,0.3050076697551409
best_arm,15,e7_probability_forecasts:15:47,counts,0.1216551042342382,0.00019999999999999993,0.12145510423423819
best_arm,15,e7_probability_forecasts:15:47,means,0.14982524800005598,0.0009,0.14892524800005597
best_arm,15,e7_probability_forecasts:15:48,bayes,0.6802724013339068,0.00011037649219467352,0.6801620248417121
best_arm,15,e7_probability_forecasts:15:48,counts,0.2605429777682714,0.0005784205693296516,0.2599645571989418
best_arm,15,e7_probability_forecasts:15:48,means,0.5720582987385314,0.0016000000000000012,0.5704582987385314
best_arm,15,e7_probability_forecasts:15:49,bayes,0.8452649978498039,0.0,0.8452649978498039
best_arm,15,e7_probability_forecasts:15:49,counts,0.6986611601943341,0.00040000000000000045,0.698261160194334
best_arm,15,e7_probability_forecasts:15:49,means,0.8632654517225846,0.0,0.8632654517225846
best_arm,15,e7_probability_forecasts:15:5,bayes,0.2290532452359726,0.0,0.2290532452359726
best_arm,15,e7_probability_forecasts:15:5,counts,0.27800427316301535,0.013621763085399502,0.2643825100776158
best_arm,15,e7_probability_forecasts:15:5,means,0.22023899982439632,0.0001,0.22013899982439633
best_arm,15,e7_probability_forecasts:15:50,bayes,0.3523077874042419,0.00010000000000000005,0.3522077874042419
best_arm,15,e7_probability_forecasts:15:50,counts,0.10192088248188197,0.0005141822263034501,0.10140670025557852
best_arm,15,e7_probability_forecasts:15:50,means,0.3780185768062795,8.920518314457872e-05,0.3779293716231349
best_arm,15,e7_probability_forecasts:15:51,bayes,0.6195828829644083,0.0,0.6195828829644083
best_arm,15,e7_probability_forecasts:15:51,counts,0.48106146494693725,0.00030000000000000035,0.4807614649469373
best_arm,15,e7_probability_forecasts:15:51,means,0.6353204402276248,0.0,0.6353204402276248
best_arm,15,e7_probability_forecasts:15:52,bayes,0.6516956034369065,0.0010028262422201709,0.6506927771946862
best_arm,15,e7_probability_forecasts:15:52,counts,0.32965103900150505,0.006677083971023337,0.32297395503048165
best_arm,15,e7_probability_forecasts:15:52,means,0.5701884387937772,0.0004000000000000002,0.5697884387937773
best_arm,15,e7_probability_forecasts:15:53,bayes,0.6509750277044386,0.0,0.6509750277044386
best_arm,15,e7_probability_forecasts:15:53,counts,0.33453114834627934,0.00010000000000000018,0.33443114834627935
best_arm,15,e7_probability_forecasts:15:53,means,0.6169725721025552,0.00010000000000000011,0.6168725721025553
best_arm,15,e7_probability_forecasts:15:54,bayes,0.2069302327236906,0.0009000000000000008,0.2060302327236906
best_arm,15,e7_probability_forecasts:15:54,counts,0.275555763697453,0.0021000000000000016,0.273455763697453
best_arm,15,e7_probability_forecasts:15:54,means,0.17169497219208102,0.0025000000000000022,0.16919497219208102
best_arm,15,e7_probability_forecasts:15:55,bayes,0.33370700905982953,0.0025000000000000014,0.33120700905982947
best_arm,15,e7_probability_forecasts:15:55,counts,0.7121820342483718,0.0003000000000000002,0.7118820342483717
best_arm,15,e7_probability_forecasts:15:55,means,0.24082450471136177,0.011099999999999997,0.2297245047113618
best_arm,15,e7_probability_forecasts:15:56,bayes,0.14455209180408302,0.0036000000000000034,0.14095209180408302
best_arm,15,e7_probability_forecasts:15:56,counts,0.5809981584954965,0.00030000000000000003,0.5806981584954964
best_arm,15,e7_probability_forecasts:15:56,means,0.174102348723007,0.00010000000000000018,0.174002348723007
best_arm,15,e7_probability_forecasts:15:57,bayes,0.2044513400858763,0.0,0.2044513400858763
best_arm,15,e7_probability_forecasts:15:57,counts,0.17449738723227937,0.003600000000000003,0.17089738723227937
best_arm,15,e7_probability_forecasts:15:57,means,0.2872962336935366,0.00010000000000000018,0.2871962336935366
best_arm,15,e7_probability_forecasts:15:58,bayes,0.08576996211683746,0.0,0.08576996211683746
best_arm,15,e7_probability_forecasts:15:58,counts,0.05101396772445556,0.0002000000000000002,0.05081396772445555
best_arm,15,e7_probability_forecasts:15:58,means,0.08576996211683746,0.0,0.08576996211683746
best_arm,15,e7_probability_forecasts:15:59,bayes,0.4549271838708414,0.0001000000000000001,0.4548271838708414
best_arm,15,e7_probability_forecasts:15:59,counts,0.39125406779662597,0.0001000000000000001,0.391154067796626
best_arm,15,e7_probability_forecasts:15:59,means,0.4637849652867233,0.0,0.4637849652867233
best_arm,15,e7_probability_forecasts:15:6,bayes,0.26574126876305215,0.0,0.26574126876305215
best_arm,15,e7_probability_forecasts:15:6,counts,0.23150594206011418,0.00010000000000000011,0.2314059420601142
best_arm,15,e7_probability_forecasts:15:6,means,0.26574126876305215,0.0,0.26574126876305215
best_arm,15,e7_probability_forecasts:15:60,bayes,0.8812856464036061,0.0,0.8812856464036061
best_arm,15,e7_probability_forecasts:15:60,counts,0.7105720959870525,0.000700000000000001,0.7098720959870526
best_arm,15,e7_probability_forecasts:15:60,means,0.8812856464036061,0.0,0.8812856464036061
best_arm,15,e7_probability_forecasts:15:61,bayes,0.5676157310236609,0.0,0.5676157310236609
best_arm,15,e7_probability_forecasts:15:61,counts,0.20061378814613823,0.0034321803897561422,0.19718160775638208
best_arm,15,e7_probability_forecasts:15:61,means,0.5642934519457786,0.0,0.5642934519457786
best_arm,15,e7_probability_forecasts:15:62,bayes,0.25468975328392884,0.0007000000000000003,0.25398975328392887
best_arm,15,e7_probability_forecasts:15:62,counts,0.4018968284508936,0.012099999999999998,0.3897968284508936
best_arm,15,e7_probability_forecasts:15:62,means,0.3089339610881148,0.0009000000000000007,0.3080339610881147
best_arm,15,e7_probability_forecasts:15:63,bayes,0.19964380891654315,0.0,0.19964380891654315
best_arm,15,e7_probability_forecasts:15:63,counts,0.18302466657364008,0.0001000000000000001,0.18292466657364012
best_arm,15,e7_probability_forecasts:15:63,means,0.19964380891654315,0.0,0.19964380891654315
best_arm,15,e7_probability_forecasts:15:64,bayes,0.7416560872636512,0.00030000000000000035,0.7413560872636511
best_arm,15,e7_probability_forecasts:15:64,counts,0.4462275119222384,0.0004492704826038092,0.4457782414396347
best_arm,15,e7_probability_forecasts:15:64,means,0.6666264872555885,0.0001114274053667977,0.6665150598502216
best_arm,15,e7_probability_forecasts:15:65,bayes,0.2491007586886942,0.0,0.2491007586886942
best_arm,15,e7_probability_forecasts:15:65,counts,0.21098771840860622,0.0001000000000000001,0.21088771840860623
best_arm,15,e7_probability_forecasts:15:65,means,0.2312504566393106,0.0001000000000000001,0.2311504566393106
best_arm,15,e7_probability_forecasts:15:66,bayes,0.3222381107669282,0.0,0.3222381107669282
best_arm,15,e7_probability_forecasts:15:66,counts,0.24761926058340483,0.00010000000000000007,0.24751926058340482
best_arm,15,e7_probability_forecasts:15:66,means,0.30989606862486646,0.0,0.30989606862486646
best_arm,15,e7_probability_forecasts:15:67,bayes,0.7030754292157118,0.0,0.7030754292157118
best_arm,15,e7_probability_forecasts:15:67,counts,0.4877683713185028,0.0005000000000000004,0.48726837131850287
best_arm,15,e7_probability_forecasts:15:67,means,0.6827024828595005,0.0,0.6827024828595005
best_arm,15,e7_probability_forecasts:15:68,bayes,0.4716532299449211,0.0,0.4716532299449211
best_arm,15,e7_probability_forecasts:15:68,counts,0.3288235864774144,0.0004000000000000002,0.3284235864774143
best_arm,15,e7_probability_forecasts:15:68,means,0.46364042376089243,0.0001000000000000001,0.46354042376089244
best_arm,15,e7_probability_forecasts:15:69,bayes,0.1939042941801733,0.0,0.1939042941801733
best_arm,15,e7_probability_forecasts:15:69,counts,0.18951021311377209,0.00010000000000000009,0.1894102131137721
best_arm,15,e7_probability_forecasts:15:69,means,0.18951021311377209,0.00010000000000000009,0.1894102131137721
best_arm,15,e7_probability_forecasts:15:7,bayes,0.4324803856875566,0.0001000000000000001,0.43238038568755655
best_arm,15,e7_probability_forecasts:15:7,counts,0.3102186895535102,0.0017000000000000014,0.3085186895535102
best_arm,15,e7_probability_forecasts:15:7,means,0.42451337583386195,0.0,0.42451337583386195
best_arm,15,e7_probability_forecasts:15:70,bayes,0.8087767130003363,0.0005000000000000004,0.8082767130003363
best_arm,15,e7_probability_forecasts:15:70,counts,0.6595863992915516,0.0036000000000000034,0.6559863992915516
best_arm,15,e7_probability_forecasts:15:70,means,0.951395062865144,0.0,0.951395062865144
best_arm,15,e7_probability_forecasts:15:71,bayes,0.43968017992549263,0.0,0.43968017992549263
best_arm,15,e7_probability_forecasts:15:71,counts,0.28944749021379845,0.0002999999999999982,0.28914749021379843
best_arm,15,e7_probability_forecasts:15:71,means,0.45421983583440256,0.0,0.45421983583440256
best_arm,15,e7_probability_forecasts:15:72,bayes,0.19413472423209407,0.0004000000000000002,0.1937347242320941
best_arm,15,e7_probability_forecasts:15:72,counts,0.052495296946565975,0.0,0.052495296946565975
best_arm,15,e7_probability_forecasts:15:72,means,0.2288294003496828,0.0,0.2288294003496828
best_arm,15,e7_probability_forecasts:15:73,bayes,0.5929471484143083,0.0001000000000000001,0.5928471484143083
best_arm,15,e7_probability_forecasts:15:73,counts,0.4997354335336478,0.0001,0.49963543353364775
best_arm,15,e7_probability_forecasts:15:73,means,0.5865386933436535,0.0001,0.5864386933436535
best_arm,15,e7_probability_forecasts:15:74,bayes,0.05083779539434108,0.0,0.05083779539434108
best_arm,15,e7_probability_forecasts:15:74,counts,0.03815617412043365,0.0001000000000000001,0.038056174120433654
best_arm,15,e7_probability_forecasts:15:74,means,0.045228113803860555,0.0,0.045228113803860555
best_arm,15,e7_probability_forecasts:15:75,bayes,0.3651924729770109,0.00040000000000000045,0.3647924729770109
best_arm,15,e7_probability_forecasts:15:75,counts,0.03800153038584639,0.0015000000000000013,0.03650153038584638
best_arm,15,e7_probability_forecasts:15:75,means,0.42196893096699783,0.00010000000000000005,0.4218689309669978
best_arm,15,e7_probability_forecasts:15:76,bayes,0.2789914004693968,0.0001000000000000001,0.2788914004693968
best_arm,15,e7_probability_forecasts:15:76,counts,0.18736407823220194,0.0004999999999999978,0.1868640782322019
best_arm,15,e7_probability_forecasts:15:76,means,0.2780396450295126,0.00040000000000000045,0.2776396450295126
best_arm,15,e7_probability_forecasts:15:77,bayes,0.4513514487352971,0.0,0.4513514487352971
best_arm,15,e7_probability_forecasts:15:77,counts,0.42100710990757984,0.0,0.42100710990757984
best_arm,15,e7_probability_forecasts:15:77,means,0.4513514487352971,0.0,0.4513514487352971
best_arm,15,e7_probability_forecasts:15:78,bayes,0.24158893315925584,0.002100000000000002,0.23948893315925585
best_arm,15,e7_probability_forecasts:15:78,counts,0.30624548295666987,0.001999999999999996,0.3042454829566699
best_arm,15,e7_probability_forecasts:15:78,means,0.2518219766482554,0.002100000000000003,0.2497219766482554
best_arm,15,e7_probability_forecasts:15:79,bayes,0.1448145827018108,0.0018990001020304076,0.14291558259978038
best_arm,15,e7_probability_forecasts:15:79,counts,0.07751787509858246,0.0012999999999999984,0.07621787509858247
best_arm,15,e7_probability_forecasts:15:79,means,0.05820199053292017,0.0008999999999999993,0.05730199053292017
best_arm,15,e7_probability_forecasts:15:8,bayes,0.6161252181178634,0.0001000000000000001,0.6160252181178634
best_arm,15,e7_probability_forecasts:15:8,counts,0.499978260824412,0.00030000000000000035,0.4996782608244119
best_arm,15,e7_probability_forecasts:15:8,means,0.6002053068769169,0.00010000000000000011,0.6001053068769169
best_arm,15,e7_probability_forecasts:15:80,bayes,0.3343015389897159,0.0,0.3343015389897159
best_arm,15,e7_probability_forecasts:15:80,counts,0.24606995262434364,0.0004000000000000003,0.24566995262434366
best_arm,15,e7_probability_forecasts:15:80,means,0.32099850994827006,0.0,0.32099850994827006
best_arm,15,e7_probability_forecasts:15:81,bayes,0.0700711419735333,0.006400000000000007,0.06367114197353328
best_arm,15,e7_probability_forecasts:15:81,counts,0.033312696329614616,0.0014999999999999996,0.03181269632961462
best_arm,15,e7_probability_forecasts:15:81,means,0.04921009926304667,0.0007893990409142001,0.04842070022213247
best_arm,15,e7_probability_forecasts:15:82,bayes,0.24463222329988865,0.00010000000000000005,0.24453222329988866
best_arm,15,e7_probability_forecasts:15:82,counts,0.16950635858902813,0.0035999999999999964,0.1659063585890281
best_arm,15,e7_probability_forecasts:15:82,means,0.21620311886697413,0.00040000000000000045,0.21580311886697415
best_arm,15,e7_probability_forecasts:15:83,bayes,0.23172372435155225,0.0,0.23172372435155225
best_arm,15,e7_probability_forecasts:15:83,counts,0.06636170859690055,0.0005000000000000009,0.06586170859690055
best_arm,15,e7_probability_forecasts:15:83,means,0.17899103093489155,0.0001000000000000001,0.17889103093489156
best_arm,15,e7_probability_forecasts:15:84,bayes,0.3449500461988146,0.0,0.3449500461988146
best_arm,15,e7_probability_forecasts:15:84,counts,0.15728904111132275,0.00025211713090501025,0.15703692398041774
best_arm,15,e7_probability_forecasts:15:84,means,0.3449500461988146,0.0,0.3449500461988146
best_arm,15,e7_probability_forecasts:15:85,bayes,0.9770680207791291,0.0001000000000000001,0.976968020779129
best_arm,15,e7_probability_forecasts:15:85,counts,0.6360195512366693,0.00023141516171818296,0.6357881360749511
best_arm,15,e7_probability_forecasts:15:85,means,0.9637011552546666,0.0,0.9637011552546666
best_arm,15,e7_probability_forecasts:15:86,bayes,0.202966923409992,0.00010000000000000018,0.20286692340999202
best_arm,15,e7_probability_forecasts:15:86,counts,0.010589351830811533,0.0012999999999999982,0.009289351830811534
best_arm,15,e7_probability_forecasts:15:86,means,0.18138327409597332,0.00030000000000000046,0.18108327409597336
best_arm,15,e7_probability_forecasts:15:87,bayes,0.40854857050327587,0.0,0.40854857050327587
best_arm,15,e7_probability_forecasts:15:87,counts,0.1858812901039637,0.0007000000000000008,0.18518129010396372
best_arm,15,e7_probability_forecasts:15:87,means,0.40009306266780287,0.0001000000000000001,0.3999930626678028
best_arm,15,e7_probability_forecasts:15:88,bayes,0.1740396465114332,0.0011999999999999988,0.1728396465114332
best_arm,15,e7_probability_forecasts:15:88,counts,0.9090432141098311,0.0002000000000000001,0.9088432141098312
best_arm,15,e7_probability_forecasts:15:88,means,0.133287432405075,0.0032999999999999965,0.12998743240507502
best_arm,15,e7_probability_forecasts:15:89,bayes,0.5417769287174904,0.0,0.5417769287174904
best_arm,15,e7_probability_forecasts:15:89,counts,0.1646058578617986,0.002700000000000003,0.16190585786179856
best_arm,15,e7_probability_forecasts:15:89,means,0.510592889721169,0.0,0.510592889721169
best_arm,15,e7_probability_forecasts:15:9,bayes,0.8999996620264947,0.0,0.8999996620264947
best_arm,15,e7_probability_forecasts:15:9,counts,0.879877842842359,0.0003000000000000004,0.8795778428423591
best_arm,15,e7_probability_forecasts:15:9,means,0.8999996620264947,0.0,0.8999996620264947
best_arm,15,e7_probability_forecasts:15:90,bayes,0.24359993585567535,0.0,0.24359993585567535
best_arm,15,e7_probability_forecasts:15:90,counts,0.16003238397926386,0.00020000000000000006,0.1598323839792639
best_arm,15,e7_probability_forecasts:15:90,means,0.24359993585567535,0.0,0.24359993585567535
best_arm,15,e7_probability_forecasts:15:91,bayes,0.35839614482456084,0.0,0.35839614482456084
best_arm,15,e7_probability_forecasts:15:91,counts,0.209624459760537,0.0004000000000000002,0.209224459760537
best_arm,15,e7_probability_forecasts:15:91,means,0.3172976531452299,0.0,0.3172976531452299
best_arm,15,e7_probability_forecasts:15:92,bayes,0.17313786187350755,0.0,0.17313786187350755
best_arm,15,e7_probability_forecasts:15:92,counts,0.16117931523803802,0.00010000000000000009,0.16107931523803803
best_arm,15,e7_probability_forecasts:15:92,means,0.17313786187350755,0.0,0.17313786187350755
best_arm,15,e7_probability_forecasts:15:93,bayes,0.529672268038765,0.0,0.529672268038765
best_arm,15,e7_probability_forecasts:15:93,counts,0.09622103919800243,0.011800000000000001,0.08442103919800242
best_arm,15,e7_probability_forecasts:15:93,means,0.5239696328673552,0.0006999999999999979,0.5232696328673552
best_arm,15,e7_probability_forecasts:15:94,bayes,0.34973198921582793,0.0001,0.34963198921582794
best_arm,15,e7_probability_forecasts:15:94,counts,0.25394120966311806,0.0007000000000000009,0.2532412096631181
best_arm,15,e7_probability_forecasts:15:94,means,0.3435713932851979,0.00011142740536679771,0.3434599658798311
best_arm,15,e7_probability_forecasts:15:95,bayes,0.21967690188533134,0.00029999999999999916,0.21937690188533135
best_arm,15,e7_probability_forecasts:15:95,counts,0.4685867990612025,0.00020000000000000015,0.46838679906120245
best_arm,15,e7_probability_forecasts:15:95,means,0.10421705223828956,9.999999999999934e-05,0.10411705223828956
best_arm,15,e7_probability_forecasts:15:96,bayes,0.21995502343042808,0.0,0.21995502343042808
best_arm,15,e7_probability_forecasts:15:96,counts,0.20843958643772498,0.0,0.20843958643772498
best_arm,15,e7_probability_forecasts:15:96,means,0.21995502343042808,0.0,0.21995502343042808
best_arm,15,e7_probability_forecasts:15:97,bayes,0.38413694709492774,0.00010000000000000007,0.3840369470949278
best_arm,15,e7_probability_forecasts:15:97,counts,0.2381022429666726,0.0007000000000000003,0.23740224296667262
best_arm,15,e7_probability_forecasts:15:97,means,0.3917009323131312,0.0,0.3917009323131312
best_arm,15,e7_probability_forecasts:15:98,bayes,0.40577355475599663,0.0,0.40577355475599663
best_arm,15,e7_probability_forecasts:15:98,counts,0.2762425718141776,0.00010000000000001003,0.2761425718141776
best_arm,15,e7_probability_forecasts:15:98,means,0.38624590199148257,0.0001000000000000001,0.3861459019914825
best_arm,15,e7_probability_forecasts:15:99,bayes,0.8863476850597879,0.0,0.8863476850597879
best_arm,15,e7_probability_forecasts:15:99,counts,0.6309184249579555,0.00040000000000002035,0.6305184249579555
best_arm,15,e7_probability_forecasts:15:99,means,0.9287548857363312,0.0003000000000000004,0.9284548857363313
next_reward,2,e7_probability_forecasts:2:0,bayes,0.0025000000000000404,0.0,0.0025000000000000404
next_reward,2,e7_probability_forecasts:2:0,counts,0.0006500000000000012,5.000000000000009e-05,0.0006000000000000011
next_reward,2,e7_probability_forecasts:2:0,means,0.002850000000000061,5.0000000000005085e-05,0.002800000000000056
next_reward,2,e7_probability_forecasts:2:1,bayes,0.000541735537190073,5.000000000000009e-05,0.0004917355371900729
next_reward,2,e7_probability_forecasts:2:1,counts,2.8099173553717326e-05,0.0,2.8099173553717326e-05
next_reward,2,e7_probability_forecasts:2:1,means,0.0004553719008264377,0.00010000000000000018,0.0003553719008264375
next_reward,2,e7_probability_forecasts:2:10,bayes,0.0005074380165289353,0.00020000000000000036,0.00030743801652893484
next_reward,2,e7_probability_forecasts:2:10,counts,0.003630165289256186,0.0002499999999999996,0.0033801652892561864
next_reward,2,e7_probability_forecasts:2:10,means,0.00011198347107438465,5.000000000000009e-05,6.198347107438457e-05
next_reward,2,e7_probability_forecasts:2:11,bayes,0.0035222222222222,0.0,0.0035222222222222
next_reward,2,e7_probability_forecasts:2:11,counts,0.009805555555555519,0.00024999999999999935,0.009555555555555519
next_reward,2,e7_probability_forecasts:2:11,means,0.004355555555555531,0.0,0.004355555555555531
next_reward,2,e7_probability_forecasts:2:12,bayes,0.0007683673469387777,0.0002499999999999991,0.0005183673469387785
next_reward,2,e7_probability_forecasts:2:12,counts,0.002182653061224471,0.0002499999999999999,0.0019326530612244711
next_reward,2,e7_probability_forecasts:2:12,means,0.001282653061224507,5.0000000000005085e-05,0.001232653061224502
next_reward,2,e7_probability_forecasts:2:13,bayes,0.0013612244897959248,9.999999999999991e-05,0.001261224489795925
next_reward,2,e7_probability_forecasts:2:13,counts,0.007675510204081534,0.0,0.007675510204081534
next_reward,2,e7_probability_forecasts:2:13,means,0.0020826530612244876,4.9999999999999535e-05,0.0020326530612244883
next_reward,2,e7_probability_forecasts:2:14,bayes,0.0006750566893424043,9.999999999999963e-05,0.0005750566893424046
next_reward,2,e7_probability_forecasts:2:14,counts,0.0008583900226757299,5.000000000000009e-05,0.0008083900226757298
next_reward,2,e7_probability_forecasts:2:14,means,0.0008583900226757278,0.0002499999999999893,0.0006083900226757385
next_reward,2,e7_probability_forecasts:2:15,bayes,0.002577777777777766,0.0,0.002577777777777766
next_reward,2,e7_probability_forecasts:2:15,counts,0.003711111111111098,0.00020000000000000036,0.003511111111111098
next_reward,2,e7_probability_forecasts:2:15,means,0.003777777777777806,0.0,0.003777777777777806
next_reward,2,e7_probability_forecasts:2:16,bayes,0.002629591836734723,5.000000000000009e-05,0.002579591836734723
next_reward,2,e7_probability_forecasts:2:16,counts,0.004608163265306173,0.0,0.004608163265306173
next_reward,2,e7_probability_forecasts:2:16,means,0.00472244897959187,0.0,0.00472244897959187
next_reward,2,e7_probability_forecasts:2:17,bayes,0.0029246097337006192,0.00019999999999999036,0.0027246097337006287
next_reward,2,e7_probability_forecasts:2:17,counts,0.0008049127640036593,5.000000000000009e-05,0.0007549127640036591
next_reward,2,e7_probability_forecasts:2:17,means,0.005467033976124843,0.0,0.005467033976124843
next_reward,2,e7_probability_forecasts:2:18,bayes,0.0021961451247165423,0.0,0.0021961451247165423
next_reward,2,e7_probability_forecasts:2:18,counts,0.0017104308390022466,0.00010000000000000018,0.0016104308390022463
next_reward,2,e7_probability_forecasts:2:18,means,0.0027199546485260624,9.999999999999991e-05,0.0026199546485260626
next_reward,2,e7_probability_forecasts:2:19,bayes,0.0015794784580498654,5.000000000000009e-05,0.0015294784580498655
next_reward,2,e7_probability_forecasts:2:19,counts,0.00011281179138322462,5.000000000000009e-05,6.281179138322454e-05
next_reward,2,e7_probability_forecasts:2:19,means,0.0020056689342403365,0.0,0.0020056689342403365
next_reward,2,e7_probability_forecasts:2:2,bayes,0.00042743764172335677,9.999999999999518e-05,0.0003274376417233615
next_reward,2,e7_probability_forecasts:2:2,counts,0.0007536281179138361,5.000000000000009e-05,0.000703628117913836
next_reward,2,e7_probability_forecasts:2:2,means,0.00016077097505668702,9.999999999999504e-05,6.077097505669199e-05
next_reward,2,e7_probability_forecasts:2:20,bayes,0.0025000000000000404,0.00010000000000001017,0.0024000000000000306
next_reward,2,e7_probability_forecasts:2:20,counts,0.0003500000000000006,5.000000000000009e-05,0.00030000000000000057
next_reward,2,e7_probability_forecasts:2:20,means,0.002850000000000061,5.0000000000005085e-05,0.002800000000000056
next_reward,2,e7_probability_forecasts:2:21,bayes,0.0015948979591836917,5.0000000000005085e-05,0.0015448979591836868
next_reward,2,e7_probability_forecasts:2:21,counts,0.0008306122448979573,0.00010000000000000018,0.000730612244897957
next_reward,2,e7_probability_forecasts:2:21,means,0.002630612244898003,0.00010000000000000018,0.0025306122448980027
next_reward,2,e7_probability_forecasts:2:22,bayes,0.0015500000000000004,4.999999999999981e-05,0.0015000000000000005
next_reward,2,e7_probability_forecasts:2:22,counts,0.0005500000000000002,0.0002499999999999999,0.00030000000000000024
next_reward,2,e7_probability_forecasts:2:22,means,0.0025000000000000404,0.0,0.0025000000000000404
next_reward,2,e7_probability_forecasts:2:23,bayes,0.0017112244897959255,4.999999999999981e-05,0.0016612244897959258
next_reward,2,e7_probability_forecasts:2:23,counts,0.006925510204081538,5.000000000000009e-05,0.006875510204081539
next_reward,2,e7_probability_forecasts:2:23,means,0.0020826530612244876,4.9999999999999535e-05,0.0020326530612244883
next_reward,2,e7_probability_forecasts:2:24,bayes,0.0009944444444444473,4.9999999999999535e-05,0.0009444444444444478
next_reward,2,e7_probability_forecasts:2:24,counts,0.0002611111111111076,5.0000000000000646e-05,0.0002111111111111069
next_reward,2,e7_probability_forecasts:2:24,means,0.0012611111111111059,4.999999999999509e-05,0.0012111111111111107
next_reward,2,e7_probability_forecasts:2:25,bayes,0.0037777777777777675,0.0,0.0037777777777777675
next_reward,2,e7_probability_forecasts:2:25,counts,0.008227777777777737,0.0002500000000000104,0.007977777777777726
next_reward,2,e7_probability_forecasts:2:25,means,0.004294444444444433,5.000000000000009e-05,0.004244444444444433
next_reward,2,e7_probability_forecasts:2:26,bayes,0.0004118401079440067,0.0,0.0004118401079440067
next_reward,2,e7_probability_forecasts:2:26,counts,0.0004118401079440067,0.0,0.0004118401079440067
next_reward,2,e7_probability_forecasts:2:26,means,0.0004118401079440067,0.0,0.0004118401079440067
next_reward,2,e7_probability_forecasts:2:27,bayes,0.0003702947845804942,9.999999999999991e-05,0.00027029478458049424
next_reward,2,e7_probability_forecasts:2:27,counts,0.00030362811791383317,9.999999999999991e-05,0.0002036281179138333
next_reward,2,e7_probability_forecasts:2:27,means,0.00023696145124716363,9.999999999999963e-05,0.00013696145124716402
next_reward,2,e7_probability_forecasts:2:28,bayes,0.0019010204081632966,0.00025000000000000044,0.0016510204081632957
next_reward,2,e7_probability_forecasts:2:28,counts,0.003936734693877598,0.00010000000000000005,0.0038367346938775982
next_reward,2,e7_probability_forecasts:2:28,means,0.002322448979591872,0.0,0.002322448979591872
next_reward,2,e7_probability_forecasts:2:29,bayes,0.004455555555555496,0.0001000000000000049,0.004355555555555491
next_reward,2,e7_probability_forecasts:2:29,counts,0.00685555555555551,0.0004999999999999988,0.00635555555555551
next_reward,2,e7_probability_forecasts:2:29,means,0.0068722222222222015,5.000000000000494e-05,0.0068222222222221966
next_reward,2,e7_probability_forecasts:2:3,bayes,0.00042777777777777785,5.000000000000009e-05,0.00037777777777777777
next_reward,2,e7_probability_forecasts:2:3,counts,0.000727777777777773,0.00045,0.00027777777777777306
next_reward,2,e7_probability_forecasts:2:3,means,0.00214444444444447,0.0,0.00214444444444447
next_reward,2,e7_probability_forecasts:2:30,bayes,0.0020791195817170018,0.00010000000000000018,0.0019791195817170015
next_reward,2,e7_probability_forecasts:2:30,counts,0.004323924776522208,4.9999999999999955e-05,0.004273924776522209
next_reward,2,e7_probability_forecasts:2:30,means,0.0025005481531455774,5.000000000000009e-05,0.0024505481531455773
next_reward,2,e7_probability_forecasts:2:31,bayes,0.0012316345270891069,5.000000000000009e-05,0.001181634527089107
next_reward,2,e7_probability_forecasts:2:31,counts,0.0009407254361800011,5.000000000000009e-05,0.0008907254361800011
next_reward,2,e7_probability_forecasts:2:31,means,0.0012149678604224366,0.00010000000000000018,0.0011149678604224366
next_reward,2,e7_probability_forecasts:2:32,bayes,0.004893204775022956,0.00010000000000000503,0.004793204775022951
next_reward,2,e7_probability_forecasts:2:32,counts,0.001378053259871424,0.0004000000000000007,0.0009780532598714234
next_reward,2,e7_probability_forecasts:2:32,means,0.004082598714416851,4.9999999999999955e-05,0.00403259871441685
next_reward,2,e7_probability_forecasts:2:33,bayes,0.002952892561983453,9.999999999999991e-05,0.002852892561983453
next_reward,2,e7_probability_forecasts:2:33,counts,0.0013210743801652764,5.000000000000009e-05,0.0012710743801652763
next_reward,2,e7_probability_forecasts:2:33,means,0.005984710743801677,5.000000000000009e-05,0.005934710743801677
next_reward,2,e7_probability_forecasts:2:34,bayes,0.0017671276775172737,0.00010000000000000018,0.0016671276775172736
next_reward,2,e7_probability_forecasts:2:34,counts,0.00027102378141340296,0.0,0.00027102378141340296
next_reward,2,e7_probability_forecasts:2:34,means,0.0016034913138809042,0.00010000000000000018,0.0015034913138809042
next_reward,2,e7_probability_forecasts:2:35,bayes,0.00467777777777776,0.00010000000000000503,0.004577777777777755
next_reward,2,e7_probability_forecasts:2:35,counts,0.001044444444444436,0.0001999999999999901,0.0008444444444444458
next_reward,2,e7_probability_forecasts:2:35,means,0.006977777777777843,0.0,0.006977777777777843
next_reward,2,e7_probability_forecasts:2:36,bayes,0.0016500000000000208,5.0000000000005085e-05,0.001600000000000016
next_reward,2,e7_probability_forecasts:2:36,counts,0.0004500000000000008,5.000000000000009e-05,0.0004000000000000007
next_reward,2,e7_probability_forecasts:2:36,means,0.0025000000000000404,0.0,0.0025000000000000404
next_reward,2,e7_probability_forecasts:2:37,bayes,0.005316562658121013,0.00010000000000000018,0.005216562658121013
next_reward,2,e7_probability_forecasts:2:37,counts,0.00596721200877036,0.0004000000000000002,0.005567212008770359
next_reward,2,e7_probability_forecasts:2:37,means,0.007025004216562561,5.000000000000009e-05,0.006975004216562561
next_reward,2,e7_probability_forecasts:2:38,bayes,0.00526111111111109,5.0000000000005085e-05,0.005211111111111085
next_reward,2,e7_probability_forecasts:2:38,counts,0.0007611111111111057,4.9999999999994954e-05,0.0007111111111111108
next_reward,2,e7_probability_forecasts:2:38,means,0.00561111111111111,0.0,0.00561111111111111
next_reward,2,e7_probability_forecasts:2:39,bayes,0.003122448979591872,0.0,0.003122448979591872
next_reward,2,e7_probability_forecasts:2:39,counts,0.004286734693877599,4.9999999999999955e-05,0.004236734693877599
next_reward,2,e7_probability_forecasts:2:39,means,0.0038224489795919124,0.0,0.0038224489795919124
next_reward,2,e7_probability_forecasts:2:4,bayes,0.00467777777777776,0.00010000000000000503,0.004577777777777755
next_reward,2,e7_probability_forecasts:2:4,counts,0.0009444444444444289,0.0,0.0009444444444444289
next_reward,2,e7_probability_forecasts:2:4,means,0.007427777777777849,5.000000000000009e-05,0.0073777777777778485
next_reward,2,e7_probability_forecasts:2:40,bayes,0.007022314049586728,0.0,0.007022314049586728
next_reward,2,e7_probability_forecasts:2:40,counts,0.005922314049586689,0.00020000000000000036,0.005722314049586688
next_reward,2,e7_probability_forecasts:2:40,means,0.007808677685950359,5.000000000000009e-05,0.007758677685950359
next_reward,2,e7_probability_forecasts:2:41,bayes,0.0015948979591836917,5.0000000000005085e-05,0.0015448979591836868
next_reward,2,e7_probability_forecasts:2:41,counts,0.0008306122448979573,0.00010000000000000018,0.000730612244897957
next_reward,2,e7_probability_forecasts:2:41,means,0.0021663265306122604,0.00025000000000000434,0.0019163265306122563
next_reward,2,e7_probability_forecasts:2:42,bayes,0.0028183673469387737,0.00010000000000000517,0.0027183673469387687
next_reward,2,e7_probability_forecasts:2:42,counts,0.0005112244897959234,4.9999999999999535e-05,0.00046122448979592397
next_reward,2,e7_probability_forecasts:2:42,means,0.0032112244897959143,5.0000000000005085e-05,0.0031612244897959094
next_reward,2,e7_probability_forecasts:2:43,bayes,0.00016611570247934714,9.999999999999991e-05,6.611570247934726e-05
next_reward,2,e7_probability_forecasts:2:43,counts,2.066115702479744e-05,0.0,2.066115702479744e-05
next_reward,2,e7_probability_forecasts:2:43,means,7.975206611569781e-05,5.000000000000009e-05,2.9752066115697717e-05
next_reward,2,e7_probability_forecasts:2:44,bayes,0.0025944444444444366,5.000000000000009e-05,0.0025444444444444364
next_reward,2,e7_probability_forecasts:2:44,counts,0.013594444444444385,0.00025000000000000516,0.013344444444444378
next_reward,2,e7_probability_forecasts:2:44,means,0.0030111111111111024,0.00010000000000000018,0.002911111111111102
next_reward,2,e7_probability_forecasts:2:45,bayes,0.0025444444444444477,0.0,0.0025444444444444477
next_reward,2,e7_probability_forecasts:2:45,counts,0.006511111111111027,0.00020000000000000036,0.006311111111111027
next_reward,2,e7_probability_forecasts:2:45,means,0.0016111111111111118,0.0,0.0016111111111111118
next_reward,2,e7_probability_forecasts:2:46,bayes,0.0036500000000000035,4.9999999999999535e-05,0.0036000000000000042
next_reward,2,e7_probability_forecasts:2:46,counts,0.007499999999999914,0.00010000000000000018,0.007399999999999914
next_reward,2,e7_probability_forecasts:2:46,means,0.0036500000000000035,4.9999999999999535e-05,0.0036000000000000042
next_reward,2,e7_probability_forecasts:2:47,bayes,0.0007448979591836722,0.0,0.0007448979591836722
next_reward,2,e7_probability_forecasts:2:47,counts,0.013794897959183674,0.00045,0.013344897959183673
next_reward,2,e7_probability_forecasts:2:47,means,0.001244897959183673,0.0,0.001244897959183673
next_reward,2,e7_probability_forecasts:2:48,bayes,0.0012877551020408357,0.00010000000000000463,0.0011877551020408313
next_reward,2,e7_probability_forecasts:2:48,counts,0.0009377551020408154,4.9999999999999535e-05,0.0008877551020408158
next_reward,2,e7_probability_forecasts:2:48,means,0.0016663265306122808,4.999999999999509e-05,0.0016163265306122858
next_reward,2,e7_probability_forecasts:2:49,bayes,0.00020555555555555873,4.999999999999981e-05,0.00015555555555555892
next_reward,2,e7_probability_forecasts:2:49,counts,0.00045555555555556326,0.00010000000000000018,0.00035555555555556305
next_reward,2,e7_probability_forecasts:2:49,means,0.00022222222222222397,0.0,0.00022222222222222397
next_reward,2,e7_probability_forecasts:2:5,bayes,0.0016755102040816134,0.00019999999999999982,0.0014755102040816133
next_reward,2,e7_probability_forecasts:2:5,counts,0.0005112244897959234,4.9999999999999535e-05,0.00046122448979592397
next_reward,2,e7_probability_forecasts:2:5,means,0.00366122448979592,0.00020000000000001034,0.0034612244897959093
next_reward,2,e7_probability_forecasts:2:50,bayes,0.0050264172335600646,5.000000000000009e-05,0.004976417233560064
next_reward,2,e7_probability_forecasts:2:50,counts,0.011590702947845895,0.00020000000000000036,0.011390702947845895
next_reward,2,e7_probability_forecasts:2:50,means,0.005959750566893397,5.000000000000009e-05,0.005909750566893396
next_reward,2,e7_probability_forecasts:2:51,bayes,0.0018,0.0,0.0018
next_reward,2,e7_probability_forecasts:2:51,counts,0.001050000000000001,4.999999999999981e-05,0.0010000000000000013
next_reward,2,e7_probability_forecasts:2:51,means,0.0018,0.0,0.0018
next_reward,2,e7_probability_forecasts:2:52,bayes,0.0020652892561983357,0.00020000000000000036,0.0018652892561983351
next_reward,2,e7_probability_forecasts:2:52,counts,0.002183471074380145,0.0001999999999999898,0.0019834710743801554
next_reward,2,e7_probability_forecasts:2:52,means,0.004919834710743781,9.999999999999963e-05,0.004819834710743783
next_reward,2,e7_probability_forecasts:2:53,bayes,0.0014165289256198267,0.0,0.0014165289256198267
next_reward,2,e7_probability_forecasts:2:53,counts,0.009389256198347056,0.00010000000000000517,0.009289256198347048
next_reward,2,e7_probability_forecasts:2:53,means,0.0019392561983471025,5.000000000000009e-05,0.0018892561983471024
next_reward,2,e7_probability_forecasts:2:54,bayes,0.001750000000000021,0.0002500000000000054,0.0015000000000000159
next_reward,2,e7_probability_forecasts:2:54,counts,0.009450000000000047,4.999999999999509e-05,0.00940000000000005
next_reward,2,e7_probability_forecasts:2:54,means,0.002250000000000042,5.000000000000009e-05,0.0022000000000000418
next_reward,2,e7_probability_forecasts:2:55,bayes,0.004911111111111069,0.0,0.004911111111111069
next_reward,2,e7_probability_forecasts:2:55,counts,0.001511111111111089,0.0,0.001511111111111089
next_reward,2,e7_probability_forecasts:2:55,means,0.006294444444444477,5.000000000000494e-05,0.006244444444444472
next_reward,2,e7_probability_forecasts:2:56,bayes,0.000406122448979582,9.999999999999963e-05,0.0003061224489795824
next_reward,2,e7_probability_forecasts:2:56,counts,0.001756122448979571,5.000000000000009e-05,0.0017061224489795708
next_reward,2,e7_probability_forecasts:2:56,means,9.8979591836727e-05,4.999999999999509e-05,4.8979591836731905e-05
next_reward,2,e7_probability_forecasts:2:57,bayes,0.0002611111111111079,5.000000000000009e-05,0.00021111111111110783
next_reward,2,e7_probability_forecasts:2:57,counts,0.00012777777777777738,4.999999999999981e-05,7.777777777777758e-05
next_reward,2,e7_probability_forecasts:2:57,means,0.0016277777777778178,4.999999999999981e-05,0.001577777777777818
next_reward,2,e7_probability_forecasts:2:58,bayes,0.0014111111111111312,0.00010000000000000018,0.0013111111111111314
next_reward,2,e7_probability_forecasts:2:58,counts,0.00029444444444443925,0.00025000000000000044,4.444444444443882e-05
next_reward,2,e7_probability_forecasts:2:58,means,0.0016277777777778195,5.000000000000009e-05,0.0015777777777778194
next_reward,2,e7_probability_forecasts:2:59,bayes,0.0024683673469387537,5.000000000000009e-05,0.0024183673469387536
next_reward,2,e7_probability_forecasts:2:59,counts,0.0002683673469387783,5.000000000000009e-05,0.0002183673469387782
next_reward,2,e7_probability_forecasts:2:59,means,0.0035612244897959347,0.0,0.0035612244897959347
next_reward,2,e7_probability_forecasts:2:6,bayes,0.002228993084837221,0.0,0.002228993084837221
next_reward,2,e7_probability_forecasts:2:6,counts,0.002260811266655436,4.9999999999999535e-05,0.002210811266655437
next_reward,2,e7_probability_forecasts:2:6,means,0.0021153567212008556,5.000000000000009e-05,0.0020653567212008555
next_reward,2,e7_probability_forecasts:2:60,bayes,0.0019651927437641676,5.000000000000009e-05,0.0019151927437641675
next_reward,2,e7_probability_forecasts:2:60,counts,0.005510430839002234,0.00010000000000000005,0.005410430839002233
next_reward,2,e7_probability_forecasts:2:60,means,0.0019009070294784415,0.00010000000000000018,0.0018009070294784412
next_reward,2,e7_probability_forecasts:2:61,bayes,0.002250000000000041,0.00025000000000001486,0.002000000000000026
next_reward,2,e7_probability_forecasts:2:61,counts,0.0008000000000000014,0.0,0.0008000000000000014
next_reward,2,e7_probability_forecasts:2:61,means,0.0033000000000000663,0.00010000000000000517,0.0032000000000000613
next_reward,2,e7_probability_forecasts:2:62,bayes,0.002491988530949581,0.0002000000000000001,0.0022919885309495803
next_reward,2,e7_probability_forecasts:2:62,counts,0.003436793725754797,0.00025000000000000017,0.0031867937257547964
next_reward,2,e7_probability_forecasts:2:62,means,0.0035497807387417845,5.000000000000009e-05,0.0034997807387417844
next_reward,2,e7_probability_forecasts:2:63,bayes,0.002872448979591872,4.999999999999981e-05,0.002822448979591872
next_reward,2,e7_probability_forecasts:2:63,counts,0.0036153061224490227,0.00025000000000000017,0.0033653061224490225
next_reward,2,e7_probability_forecasts:2:63,means,0.0029795918367347615,0.0,0.0029795918367347615
next_reward,2,e7_probability_forecasts:2:64,bayes,0.00044444444444444316,0.0,0.00044444444444444316
next_reward,2,e7_probability_forecasts:2:64,counts,0.0003444444444444472,0.00010000000000000018,0.00024444444444444703
next_reward,2,e7_probability_forecasts:2:64,means,0.0009444444444444424,0.0,0.0009444444444444424
next_reward,2,e7_probability_forecasts:2:65,bayes,0.004603287981859353,4.9999999999999955e-05,0.004553287981859353
next_reward,2,e7_probability_forecasts:2:65,counts,0.0008485260770974955,0.00019999999999999868,0.0006485260770974969
next_reward,2,e7_probability_forecasts:2:65,means,0.00665566893424033,5.000000000000494e-05,0.006605668934240325
next_reward,2,e7_probability_forecasts:2:66,bayes,0.001819387755102074,5.000000000000009e-05,0.0017693877551020736
next_reward,2,e7_probability_forecasts:2:66,counts,0.005476530612244934,5.000000000000009e-05,0.005426530612244933
next_reward,2,e7_probability_forecasts:2:66,means,0.001833673469387783,5.000000000000009e-05,0.0017836734693877827
next_reward,2,e7_probability_forecasts:2:67,bayes,0.0020706611570247935,4.9999999999999535e-05,0.002020661157024794
next_reward,2,e7_probability_forecasts:2:67,counts,0.008311570247933792,0.0,0.008311570247933792
next_reward,2,e7_probability_forecasts:2:67,means,0.0021661157024793387,9.999999999999963e-05,0.0020661157024793393
next_reward,2,e7_probability_forecasts:2:68,bayes,0.0017444444444444352,0.0,0.0017444444444444352
next_reward,2,e7_probability_forecasts:2:68,counts,0.01587777777777776,0.0,0.01587777777777776
next_reward,2,e7_probability_forecasts:2:68,means,0.003077777777777767,0.0,0.003077777777777767
next_reward,2,e7_probability_forecasts:2:69,bayes,0.0030510204081633163,0.00010000000000000517,0.0029510204081633113
next_reward,2,e7_probability_forecasts:2:69,counts,0.004136734693877598,0.00010000000000000005,0.004036734693877599
next_reward,2,e7_probability_forecasts:2:69,means,0.0035010204081633222,0.0002500000000000104,0.0032510204081633116
next_reward,2,e7_probability_forecasts:2:7,bayes,0.0009111111111111125,0.0,0.0009111111111111125
next_reward,2,e7_probability_forecasts:2:7,counts,0.0005611111111111081,5.0000000000000646e-05,0.0005111111111111075
next_reward,2,e7_probability_forecasts:2:7,means,0.001777777777777823,0.0,0.001777777777777823
next_reward,2,e7_probability_forecasts:2:70,bayes,6.111111111111264e-05,5.000000000000009e-05,1.111111111111255e-05
next_reward,2,e7_probability_forecasts:2:70,counts,0.00021111111111110745,0.00010000000000000074,0.00011111111111110671
next_reward,2,e7_probability_forecasts:2:70,means,0.0006444444444444296,0.0,0.0006444444444444296
next_reward,2,e7_probability_forecasts:2:71,bayes,0.0026611111111111,5.000000000000009e-05,0.0026111111111110996
next_reward,2,e7_probability_forecasts:2:71,counts,0.006277777777777761,0.0,0.006277777777777761
next_reward,2,e7_probability_forecasts:2:71,means,0.003777777777777806,0.0,0.003777777777777806
next_reward,2,e7_probability_forecasts:2:72,bayes,0.002988210490807954,0.00010000000000000018,0.0028882104908079537
next_reward,2,e7_probability_forecasts:2:72,counts,0.004211587114184585,0.0002000000000000001,0.004011587114184584
next_reward,2,e7_probability_forecasts:2:72,means,0.003068729971327434,0.0,0.003068729971327434
next_reward,2,e7_probability_forecasts:2:73,bayes,0.0022795918367347224,0.0,0.0022795918367347224
next_reward,2,e7_probability_forecasts:2:73,counts,0.011986734693877506,4.9999999999999955e-05,0.011936734693877508
next_reward,2,e7_probability_forecasts:2:73,means,0.0038224489795918746,0.0,0.0038224489795918746
next_reward,2,e7_probability_forecasts:2:74,bayes,0.00011077097505668265,4.999999999999509e-05,6.077097505668756e-05
next_reward,2,e7_probability_forecasts:2:74,counts,0.00022029478458049668,5.000000000000009e-05,0.0001702947845804966
next_reward,2,e7_probability_forecasts:2:74,means,0.0004798185941042966,0.00039999999999998847,7.981859410430804e-05
next_reward,2,e7_probability_forecasts:2:75,bayes,0.0027010204081632963,5.000000000000009e-05,0.002651020408163296
next_reward,2,e7_probability_forecasts:2:75,counts,0.0035153061224490233,5.000000000000009e-05,0.0034653061224490236
next_reward,2,e7_probability_forecasts:2:75,means,0.004865306122449064,0.0,0.004865306122449064
next_reward,2,e7_probability_forecasts:2:76,bayes,0.0019448979591836744,0.0,0.0019448979591836744
next_reward,2,e7_probability_forecasts:2:76,counts,0.009394897959183628,5.0000000000005085e-05,0.009344897959183621
next_reward,2,e7_probability_forecasts:2:76,means,0.001830612244897959,0.00010000000000000018,0.0017306122448979588
next_reward,2,e7_probability_forecasts:2:77,bayes,0.00010991735537189682,0.00010000000000000018,9.91735537189664e-06
next_reward,2,e7_probability_forecasts:2:77,counts,0.00027355371900827545,9.999999999999963e-05,0.00017355371900827586
next_reward,2,e7_probability_forecasts:2:77,means,0.0003280991735537071,9.999999999999963e-05,0.00022809917355370748
next_reward,2,e7_probability_forecasts:2:78,bayes,0.0013000000000000203,0.00010000000000000517,0.0012000000000000153
next_reward,2,e7_probability_forecasts:2:78,counts,0.00015000000000000029,5.000000000000009e-05,0.00010000000000000018
next_reward,2,e7_probability_forecasts:2:78,means,0.0017000000000000409,0.0,0.0017000000000000409
next_reward,2,e7_probability_forecasts:2:79,bayes,0.002838321995464842,0.00010000000000000005,0.002738321995464842
next_reward,2,e7_probability_forecasts:2:79,counts,0.011019274376417277,0.0005000000000000155,0.01051927437641726
next_reward,2,e7_probability_forecasts:2:79,means,0.0038978458049886487,5.000000000000009e-05,0.0038478458049886486
next_reward,2,e7_probability_forecasts:2:8,bayes,0.0036653061224489665,0.0,0.0036653061224489665
next_reward,2,e7_probability_forecasts:2:8,counts,0.026436734693877625,0.00020000000000000036,0.026236734693877627
next_reward,2,e7_probability_forecasts:2:8,means,0.005158163265306109,5.000000000000009e-05,0.0051081632653061084
next_reward,2,e7_probability_forecasts:2:80,bayes,0.002250000000000004,5.000000000000009e-05,0.002200000000000004
next_reward,2,e7_probability_forecasts:2:80,counts,0.017249999999999915,5.000000000000009e-05,0.017199999999999917
next_reward,2,e7_probability_forecasts:2:80,means,0.001650000000000003,5.000000000000009e-05,0.001600000000000003
next_reward,2,e7_probability_forecasts:2:81,bayes,0.0037454086317722526,5.000000000000009e-05,0.0036954086317722524
next_reward,2,e7_probability_forecasts:2:81,counts,0.007993893480257096,4.9999999999999955e-05,0.007943893480257095
next_reward,2,e7_probability_forecasts:2:81,means,0.0042408631772267984,0.00010000000000000018,0.004140863177226798
next_reward,2,e7_probability_forecasts:2:82,bayes,0.0011710743801653003,9.999999999999963e-05,0.0010710743801653007
next_reward,2,e7_probability_forecasts:2:82,counts,0.0004528925619834757,0.0,0.0004528925619834757
next_reward,2,e7_probability_forecasts:2:82,means,0.0015483471074380453,5.0000000000005085e-05,0.0014983471074380404
next_reward,2,e7_probability_forecasts:2:83,bayes,0.003472448979591874,5.000000000000009e-05,0.0034224489795918736
next_reward,2,e7_probability_forecasts:2:83,counts,0.00953673469387752,0.00010000000000000005,0.00943673469387752
next_reward,2,e7_probability_forecasts:2:83,means,0.00399387755102045,0.00010000000000000018,0.0038938775510204493
next_reward,2,e7_probability_forecasts:2:84,bayes,0.001430578512396674,9.999999999999991e-05,0.001330578512396674
next_reward,2,e7_probability_forecasts:2:84,counts,0.0001214876033057745,0.00010000000000000018,2.1487603305774322e-05
next_reward,2,e7_probability_forecasts:2:84,means,0.00278512396694212,0.00020000000000000036,0.00258512396694212
next_reward,2,e7_probability_forecasts:2:85,bayes,0.00010204081632652482,0.00019999999999998925,-9.795918367346443e-05
next_reward,2,e7_probability_forecasts:2:85,counts,8.77551020408155e-05,9.999999999999963e-05,-1.2244897959184125e-05
next_reward,2,e7_probability_forecasts:2:85,means,0.00026632653061224034,0.0002499999999999952,1.632653061224513e-05
next_reward,2,e7_probability_forecasts:2:86,bayes,0.004343877551020398,5.000000000000009e-05,0.0042938775510203975
next_reward,2,e7_probability_forecasts:2:86,counts,0.021915306122449008,0.00025000000000000044,0.02166530612244901
next_reward,2,e7_probability_forecasts:2:86,means,0.004965306122448966,0.00019999999999999925,0.004765306122448966
next_reward,2,e7_probability_forecasts:2:87,bayes,0.002661111111111099,5.000000000000009e-05,0.0026111111111110988
next_reward,2,e7_probability_forecasts:2:87,counts,0.0002944444444444362,5.000000000000009e-05,0.00024444444444443613
next_reward,2,e7_probability_forecasts:2:87,means,0.0035944444444444305,5.000000000000009e-05,0.00354444444444443
next_reward,2,e7_probability_forecasts:2:88,bayes,0.001550000000000001,5.000000000000009e-05,0.001500000000000001
next_reward,2,e7_probability_forecasts:2:88,counts,0.012499999999999999,0.0,0.012499999999999999
next_reward,2,e7_probability_forecasts:2:88,means,0.0028500000000000417,4.999999999999981e-05,0.002800000000000042
next_reward,2,e7_probability_forecasts:2:89,bayes,0.0011161157024793676,0.0002500000000000096,0.0008661157024793581
next_reward,2,e7_probability_forecasts:2:89,counts,0.0002706611570247979,5.000000000000009e-05,0.0002206611570247978
next_reward,2,e7_probability_forecasts:2:89,means,0.0012752066115702678,0.00010000000000000517,0.0011752066115702628
next_reward,2,e7_probability_forecasts:2:9,bayes,0.00046198347107439055,0.00010000000000000018,0.0003619834710743904
next_reward,2,e7_probability_forecasts:2:9,counts,0.002389256198347094,9.999999999999934e-05,0.0022892561983470948
next_reward,2,e7_probability_forecasts:2:9,means,4.3801652892564315e-05,0.0,4.3801652892564315e-05
next_reward,2,e7_probability_forecasts:2:90,bayes,0.0033058019902175626,0.0,0.0033058019902175626
next_reward,2,e7_probability_forecasts:2:90,counts,0.013729178613594292,0.00020000000000000036,0.013529178613594293
next_reward,2,e7_probability_forecasts:2:90,means,0.0033058019902175626,0.0,0.0033058019902175626
next_reward,2,e7_probability_forecasts:2:91,bayes,0.001517768595041347,5.0000000000005085e-05,0.001467768595041342
next_reward,2,e7_probability_forecasts:2:91,counts,0.0010450413223140557,0.00024999999999999935,0.0007950413223140563
next_reward,2,e7_probability_forecasts:2:91,means,0.0016268595041322724,5.000000000000009e-05,0.0015768595041322723
next_reward,2,e7_probability_forecasts:2:92,bayes,0.0012448979591836713,0.0,0.0012448979591836713
next_reward,2,e7_probability_forecasts:2:92,counts,0.000630612244897957,0.00010000000000000018,0.0005306122448979567
next_reward,2,e7_probability_forecasts:2:92,means,0.000994897959183672,4.999999999999981e-05,0.0009448979591836719
next_reward,2,e7_probability_forecasts:2:93,bayes,0.00633595041322306,5.000000000000009e-05,0.006285950413223058
next_reward,2,e7_probability_forecasts:2:93,counts,0.012835950413222965,5.000000000000009e-05,0.012785950413222965
next_reward,2,e7_probability_forecasts:2:93,means,0.006672314049586689,5.000000000000009e-05,0.00662231404958669
next_reward,2,e7_probability_forecasts:2:94,bayes,0.0036318594104308073,4.9999999999999955e-05,0.0035818594104308076
next_reward,2,e7_probability_forecasts:2:94,counts,0.0017366213151927207,0.00024999999999999534,0.0014866213151927257
next_reward,2,e7_probability_forecasts:2:94,means,0.0054104308390022894,0.0,0.0054104308390022894
next_reward,2,e7_probability_forecasts:2:95,bayes,0.002425510204081633,5.0000000000005085e-05,0.0023755102040816283
next_reward,2,e7_probability_forecasts:2:95,counts,0.00040408163265306805,0.00020000000000000036,0.00020408163265306768
next_reward,2,e7_probability_forecasts:2:95,means,0.0032112244897959143,5.0000000000005085e-05,0.0031612244897959094
next_reward,2,e7_probability_forecasts:2:96,bayes,0.001798760330578523,5.000000000000009e-05,0.001748760330578523
next_reward,2,e7_probability_forecasts:2:96,counts,0.0003169421487603357,5.000000000000009e-05,0.0002669421487603357
next_reward,2,e7_probability_forecasts:2:96,means,0.0031169421487603328,4.999999999999981e-05,0.003066942148760333
next_reward,2,e7_probability_forecasts:2:97,bayes,0.0014337006427915656,0.0,0.0014337006427915656
next_reward,2,e7_probability_forecasts:2:97,counts,0.00014733700642792174,5.000000000000009e-05,9.733700642792166e-05
next_reward,2,e7_probability_forecasts:2:97,means,0.0033079430670339446,4.999999999999981e-05,0.003257943067033945
next_reward,2,e7_probability_forecasts:2:98,bayes,0.0025199546485260476,0.0,0.0025199546485260476
next_reward,2,e7_probability_forecasts:2:98,counts,0.0055580498866213066,9.999999999999991e-05,0.005458049886621306
next_reward,2,e7_probability_forecasts:2:98,means,0.003722335600906994,5.000000000000009e-05,0.003672335600906994
next_reward,2,e7_probability_forecasts:2:99,bayes,0.0066723140495867075,5.0000000000005085e-05,0.006622314049586703
next_reward,2,e7_probability_forecasts:2:99,counts,0.006458677685950319,0.00010000000000000018,0.006358677685950319
next_reward,2,e7_probability_forecasts:2:99,means,0.007108677685950318,5.000000000000009e-05,0.007058677685950318
next_reward,3,e7_probability_forecasts:3:0,bayes,0.0013804407713498632,3.333333333333302e-05,0.0013471074380165301
next_reward,3,e7_probability_forecasts:3:0,counts,0.0006440771349862374,0.0,0.0006440771349862374
next_reward,3,e7_probability_forecasts:3:0,means,0.001771349862258969,6.666666666667002e-05,0.0017046831955922989
next_reward,3,e7_probability_forecasts:3:1,bayes,0.0022333333333333224,3.333333333333006e-05,0.0021999999999999923
next_reward,3,e7_probability_forecasts:3:1,counts,0.006685714285714297,0.0003333333333333434,0.006352380952380953
next_reward,3,e7_probability_forecasts:3:1,means,0.0023571428571428376,3.3333333333333396e-05,0.0023238095238095045
next_reward,3,e7_probability_forecasts:3:10,bayes,0.001998527014111417,0.00019999999999999998,0.0017985270141114165
next_reward,3,e7_probability_forecasts:3:10,counts,0.0009647607803451884,0.0002000000000000004,0.0007647607803451878
next_reward,3,e7_probability_forecasts:3:10,means,0.004534024849609279,3.3333333333333396e-05,0.004500691516275946
next_reward,3,e7_probability_forecasts:3:11,bayes,0.0010922252831343752,3.3333333333333206e-05,0.001058891949801042
next_reward,3,e7_probability_forecasts:3:11,counts,0.003217477808386896,3.3333333333333396e-05,0.0031841444750535623
next_reward,3,e7_probability_forecasts:3:11,means,0.0012568717477808298,6.66666666666667e-05,0.0011902050811141629
next_reward,3,e7_probability_forecasts:3:12,bayes,0.0024196523053665775,6.666666666666641e-05,0.0023529856386999117
next_reward,3,e7_probability_forecasts:3:12,counts,0.003964096749810982,3.3333333333333396e-05,0.003930763416477649
next_reward,3,e7_probability_forecasts:3:12,means,0.002381557067271335,6.666666666666346e-05,0.0023148904006046714
next_reward,3,e7_probability_forecasts:3:13,bayes,0.001544217687074829,6.666666666666327e-05,0.001477551020408166
next_reward,3,e7_probability_forecasts:3:13,counts,0.00038231292517006723,6.666666666666679e-05,0.0003156462585034005
next_reward,3,e7_probability_forecasts:3:13,means,0.0019775510204081597,3.333333333333006e-05,0.0019442176870748298
next_reward,3,e7_probability_forecasts:3:14,bayes,0.0015185185185185466,6.66666666666666e-05,0.0014518518518518801
next_reward,3,e7_probability_forecasts:3:14,counts,0.0006629629629629598,9.999999999999999e-05,0.0005629629629629598
next_reward,3,e7_probability_forecasts:3:14,means,0.0022629629629630035,0.00010000000000000351,0.002162962962963
next_reward,3,e7_probability_forecasts:3:15,bayes,0.0014370370370370312,6.666666666666346e-05,0.0013703703703703675
next_reward,3,e7_probability_forecasts:3:15,counts,0.00987037037037036,3.3333333333333396e-05,0.009837037037037026
next_reward,3,e7_probability_forecasts:3:15,means,0.00202592592592592,9.999999999999999e-05,0.0019259259259259201
next_reward,3,e7_probability_forecasts:3:16,bayes,0.0014338842975206623,3.3333333333333396e-05,0.0014005509641873287
next_reward,3,e7_probability_forecasts:3:16,counts,0.004255096418732736,6.66666666666666e-05,0.00418842975206607
next_reward,3,e7_probability_forecasts:3:16,means,0.0017460055096418833,6.666666666667011e-05,0.0016793388429752131
next_reward,3,e7_probability_forecasts:3:17,bayes,0.006710750673088308,0.0001000000000000034,0.006610750673088303
next_reward,3,e7_probability_forecasts:3:17,counts,0.007597186459524146,6.666666666666327e-05,0.007530519792857483
next_reward,3,e7_probability_forecasts:3:17,means,0.00814249670483437,3.3333333333333396e-05,0.008109163371501036
next_reward,3,e7_probability_forecasts:3:18,bayes,0.0027481481481481224,6.66666666666667e-05,0.0026814814814814553
next_reward,3,e7_probability_forecasts:3:18,counts,0.008114814814814802,3.3333333333333206e-05,0.008081481481481467
next_reward,3,e7_probability_forecasts:3:18,means,0.0031259259259258983,6.66666666666666e-05,0.003059259259259232
next_reward,3,e7_probability_forecasts:3:19,bayes,0.0010822467095194198,3.3333333333333396e-05,0.0010489133761860865
next_reward,3,e7_probability_forecasts:3:19,counts,0.0002731558004285309,0.0,0.0002731558004285309
next_reward,3,e7_probability_forecasts:3:19,means,0.0011610345883072942,3.3333333333333396e-05,0.0011277012549739606
next_reward,3,e7_probability_forecasts:3:2,bayes,0.0018724517906336137,3.333333333333302e-05,0.0018391184573002806
next_reward,3,e7_probability_forecasts:3:2,counts,0.0009057851239669549,0.0,0.0009057851239669549
next_reward,3,e7_probability_forecasts:3:2,means,0.0028906336088154513,0.00016666666666667398,0.0027239669421487774
next_reward,3,e7_probability_forecasts:3:20,bayes,0.0010455782312925191,3.3333333333333396e-05,0.0010122448979591858
next_reward,3,e7_probability_forecasts:3:20,counts,0.00995034013605441,3.3333333333333396e-05,0.009917006802721076
next_reward,3,e7_probability_forecasts:3:20,means,0.0010503401360544228,6.666666666666641e-05,0.0009836734693877563
next_reward,3,e7_probability_forecasts:3:21,bayes,0.0015863945578231484,0.0,0.0015863945578231484
next_reward,3,e7_probability_forecasts:3:21,counts,0.01156258503401363,0.00016666666666666696,0.011395918367346963
next_reward,3,e7_probability_forecasts:3:21,means,0.0016340136054421982,6.666666666666679e-05,0.0015673469387755313
next_reward,3,e7_probability_forecasts:3:22,bayes,0.0009592592592592582,3.333333333333006e-05,0.0009259259259259281
next_reward,3,e7_probability_forecasts:3:22,counts,0.0009592592592592595,3.333333333333302e-05,0.0009259259259259264
next_reward,3,e7_probability_forecasts:3:22,means,0.0007370370370370355,9.999999999999658e-05,0.0006370370370370387
next_reward,3,e7_probability_forecasts:3:23,bayes,0.001914876033057851,3.3333333333333396e-05,0.0018815426997245176
next_reward,3,e7_probability_forecasts:3:23,counts,0.0059057851239668795,0.00013333333333333358,0.005772451790633546
next_reward,3,e7_probability_forecasts:3:23,means,0.0017330578512396704,3.33333333333333e-05,0.001699724517906337
next_reward,3,e7_probability_forecasts:3:24,bayes,0.0036873784224433956,6.666666666666679e-05,0.0036207117557767294
next_reward,3,e7_probability_forecasts:3:24,counts,0.007455343790408769,0.0006666666666666804,0.006788677123742089
next_reward,3,e7_probability_forecasts:3:24,means,0.0038077247427897123,0.0,0.0038077247427897123
next_reward,3,e7_probability_forecasts:3:25,bayes,0.0032972114465621497,3.333333333333672e-05,0.003263878113228813
next_reward,3,e7_probability_forecasts:3:25,counts,0.0030664755158261807,0.0,0.0030664755158261807
next_reward,3,e7_probability_forecasts:3:25,means,0.003605436554787256,0.00010000000000000323,0.0035054365547872533
next_reward,3,e7_probability_forecasts:3:26,bayes,0.0008666666666666678,6.66666666666666e-05,0.0008000000000000011
next_reward,3,e7_probability_forecasts:3:26,counts,0.007600000000000002,6.66666666666666e-05,0.007533333333333333
next_reward,3,e7_probability_forecasts:3:26,means,0.0021666666666667078,3.333333333333672e-05,0.002133333333333371
next_reward,3,e7_probability_forecasts:3:27,bayes,0.001193877551020399,3.3333333333333396e-05,0.001160544217687066
next_reward,3,e7_probability_forecasts:3:27,counts,0.0019034013605441994,6.666666666666679e-05,0.0018367346938775325
next_reward,3,e7_probability_forecasts:3:27,means,0.0018224489795918115,3.3333333333333396e-05,0.0017891156462584783
next_reward,3,e7_probability_forecasts:3:28,bayes,0.0056096418732782755,3.3333333333333396e-05,0.005576308539944942
next_reward,3,e7_probability_forecasts:3:28,counts,0.001903581267217606,0.00020000000000000028,0.0017035812672176055
next_reward,3,e7_probability_forecasts:3:28,means,0.010276308539944946,3.3333333333333396e-05,0.010242975206611613
next_reward,3,e7_probability_forecasts:3:29,bayes,0.0010471074380165324,3.3333333333333396e-05,0.0010137741046831992
next_reward,3,e7_probability_forecasts:3:29,counts,0.0005592286501377395,6.666666666666679e-05,0.0004925619834710727
next_reward,3,e7_probability_forecasts:3:29,means,0.001192561983471105,3.3333333333333206e-05,0.001159228650137772
next_reward,3,e7_probability_forecasts:3:3,bayes,0.0040679828588919,0.00016666666666666693,0.0039013161922252324
next_reward,3,e7_probability_forecasts:3:3,counts,0.010108386899295966,3.33333333333333e-05,0.010075053565962631
next_reward,3,e7_probability_forecasts:3:3,means,0.004053841444750482,3.3333333333333396e-05,0.004020508111417149
next_reward,3,e7_probability_forecasts:3:30,bayes,0.0032911564625850253,6.66666666666666e-05,0.0032244897959183582
next_reward,3,e7_probability_forecasts:3:30,counts,0.008253061224489855,0.00013333333333333358,0.00811972789115652
next_reward,3,e7_probability_forecasts:3:30,means,0.005024489795918415,6.666666666666679e-05,0.004957823129251749
next_reward,3,e7_probability_forecasts:3:31,bayes,0.0008666666666666678,6.66666666666666e-05,0.0008000000000000011
next_reward,3,e7_probability_forecasts:3:31,counts,0.008933333333333333,0.0,0.008933333333333333
next_reward,3,e7_probability_forecasts:3:31,means,0.002266666666666695,0.0,0.002266666666666695
next_reward,3,e7_probability_forecasts:3:32,bayes,0.001520385674931117,9.999999999999999e-05,0.001420385674931117
next_reward,3,e7_probability_forecasts:3:32,counts,0.010935537190082728,0.00019999999999999033,0.010735537190082736
next_reward,3,e7_probability_forecasts:3:32,means,0.002677961432506872,3.3333333333333396e-05,0.0026446280991735383
next_reward,3,e7_probability_forecasts:3:33,bayes,0.001883673469387744,0.00016666666666666696,0.0017170068027210772
next_reward,3,e7_probability_forecasts:3:33,counts,0.012978911564625795,0.0001666666666666666,0.012812244897959126
next_reward,3,e7_probability_forecasts:3:33,means,0.0025741496598639317,0.00013333333333333358,0.0024408163265305983
next_reward,3,e7_probability_forecasts:3:34,bayes,0.004757075392140355,3.3333333333333396e-05,0.004723742058807022
next_reward,3,e7_probability_forecasts:3:34,counts,0.014741490976555952,0.00016666666666666688,0.014574824309889286
next_reward,3,e7_probability_forecasts:3:34,means,0.0061795862146511804,0.00010000000000000009,0.00607958621465118
next_reward,3,e7_probability_forecasts:3:35,bayes,0.0019612244897959023,0.00016666666666666292,0.0017945578231292395
next_reward,3,e7_probability_forecasts:3:35,counts,0.005527891156462559,0.00013333333333334022,0.005394557823129219
next_reward,3,e7_probability_forecasts:3:35,means,0.002675510204081617,3.333333333333302e-05,0.0026421768707482842
next_reward,3,e7_probability_forecasts:3:36,bayes,0.00229513439903048,0.0002,0.0020951343990304803
next_reward,3,e7_probability_forecasts:3:36,counts,0.005092825596721694,6.666666666666679e-05,0.005026158930055027
next_reward,3,e7_probability_forecasts:3:36,means,0.003096721700617778,3.3333333333333396e-05,0.003063388367284445
next_reward,3,e7_probability_forecasts:3:37,bayes,0.005386929905111659,9.999999999999999e-05,0.0052869299051116585
next_reward,3,e7_probability_forecasts:3:37,counts,0.007962687480869245,0.000433333333333339,0.0075293541475359065
next_reward,3,e7_probability_forecasts:3:37,means,0.006190970309152055,3.3333333333333396e-05,0.006157636975818723
next_reward,3,e7_probability_forecasts:3:38,bayes,0.003088755832911679,0.0001666666666666666,0.0029220891662450122
next_reward,3,e7_probability_forecasts:3:38,counts,0.006474903019058918,3.3333333333333396e-05,0.006441569685725584
next_reward,3,e7_probability_forecasts:3:38,means,0.004152392196548028,6.666666666667011e-05,0.0040857255298813585
next_reward,3,e7_probability_forecasts:3:39,bayes,0.002628099173553718,6.666666666666679e-05,0.0025614325068870508
next_reward,3,e7_probability_forecasts:3:39,counts,0.0004462809917355334,0.0,0.0004462809917355334
next_reward,3,e7_probability_forecasts:3:39,means,0.005179614325068866,0.0,0.005179614325068866
next_reward,3,e7_probability_forecasts:3:4,bayes,0.0035234159779614703,6.666666666666994e-05,0.0034567493112948005
next_reward,3,e7_probability_forecasts:3:4,counts,0.002435537190082651,3.333333333333663e-05,0.0024022038567493146
next_reward,3,e7_probability_forecasts:3:4,means,0.005487052341597867,6.666666666667011e-05,0.0054203856749311975
next_reward,3,e7_probability_forecasts:3:40,bayes,0.0023197278911564812,6.666666666666641e-05,0.002253061224489815
next_reward,3,e7_probability_forecasts:3:40,counts,0.0031387755102041154,0.0,0.0031387755102041154
next_reward,3,e7_probability_forecasts:3:40,means,0.003662585034013631,6.66666666666667e-05,0.003595918367346964
next_reward,3,e7_probability_forecasts:3:41,bayes,0.0035914906642179113,6.666666666666679e-05,0.0035248239975512446
next_reward,3,e7_probability_forecasts:3:41,counts,0.006069268441995686,3.3333333333333396e-05,0.006035935108662353
next_reward,3,e7_probability_forecasts:3:41,means,0.0052490664217936635,3.3333333333333396e-05,0.00521573308846033
next_reward,3,e7_probability_forecasts:3:42,bayes,0.0013299319727891282,3.333333333333672e-05,0.0012965986394557916
next_reward,3,e7_probability_forecasts:3:42,counts,0.0005585034013605451,3.3333333333333396e-05,0.0005251700680272116
next_reward,3,e7_probability_forecasts:3:42,means,0.0027346938775510477,0.00020000000000000996,0.002534693877551038
next_reward,3,e7_probability_forecasts:3:43,bayes,0.001643461829176112,0.0001666666666666666,0.0014767951625094453
next_reward,3,e7_probability_forecasts:3:43,counts,0.004829176114890378,6.66666666666667e-05,0.004762509448223711
next_reward,3,e7_probability_forecasts:3:43,means,0.001933938019652308,0.00020000000000000668,0.0017339380196523015
next_reward,3,e7_probability_forecasts:3:44,bayes,0.0009408163265306156,3.3333333333333206e-05,0.0009074829931972824
next_reward,3,e7_probability_forecasts:3:44,counts,0.001859863945578217,0.0002666666666666666,0.0015931972789115505
next_reward,3,e7_probability_forecasts:3:44,means,0.0019931972789116012,6.666666666667011e-05,0.0019265306122449317
next_reward,3,e7_probability_forecasts:3:45,bayes,0.001755782312925189,3.333333333333006e-05,0.001722448979591859
next_reward,3,e7_probability_forecasts:3:45,counts,0.002108163265306146,9.999999999999999e-05,0.0020081632653061454
next_reward,3,e7_probability_forecasts:3:45,means,0.0018938775510204293,6.666666666666641e-05,0.0018272108843537629
next_reward,3,e7_probability_forecasts:3:46,bayes,0.0023415977961432663,6.666666666667345e-05,0.002274931129476593
next_reward,3,e7_probability_forecasts:3:46,counts,0.0005446280991735574,3.3333333333333206e-05,0.0005112947658402241
next_reward,3,e7_probability_forecasts:3:46,means,0.0028325068870523524,0.0,0.0028325068870523524
next_reward,3,e7_probability_forecasts:3:47,bayes,0.0032775510204081626,6.666666666666605e-05,0.003210884353741497
next_reward,3,e7_probability_forecasts:3:47,counts,0.006296598639455752,6.666666666667011e-05,0.00622993197278908
next_reward,3,e7_probability_forecasts:3:47,means,0.003858503401360539,6.66666666666666e-05,0.003791836734693873
next_reward,3,e7_probability_forecasts:3:48,bayes,0.0029198347107437794,0.00010000000000000328,0.0028198347107437766
next_reward,3,e7_probability_forecasts:3:48,counts,0.0054319559228650114,0.00020000000000000017,0.005231955922865011
next_reward,3,e7_probability_forecasts:3:48,means,0.0046743801652892455,6.666666666667335e-05,0.004607713498622572
next_reward,3,e7_probability_forecasts:3:49,bayes,0.003710312150571914,3.3333333333333396e-05,0.00367697881723858
next_reward,3,e7_probability_forecasts:3:49,counts,0.0015263294665891823,6.666666666666679e-05,0.0014596627999225156
next_reward,3,e7_probability_forecasts:3:49,means,0.004710889351149108,0.00016666666666666696,0.004544222684482441
next_reward,3,e7_probability_forecasts:3:5,bayes,0.0035726379440665,0.00020000000000000028,0.0033726379440665
next_reward,3,e7_probability_forecasts:3:5,counts,0.01211073318216181,3.3333333333333396e-05,0.012077399848828475
next_reward,3,e7_probability_forecasts:3:5,means,0.0030805744520030058,0.0,0.0030805744520030058
next_reward,3,e7_probability_forecasts:3:50,bayes,0.0027015304560758925,3.3333333333333396e-05,0.0026681971227425594
next_reward,3,e7_probability_forecasts:3:50,counts,0.0010035506580961067,6.666666666666003e-05,0.0009368839914294467
next_reward,3,e7_probability_forecasts:3:50,means,0.004200520355065816,0.00016666666666666696,0.00403385368839915
next_reward,3,e7_probability_forecasts:3:51,bayes,0.002045578231292504,0.0001000000000000002,0.0019455782312925041
next_reward,3,e7_probability_forecasts:3:51,counts,0.005545578231292459,0.00013333333333333358,0.005412244897959125
next_reward,3,e7_probability_forecasts:3:51,means,0.003217006802721108,3.3333333333333396e-05,0.003183673469387775
next_reward,3,e7_probability_forecasts:3:52,bayes,0.0037000612182429772,3.3333333333333396e-05,0.003666727884909644
next_reward,3,e7_probability_forecasts:3:52,counts,0.004748546066727819,3.3333333333333396e-05,0.004715212733394486
next_reward,3,e7_probability_forecasts:3:52,means,0.005504101622283385,3.333333333333672e-05,0.005470768288950049
next_reward,3,e7_probability_forecasts:3:53,bayes,0.0019046831955922769,6.666666666666679e-05,0.0018380165289256102
next_reward,3,e7_probability_forecasts:3:53,counts,0.008392561983471077,0.0001666666666666666,0.00822589531680441
next_reward,3,e7_probability_forecasts:3:53,means,0.0033168044077134863,0.00013333333333333358,0.003183471074380153
next_reward,3,e7_probability_forecasts:3:54,bayes,0.0009333333333333339,0.0,0.0009333333333333339
next_reward,3,e7_probability_forecasts:3:54,counts,0.008466666666666667,0.0001333333333333332,0.008333333333333333
next_reward,3,e7_probability_forecasts:3:54,means,0.0025666666666666984,3.3333333333333396e-05,0.0025333333333333653
next_reward,3,e7_probability_forecasts:3:55,bayes,0.0018421012849584202,0.0001666666666666666,0.0016754346182917535
next_reward,3,e7_probability_forecasts:3:55,counts,0.004911942554799747,3.3333333333333396e-05,0.004878609221466413
next_reward,3,e7_probability_forecasts:3:55,means,0.002397656840513975,3.3333333333333396e-05,0.0023643235071806414
next_reward,3,e7_probability_forecasts:3:56,bayes,0.0025355371900826515,6.666666666667002e-05,0.0024688705234159813
next_reward,3,e7_probability_forecasts:3:56,counts,0.005962809917355425,3.3333333333333396e-05,0.005929476584022091
next_reward,3,e7_probability_forecasts:3:56,means,0.0045870523415978285,9.99999999999999e-05,0.004487052341597828
next_reward,3,e7_probability_forecasts:3:57,bayes,0.0017381402147635897,0.00016666666666666617,0.0015714735480969238
next_reward,3,e7_probability_forecasts:3:57,counts,0.0033974475740709362,6.666666666666674e-05,0.0033307809074042695
next_reward,3,e7_probability_forecasts:3:57,means,0.002503508180131567,0.00010000000000000334,0.002403508180131564
next_reward,3,e7_probability_forecasts:3:58,bayes,0.00035925925925925996,3.33333333333333e-05,0.0003259259259259267
next_reward,3,e7_probability_forecasts:3:58,counts,0.0002370370370370395,6.66666666666667e-05,0.0001703703703703728
next_reward,3,e7_probability_forecasts:3:58,means,0.0007148148148148132,3.3333333333333396e-05,0.0006814814814814799
next_reward,3,e7_probability_forecasts:3:59,bayes,0.0042578231292517065,0.00010000000000000351,0.004157823129251703
next_reward,3,e7_probability_forecasts:3:59,counts,0.012105442176870715,0.000366666666666677,0.011738775510204039
next_reward,3,e7_probability_forecasts:3:59,means,0.0043102040816326735,0.0,0.0043102040816326735
next_reward,3,e7_probability_forecasts:3:6,bayes,0.0033069482705846763,6.666666666666652e-05,0.00324028160391801
next_reward,3,e7_probability_forecasts:3:6,counts,0.005038261401897815,6.666666666666679e-05,0.004971594735231149
next_reward,3,e7_probability_forecasts:3:6,means,0.0029463422099786124,0.0001666666666666666,0.002779675543311946
next_reward,3,e7_probability_forecasts:3:60,bayes,0.0009408163265306156,3.3333333333333206e-05,0.0009074829931972824
next_reward,3,e7_probability_forecasts:3:60,counts,0.001993197278911551,6.66666666666666e-05,0.0019265306122448849
next_reward,3,e7_probability_forecasts:3:60,means,0.0022979591836735183,0.0,0.0022979591836735183
next_reward,3,e7_probability_forecasts:3:61,bayes,0.001633333333333334,3.3333333333333396e-05,0.0016000000000000007
next_reward,3,e7_probability_forecasts:3:61,counts,0.006533333333333364,6.666666666666327e-05,0.0064666666666667
next_reward,3,e7_probability_forecasts:3:61,means,0.002566666666666722,3.3333333333333396e-05,0.0025333333333333883
next_reward,3,e7_probability_forecasts:3:62,bayes,0.0025816326530612617,3.333333333333672e-05,0.002548299319727925
next_reward,3,e7_probability_forecasts:3:62,counts,0.0017816326530612483,0.00016666666666666696,0.0016149659863945818
next_reward,3,e7_probability_forecasts:3:62,means,0.0031006802721089046,6.666666666667011e-05,0.0030340136054422344
next_reward,3,e7_probability_forecasts:3:63,bayes,0.000900550964187341,3.333333333333672e-05,0.0008672176308540044
next_reward,3,e7_probability_forecasts:3:63,counts,0.0002884297520661212,3.3333333333333396e-05,0.0002550964187327878
next_reward,3,e7_probability_forecasts:3:63,means,0.001979338842975242,3.333333333333672e-05,0.0019460055096419055
next_reward,3,e7_probability_forecasts:3:64,bayes,0.001514814814814809,3.3333333333333396e-05,0.0014814814814814753
next_reward,3,e7_probability_forecasts:3:64,counts,0.002081481481481474,6.666666666666679e-05,0.0020148148148148074
next_reward,3,e7_probability_forecasts:3:64,means,0.0017370370370370421,3.333333333333672e-05,0.0017037037037037055
next_reward,3,e7_probability_forecasts:3:65,bayes,0.002407927762473198,3.33333333333333e-05,0.002374594429139865
next_reward,3,e7_probability_forecasts:3:65,counts,0.0006220691766146268,9.999999999999685e-05,0.0005220691766146299
next_reward,3,e7_probability_forecasts:3:65,means,0.0027745944291398578,0.0,0.0027745944291398578
next_reward,3,e7_probability_forecasts:3:66,bayes,0.0018141732726148208,3.3333333333333396e-05,0.0017808399392814872
next_reward,3,e7_probability_forecasts:3:66,counts,0.010028026086467625,3.3333333333333396e-05,0.009994692753134292
next_reward,3,e7_probability_forecasts:3:66,means,0.002526727385168928,3.3333333333333396e-05,0.0024933940518355947
next_reward,3,e7_probability_forecasts:3:67,bayes,0.0009597796143250734,6.66666666666666e-05,0.0008931129476584067
next_reward,3,e7_probability_forecasts:3:67,counts,0.0071203856749311465,9.999999999999667e-05,0.00702038567493115
next_reward,3,e7_probability_forecasts:3:67,means,0.0008597796143250727,3.3333333333333396e-05,0.0008264462809917392
next_reward,3,e7_probability_forecasts:3:68,bayes,0.001885399449035836,0.0,0.001885399449035836
next_reward,3,e7_probability_forecasts:3:68,counts,0.0007975206611570419,3.3333333333333396e-05,0.0007641873278237085
next_reward,3,e7_probability_forecasts:3:68,means,0.002458126721763132,0.00010000000000000684,0.0023581267217631257
next_reward,3,e7_probability_forecasts:3:69,bayes,0.0013000000000000023,0.0001000000000000002,0.001200000000000002
next_reward,3,e7_probability_forecasts:3:69,counts,0.010299999999999969,0.00016666666666666032,0.010133333333333308
next_reward,3,e7_probability_forecasts:3:69,means,0.0016666666666666676,6.666666666666641e-05,0.0016000000000000014
next_reward,3,e7_probability_forecasts:3:7,bayes,0.0024991735537189946,0.0,0.0024991735537189946
next_reward,3,e7_probability_forecasts:3:7,counts,0.00043553719008264353,3.3333333333333396e-05,0.00040220385674931007
next_reward,3,e7_probability_forecasts:3:7,means,0.003990082644628094,6.666666666666975e-05,0.003923415977961424
next_reward,3,e7_probability_forecasts:3:70,bayes,0.002594088691491309,3.3333333333333396e-05,0.0025607553581579756
next_reward,3,e7_probability_forecasts:3:70,counts,0.0014494999469025528,0.00030000000000000995,0.0011494999469025427
next_reward,3,e7_probability_forecasts:3:70,means,0.005269990567393198,0.0001666666666666666,0.0051033239007265314
next_reward,3,e7_probability_forecasts:3:71,bayes,0.0033987462753696167,0.00016666666666666617,0.00323207960870295
next_reward,3,e7_probability_forecasts:3:71,counts,0.004529482206105546,0.0001000000000000034,0.004429482206105543
next_reward,3,e7_probability_forecasts:3:71,means,0.004506971383594713,9.999999999999999e-05,0.004406971383594712
next_reward,3,e7_probability_forecasts:3:72,bayes,0.0012296296296296283,0.0,0.0012296296296296283
next_reward,3,e7_probability_forecasts:3:72,counts,0.0006074074074074086,0.0001333333333333332,0.0004740740740740753
next_reward,3,e7_probability_forecasts:3:72,means,0.0019185185185185416,0.00020000000000000627,0.0017185185185185352
next_reward,3,e7_probability_forecasts:3:73,bayes,0.0007041772080733045,6.666666666666327e-05,0.0006375105414066412
next_reward,3,e7_probability_forecasts:3:73,counts,0.0005370776409737541,6.666666666666641e-05,0.00047041097430708764
next_reward,3,e7_probability_forecasts:3:73,means,0.0010366447405408387,0.00013333333333332616,0.0009033114072075126
next_reward,3,e7_probability_forecasts:3:74,bayes,0.0013354147535965786,6.666666666666605e-05,0.0012687480869299124
next_reward,3,e7_probability_forecasts:3:74,counts,0.0008647076828895178,0.0004666666666666836,0.00039804101622283424
next_reward,3,e7_probability_forecasts:3:74,means,0.002849556167738007,0.00010000000000000017,0.0027495561677380073
next_reward,3,e7_probability_forecasts:3:75,bayes,0.0023333333333333743,6.666666666666994e-05,0.0022666666666667046
next_reward,3,e7_probability_forecasts:3:75,counts,0.000633333333333334,9.999999999999999e-05,0.0005333333333333339
next_reward,3,e7_probability_forecasts:3:75,means,0.0033333333333333947,0.00026666666666668045,0.003066666666666714
next_reward,3,e7_probability_forecasts:3:76,bayes,0.0006442176870748274,0.00016666666666666327,0.00047755102040816403
next_reward,3,e7_probability_forecasts:3:76,counts,0.007939455782312924,9.999999999999982e-05,0.007839455782312923
next_reward,3,e7_probability_forecasts:3:76,means,0.0013108843537415077,0.00010000000000000017,0.0012108843537415076
next_reward,3,e7_probability_forecasts:3:77,bayes,0.0026322314049586856,3.333333333333302e-05,0.002598898071625353
next_reward,3,e7_probability_forecasts:3:77,counts,0.00555041322314044,6.66666666666666e-05,0.005483746556473774
next_reward,3,e7_probability_forecasts:3:77,means,0.0023170798898071686,9.999999999999963e-05,0.0022170798898071688
next_reward,3,e7_probability_forecasts:3:78,bayes,0.0016017765783999539,0.0,0.0016017765783999539
next_reward,3,e7_probability_forecasts:3:78,counts,0.003940304716928076,6.666666666666674e-05,0.00387363805026141
next_reward,3,e7_probability_forecasts:3:78,means,0.0019398718164951895,3.3333333333333206e-05,0.0019065384831618564
next_reward,3,e7_probability_forecasts:3:79,bayes,0.0013000000000000275,3.3333333333333396e-05,0.0012666666666666941
next_reward,3,e7_probability_forecasts:3:79,counts,0.00026666666666666717,6.666666666666679e-05,0.0002000000000000004
next_reward,3,e7_probability_forecasts:3:79,means,0.0030333333333333913,3.3333333333333396e-05,0.0030000000000000577
next_reward,3,e7_probability_forecasts:3:8,bayes,0.00191502907866544,6.666666666667011e-05,0.00184836241199877
next_reward,3,e7_probability_forecasts:3:8,counts,0.0033150290786654224,6.666666666666679e-05,0.0032483624119987557
next_reward,3,e7_probability_forecasts:3:8,means,0.0023200795837159606,3.3333333333333396e-05,0.0022867462503826275
next_reward,3,e7_probability_forecasts:3:80,bayes,0.0006297745544498716,0.0,0.0006297745544498716
next_reward,3,e7_probability_forecasts:3:80,counts,0.0007483892730646018,0.00013333333333333432,0.0006150559397312674
next_reward,3,e7_probability_forecasts:3:80,means,0.0009622420869174101,0.0,0.0009622420869174101
next_reward,3,e7_probability_forecasts:3:81,bayes,0.005253741496598634,0.00010000000000000351,0.005153741496598631
next_reward,3,e7_probability_forecasts:3:81,counts,0.014210884353741605,6.666666666666679e-05,0.014144217687074937
next_reward,3,e7_probability_forecasts:3:81,means,0.006087074829931989,6.666666666666679e-05,0.006020408163265323
next_reward,3,e7_probability_forecasts:3:82,bayes,0.0029149659863945947,3.333333333333672e-05,0.002881632653061258
next_reward,3,e7_probability_forecasts:3:82,counts,0.0027102040816326827,0.0,0.0027102040816326827
next_reward,3,e7_probability_forecasts:3:82,means,0.003400680272108908,0.00010000000000000351,0.003300680272108905
next_reward,3,e7_probability_forecasts:3:83,bayes,0.0037292517006803035,6.666666666667011e-05,0.003662585034013634
next_reward,3,e7_probability_forecasts:3:83,counts,0.006110204081632673,6.666666666667002e-05,0.006043537414966003
next_reward,3,e7_probability_forecasts:3:83,means,0.0052054421768707925,0.00013333333333333358,0.005072108843537459
next_reward,3,e7_probability_forecasts:3:84,bayes,0.00035411692684420877,3.3333333333333206e-05,0.00032078359351087553
next_reward,3,e7_probability_forecasts:3:84,counts,0.0005015916743189551,0.0001000000000000002,0.00040159167431895487
next_reward,3,e7_probability_forecasts:3:84,means,0.0002692684419957227,3.33333333333333e-05,0.00023593510866238944
next_reward,3,e7_probability_forecasts:3:85,bayes,0.0016474728734468963,6.666666666666679e-05,0.0015808062067802298
next_reward,3,e7_probability_forecasts:3:85,counts,0.005398122224096274,0.0006666666666666803,0.004731455557429593
next_reward,3,e7_probability_forecasts:3:85,means,0.0026479057738797913,0.0001000000000000002,0.0025479057738797915
next_reward,3,e7_probability_forecasts:3:86,bayes,0.0014870748299319985,6.666666666666679e-05,0.0014204081632653315
next_reward,3,e7_probability_forecasts:3:86,counts,0.0005299319727891149,3.3333333333333396e-05,0.0004965986394557814
next_reward,3,e7_probability_forecasts:3:86,means,0.0018680272108843779,6.666666666666641e-05,0.0018013605442177112
next_reward,3,e7_probability_forecasts:3:87,bayes,0.002279591836734743,3.3333333333333396e-05,0.0022462585034014096
next_reward,3,e7_probability_forecasts:3:87,counts,0.003727210884353759,0.0005666666666666671,0.0031605442176870923
next_reward,3,e7_probability_forecasts:3:87,means,0.0017748299319728187,3.333333333333672e-05,0.001741496598639482
next_reward,3,e7_probability_forecasts:3:88,bayes,0.0018700680272108897,3.3333333333333396e-05,0.0018367346938775563
next_reward,3,e7_probability_forecasts:3:88,counts,0.00183197278911567,0.00016666666666666696,0.0016653061224490033
next_reward,3,e7_probability_forecasts:3:88,means,0.004203401360544251,0.0001000000000000002,0.004103401360544251
next_reward,3,e7_probability_forecasts:3:89,bayes,0.0026306122448979483,3.3333333333333396e-05,0.002597278911564615
next_reward,3,e7_probability_forecasts:3:89,counts,0.0080163265306123,0.00013333333333333358,0.007882993197278967
next_reward,3,e7_probability_forecasts:3:89,means,0.0038115646258503424,0.00010000000000000351,0.003711564625850339
next_reward,3,e7_probability_forecasts:3:9,bayes,0.005261432506887039,3.3333333333333396e-05,0.005228099173553706
next_reward,3,e7_probability_forecasts:3:9,counts,0.00536446280991732,0.0003000000000000066,0.005064462809917314
next_reward,3,e7_probability_forecasts:3:9,means,0.00689173553719009,3.333333333333672e-05,0.006858402203856753
next_reward,3,e7_probability_forecasts:3:90,bayes,0.0019518705921303253,0.00016666666666666032,0.0017852039254636649
next_reward,3,e7_probability_forecasts:3:90,counts,0.0006945834348431684,0.0,0.0006945834348431684
next_reward,3,e7_probability_forecasts:3:90,means,0.0029349874752471945,6.666666666666679e-05,0.002868320808580528
next_reward,3,e7_probability_forecasts:3:91,bayes,0.005368656259565278,0.0,0.005368656259565278
next_reward,3,e7_probability_forecasts:3:91,counts,0.0035757269666359982,0.00016666666666666696,0.003409060299969331
next_reward,3,e7_probability_forecasts:3:91,means,0.009082797673706674,3.3333333333333396e-05,0.00904946434037334
next_reward,3,e7_probability_forecasts:3:92,bayes,0.004203703703703674,0.00016666666666666623,0.0040370370370370065
next_reward,3,e7_probability_forecasts:3:92,counts,0.008970370370370297,6.6666666666663e-05,0.008903703703703634
next_reward,3,e7_probability_forecasts:3:92,means,0.00549259259259256,3.33333333333333e-05,0.005459259259259227
next_reward,3,e7_probability_forecasts:3:93,bayes,0.004277551020408176,0.0002000000000000004,0.004077551020408176
next_reward,3,e7_probability_forecasts:3:93,counts,0.014229931972789147,0.00026666666666666695,0.013963265306122479
next_reward,3,e7_probability_forecasts:3:93,means,0.005072789115646278,3.3333333333333396e-05,0.0050394557823129444
next_reward,3,e7_probability_forecasts:3:94,bayes,0.003262962962962971,3.3333333333333396e-05,0.0032296296296296374
next_reward,3,e7_probability_forecasts:3:94,counts,0.0010518518518518392,6.66666666666666e-05,0.0009851851851851725
next_reward,3,e7_probability_forecasts:3:94,means,0.006062962962963013,3.3333333333333396e-05,0.00602962962962968
next_reward,3,e7_probability_forecasts:3:95,bayes,0.0022799697656840315,0.0,0.0022799697656840315
next_reward,3,e7_probability_forecasts:3:95,counts,0.0028355253212395976,6.666666666666679e-05,0.002768858654572931
next_reward,3,e7_probability_forecasts:3:95,means,0.003148223733937996,0.00016666666666666696,0.002981557067271329
next_reward,3,e7_probability_forecasts:3:96,bayes,0.0020196523053665864,6.666666666666679e-05,0.0019529856386999195
next_reward,3,e7_probability_forecasts:3:96,counts,0.010345049130763366,0.00043333333333334394,0.009911715797430021
next_reward,3,e7_probability_forecasts:3:96,means,0.0028625094482237234,3.3333333333333396e-05,0.0028291761148903903
next_reward,3,e7_probability_forecasts:3:97,bayes,0.002913100704009773,0.0001666666666666702,0.002746434037343103
next_reward,3,e7_probability_forecasts:3:97,counts,0.004409060299969386,6.666666666666679e-05,0.00434239363330272
next_reward,3,e7_probability_forecasts:3:97,means,0.0028242118151208784,3.333333333333672e-05,0.002790878481787542
next_reward,3,e7_probability_forecasts:3:98,bayes,0.00398148148148146,3.3333333333333396e-05,0.003948148148148125
next_reward,3,e7_probability_forecasts:3:98,counts,0.005437037037036972,6.666666666666679e-05,0.005370370370370306
next_reward,3,e7_probability_forecasts:3:98,means,0.0042037037037037,3.333333333333663e-05,0.004170370370370363
next_reward,3,e7_probability_forecasts:3:99,bayes,0.0008936639118457316,0.0,0.0008936639118457316
next_reward,3,e7_probability_forecasts:3:99,counts,0.0017997245179063419,0.0001666666666666666,0.0016330578512396754
next_reward,3,e7_probability_forecasts:3:99,means,0.0016754820936639384,0.0,0.0016754820936639384
next_reward,5,e7_probability_forecasts:5:0,bayes,0.0033516553287981704,3.999999999999996e-05,0.0033116553287981703
next_reward,5,e7_probability_forecasts:5:0,counts,0.010619274376417291,0.00030000000000000583,0.010319274376417284
next_reward,5,e7_probability_forecasts:5:0,means,0.004346893424036267,6.000000000000211e-05,0.004286893424036266
next_reward,5,e7_probability_forecasts:5:1,bayes,0.0018016326530612228,0.00011999999999999732,0.0016816326530612255
next_reward,5,e7_probability_forecasts:5:1,counts,0.006353061224489723,6.000000000000012e-05,0.006293061224489723
next_reward,5,e7_probability_forecasts:5:1,means,0.002147346938775516,0.00014000000000000015,0.0020073469387755162
next_reward,5,e7_probability_forecasts:5:10,bayes,0.002444489795918382,0.0001400000000000079,0.0023044897959183745
next_reward,5,e7_probability_forecasts:5:10,counts,0.0006216326530612277,5.9999999999999995e-05,0.0005616326530612278
next_reward,5,e7_probability_forecasts:5:10,means,0.002304489795918374,8.000000000000392e-05,0.0022244897959183703
next_reward,5,e7_probability_forecasts:5:11,bayes,0.0018224036281179092,3.999999999999996e-05,0.0017824036281179096
next_reward,5,e7_probability_forecasts:5:11,counts,0.007295736961451249,0.00038000000000000414,0.0069157369614512455
next_reward,5,e7_probability_forecasts:5:11,means,0.0024033560090703137,4.000000000000207e-05,0.002363356009070312
next_reward,5,e7_probability_forecasts:5:12,bayes,0.0022467573696145233,2.0000000000000036e-05,0.0022267573696145232
next_reward,5,e7_probability_forecasts:5:12,counts,0.009217233560090715,8.000000000000014e-05,0.009137233560090715
next_reward,5,e7_probability_forecasts:5:12,means,0.0029248526077097752,0.00010000000000000406,0.0028248526077097715
next_reward,5,e7_probability_forecasts:5:13,bayes,0.0007359314855418782,3.999999999999985e-05,0.0006959314855418784
next_reward,5,e7_probability_forecasts:5:13,counts,0.0012242431738535673,8.000000000000003e-05,0.001144243173853567
next_reward,5,e7_probability_forecasts:5:13,means,0.0007517756413860284,1.9999999999999924e-05,0.0007317756413860284
next_reward,5,e7_probability_forecasts:5:14,bayes,0.0019393204775023116,8.000000000000213e-05,0.0018593204775023096
next_reward,5,e7_probability_forecasts:5:14,counts,0.006762956841138664,1.9999999999999924e-05,0.006742956841138663
next_reward,5,e7_probability_forecasts:5:14,means,0.0018162901744719993,0.0001,0.0017162901744719992
next_reward,5,e7_probability_forecasts:5:15,bayes,0.0010180165289256245,0.00010000000000000395,0.0009180165289256207
next_reward,5,e7_probability_forecasts:5:15,counts,0.0010361983471074301,5.9999999999999995e-05,0.00097619834710743
next_reward,5,e7_probability_forecasts:5:15,means,0.001947107438016554,4.000000000000007e-05,0.001907107438016554
next_reward,5,e7_probability_forecasts:5:16,bayes,0.0008859504132231431,4.000000000000007e-05,0.000845950413223143
next_reward,5,e7_probability_forecasts:5:16,counts,0.005618677685950401,5.9999999999999886e-05,0.0055586776859504
next_reward,5,e7_probability_forecasts:5:16,means,0.0013423140495867941,0.00010000000000000618,0.001242314049586788
next_reward,5,e7_probability_forecasts:5:17,bayes,0.0026679473772980573,0.00010000000000000417,0.002567947377298053
next_reward,5,e7_probability_forecasts:5:17,counts,0.0032939214032720863,0.00014000000000000026,0.0031539214032720855
next_reward,5,e7_probability_forecasts:5:17,means,0.0031518434811941684,8.00000000000002e-05,0.003071843481194168
next_reward,5,e7_probability_forecasts:5:18,bayes,0.001984810254680384,2.0000000000002035e-05,0.0019648102546803822
next_reward,5,e7_probability_forecasts:5:18,counts,0.001120914150784271,5.9999999999999995e-05,0.001060914150784271
next_reward,5,e7_probability_forecasts:5:18,means,0.002716498566368683,0.0001200000000000001,0.002596498566368683
next_reward,5,e7_probability_forecasts:5:19,bayes,0.005720704634470827,3.999999999999996e-05,0.0056807046344708265
next_reward,5,e7_probability_forecasts:5:19,counts,0.01021732801109423,0.0001200000000000022,0.010097328011094225
next_reward,5,e7_probability_forecasts:5:19,means,0.006291180824947014,2.0000000000000036e-05,0.006271180824947015
next_reward,5,e7_probability_forecasts:5:2,bayes,0.0014022222222222248,6.000000000000211e-05,0.0013422222222222227
next_reward,5,e7_probability_forecasts:5:2,counts,0.000488888888888887,0.00015999999999999985,0.00032888888888888714
next_reward,5,e7_probability_forecasts:5:2,means,0.001782222222222241,4.000000000000207e-05,0.0017422222222222387
next_reward,5,e7_probability_forecasts:5:20,bayes,0.002761396525552376,3.999999999999996e-05,0.0027213965255523764
next_reward,5,e7_probability_forecasts:5:20,counts,0.005742175746331587,3.999999999999985e-05,0.005702175746331588
next_reward,5,e7_probability_forecasts:5:20,means,0.004481136785292661,6.0000000000002e-05,0.004421136785292659
next_reward,5,e7_probability_forecasts:5:21,bayes,0.0008193204775022884,0.0001200000000000002,0.0006993204775022882
next_reward,5,e7_probability_forecasts:5:21,counts,0.009619320477502307,0.0003599999999999939,0.009259320477502313
next_reward,5,e7_probability_forecasts:5:21,means,0.0008653810835628981,3.999999999999996e-05,0.0008253810835628983
next_reward,5,e7_probability_forecasts:5:22,bayes,0.002673370064279172,0.00014000000000000625,0.002533370064279166
next_reward,5,e7_probability_forecasts:5:22,counts,0.005326703397612495,6.0000000000002e-05,0.0052667033976124935
next_reward,5,e7_probability_forecasts:5:22,means,0.0036909458218549462,7.99999999999997e-05,0.003610945821854946
next_reward,5,e7_probability_forecasts:5:23,bayes,0.0012804317760162199,4.000000000000007e-05,0.0012404317760162198
next_reward,5,e7_probability_forecasts:5:23,counts,0.007072899308483749,0.000379999999999994,0.006692899308483755
next_reward,5,e7_probability_forecasts:5:23,means,0.0012090032045876343,0.00014000000000000015,0.001069003204587634
next_reward,5,e7_probability_forecasts:5:24,bayes,0.0025444444444444395,5.9999999999999995e-05,0.0024844444444444397
next_reward,5,e7_probability_forecasts:5:24,counts,0.004924444444444403,0.0001200000000000001,0.004804444444444403
next_reward,5,e7_probability_forecasts:5:24,means,0.0035644444444444716,8.000000000000403e-05,0.003484444444444468
next_reward,5,e7_probability_forecasts:5:25,bayes,0.0023000000000000095,6.000000000000177e-05,0.002240000000000008
next_reward,5,e7_probability_forecasts:5:25,counts,0.012820000000000002,2.0000000000000036e-05,0.0128
next_reward,5,e7_probability_forecasts:5:25,means,0.0030000000000000083,4.000000000000196e-05,0.0029600000000000065
next_reward,5,e7_probability_forecasts:5:26,bayes,0.0034888888888888817,0.00012000000000000216,0.0033688888888888796
next_reward,5,e7_probability_forecasts:5:26,counts,0.0050755555555555085,0.0001200000000000001,0.004955555555555508
next_reward,5,e7_probability_forecasts:5:26,means,0.004082222222222223,6.000000000000405e-05,0.0040222222222222204
next_reward,5,e7_probability_forecasts:5:27,bayes,0.001353071719045743,2.000000000000001e-05,0.001333071719045743
next_reward,5,e7_probability_forecasts:5:27,counts,0.005002682108656153,0.00011999999999999767,0.004882682108656155
next_reward,5,e7_probability_forecasts:5:27,means,0.0029804310264050326,6.000000000000211e-05,0.0029204310264050307
next_reward,5,e7_probability_forecasts:5:28,bayes,0.001531111111111128,5.999999999999978e-05,0.0014711111111111283
next_reward,5,e7_probability_forecasts:5:28,counts,0.005944444444444446,0.00029999999999999987,0.005644444444444447
next_reward,5,e7_probability_forecasts:5:28,means,0.0017777777777777937,7.999999999999993e-05,0.001697777777777794
next_reward,5,e7_probability_forecasts:5:29,bayes,0.0016363872491145226,0.00013999999999999603,0.0014963872491145264
next_reward,5,e7_probability_forecasts:5:29,counts,0.002464179456906752,3.999999999999996e-05,0.0024241794569067523
next_reward,5,e7_probability_forecasts:5:29,means,0.0031597638724911344,0.0,0.0031597638724911344
next_reward,5,e7_probability_forecasts:5:3,bayes,0.0033937073892917812,2.000000000000001e-05,0.0033737073892917816
next_reward,5,e7_probability_forecasts:5:3,counts,0.008355698731283175,4.000000000000007e-05,0.008315698731283173
next_reward,5,e7_probability_forecasts:5:3,means,0.00430288487846926,0.00015999999999999595,0.004142884878469264
next_reward,5,e7_probability_forecasts:5:30,bayes,0.003451700680272079,4.000000000000002e-05,0.0034117006802720784
next_reward,5,e7_probability_forecasts:5:30,counts,0.004231700680272133,6.000000000000012e-05,0.0041717006802721324
next_reward,5,e7_probability_forecasts:5:30,means,0.004801224489795901,0.00014,0.004661224489795901
next_reward,5,e7_probability_forecasts:5:31,bayes,0.0030122448979591617,8.000000000000014e-05,0.002932244897959162
next_reward,5,e7_probability_forecasts:5:31,counts,0.0033379591836734867,0.00012000000000000387,0.0032179591836734834
next_reward,5,e7_probability_forecasts:5:31,means,0.004340816326530586,6.000000000000012e-05,0.004280816326530585
next_reward,5,e7_probability_forecasts:5:32,bayes,0.001738185941043097,5.9999999999999995e-05,0.001678185941043097
next_reward,5,e7_probability_forecasts:5:32,counts,0.005652471655328844,0.00014000000000000197,0.005512471655328843
next_reward,5,e7_probability_forecasts:5:32,means,0.002491519274376437,8.000000000000203e-05,0.0024115192743764356
next_reward,5,e7_probability_forecasts:5:33,bayes,0.0015867768595041424,0.00012000000000000397,0.0014667768595041384
next_reward,5,e7_probability_forecasts:5:33,counts,0.006779504132231408,0.0002799999999999999,0.006499504132231408
next_reward,5,e7_probability_forecasts:5:33,means,0.002561322314049601,0.00012000000000000006,0.0024413223140496007
next_reward,5,e7_probability_forecasts:5:34,bayes,0.0019333333333333238,4.000000000000007e-05,0.0018933333333333237
next_reward,5,e7_probability_forecasts:5:34,counts,0.008006666666666657,0.00013999999999999993,0.007866666666666655
next_reward,5,e7_probability_forecasts:5:34,means,0.0021399999999999982,6.000000000000211e-05,0.002079999999999996
next_reward,5,e7_probability_forecasts:5:35,bayes,0.0011663728191001106,0.00010000000000000395,0.0010663728191001066
next_reward,5,e7_probability_forecasts:5:35,counts,0.0007821303948576655,5.9999999999998335e-05,0.000722130394857667
next_reward,5,e7_probability_forecasts:5:35,means,0.001926372819100122,9.999999999999597e-05,0.001826372819100126
next_reward,5,e7_probability_forecasts:5:36,bayes,0.002119669421487622,8.000000000000014e-05,0.0020396694214876217
next_reward,5,e7_probability_forecasts:5:36,counts,0.005550578512396704,5.9999999999999995e-05,0.005490578512396704
next_reward,5,e7_probability_forecasts:5:36,means,0.0028160330578512562,5.9999999999999974e-05,0.0027560330578512565
next_reward,5,e7_probability_forecasts:5:37,bayes,0.001317959183673478,2.0000000000002035e-05,0.001297959183673476
next_reward,5,e7_probability_forecasts:5:37,counts,0.01161795918367347,3.999999999999985e-05,0.01157795918367347
next_reward,5,e7_probability_forecasts:5:37,means,0.0021322448979591998,0.00011999999999999988,0.0020122448979592
next_reward,5,e7_probability_forecasts:5:38,bayes,0.0016759757125990927,1.9999999999999924e-05,0.0016559757125990926
next_reward,5,e7_probability_forecasts:5:38,counts,0.003370001686625037,2.0000000000000036e-05,0.0033500016866250372
next_reward,5,e7_probability_forecasts:5:38,means,0.0025666250632484606,4.0000000000000295e-05,0.0025266250632484605
next_reward,5,e7_probability_forecasts:5:39,bayes,0.0041728798185941066,4.000000000000007e-05,0.0041328798185941065
next_reward,5,e7_probability_forecasts:5:39,counts,0.009841451247165534,0.0,0.009841451247165534
next_reward,5,e7_probability_forecasts:5:39,means,0.004059546485260772,2.0000000000000036e-05,0.004039546485260772
next_reward,5,e7_probability_forecasts:5:4,bayes,0.0037207709750566977,6.000000000000211e-05,0.003660770975056696
next_reward,5,e7_probability_forecasts:5:4,counts,0.006156009070294783,0.00012000000000000198,0.006036009070294781
next_reward,5,e7_probability_forecasts:5:4,means,0.0034331519274376486,0.00010000000000000193,0.003333151927437646
next_reward,5,e7_probability_forecasts:5:40,bayes,0.0031987620172035753,5.9999999999999886e-05,0.003138762017203575
next_reward,5,e7_probability_forecasts:5:40,counts,0.009703177601619192,0.0003000000000000059,0.009403177601619185
next_reward,5,e7_probability_forecasts:5:40,means,0.004626294484736049,2.0000000000002035e-05,0.004606294484736047
next_reward,5,e7_probability_forecasts:5:41,bayes,0.003351827364554658,6.000000000000188e-05,0.0032918273645546566
next_reward,5,e7_probability_forecasts:5:41,counts,0.003508191000918237,0.00014000000000000015,0.0033681910009182364
next_reward,5,e7_probability_forecasts:5:41,means,0.0035039485766758848,0.0,0.0035039485766758848
next_reward,5,e7_probability_forecasts:5:42,bayes,0.0022514416896234858,5.9999999999999974e-05,0.002191441689623486
next_reward,5,e7_probability_forecasts:5:42,counts,0.0039041689623507724,0.00012000000000000023,0.003784168962350772
next_reward,5,e7_probability_forecasts:5:42,means,0.0023090174471992473,0.00012000000000000201,0.002189017447199245
next_reward,5,e7_probability_forecasts:5:43,bayes,0.001803356009070305,4.000000000000207e-05,0.0017633560090703029
next_reward,5,e7_probability_forecasts:5:43,counts,0.000326213151927436,2.0000000000000036e-05,0.00030621315192743597
next_reward,5,e7_probability_forecasts:5:43,means,0.0025900226757369785,4.000000000000207e-05,0.0025500226757369767
next_reward,5,e7_probability_forecasts:5:44,bayes,0.0024346938775510157,6.000000000000012e-05,0.0023746938775510156
next_reward,5,e7_probability_forecasts:5:44,counts,0.013271836734693931,0.000119999999999998,0.013151836734693934
next_reward,5,e7_probability_forecasts:5:44,means,0.0029261224489796037,6.00000000000041e-05,0.0028661224489795996
next_reward,5,e7_probability_forecasts:5:45,bayes,0.0014622870635857793,1.9999999999998037e-05,0.0014422870635857812
next_reward,5,e7_probability_forecasts:5:45,counts,0.000720988362287075,5.9999999999999886e-05,0.0006609883622870752
next_reward,5,e7_probability_forecasts:5:45,means,0.001632676673975397,6.000000000000405e-05,0.0015726766739753927
next_reward,5,e7_probability_forecasts:5:46,bayes,0.0032492970521542036,6.000000000000188e-05,0.0031892970521542018
next_reward,5,e7_probability_forecasts:5:46,counts,0.0015997732426304048,5.9999999999999995e-05,0.0015397732426304044
next_reward,5,e7_probability_forecasts:5:46,means,0.004699773242630405,8.000000000000398e-05,0.004619773242630401
next_reward,5,e7_probability_forecasts:5:47,bayes,0.003103379247015565,1.9999999999999924e-05,0.003083379247015565
next_reward,5,e7_probability_forecasts:5:47,counts,0.0019494398530761864,0.00017999999999999811,0.0017694398530761883
next_reward,5,e7_probability_forecasts:5:47,means,0.00377186409550042,4.000000000000207e-05,0.003731864095500417
next_reward,5,e7_probability_forecasts:5:48,bayes,0.001929421487603287,6.000000000000012e-05,0.0018694214876032865
next_reward,5,e7_probability_forecasts:5:48,counts,0.01425669421487603,0.00014000000000000001,0.01411669421487603
next_reward,5,e7_probability_forecasts:5:48,means,0.0029457851239669424,0.00016000000000000795,0.0027857851239669346
next_reward,5,e7_probability_forecasts:5:49,bayes,0.0018066115702479485,8.000000000000203e-05,0.0017266115702479466
next_reward,5,e7_probability_forecasts:5:49,counts,0.0037702479338842854,0.00012000000000000415,0.0036502479338842812
next_reward,5,e7_probability_forecasts:5:49,means,0.002502975206611568,6.000000000000211e-05,0.0024429752066115655
next_reward,5,e7_probability_forecasts:5:5,bayes,0.001544793388429751,4.000000000000007e-05,0.001504793388429751
next_reward,5,e7_probability_forecasts:5:5,counts,0.008335702479338842,6.000000000000012e-05,0.008275702479338842
next_reward,5,e7_probability_forecasts:5:5,means,0.0019738842975206687,8.000000000000186e-05,0.001893884297520667
next_reward,5,e7_probability_forecasts:5:50,bayes,0.0016915500084331108,8.000000000000192e-05,0.0016115500084331086
next_reward,5,e7_probability_forecasts:5:50,counts,0.0030944071512902234,0.0001799999999999963,0.0029144071512902272
next_reward,5,e7_probability_forecasts:5:50,means,0.004022978579861678,0.00012000000000000176,0.003902978579861676
next_reward,5,e7_probability_forecasts:5:51,bayes,0.002137551020408147,0.0001399999999999997,0.0019975510204081476
next_reward,5,e7_probability_forecasts:5:51,counts,0.002568979591836707,8.000000000000003e-05,0.0024889795918367074
next_reward,5,e7_probability_forecasts:5:51,means,0.0025975510204081557,4.000000000000207e-05,0.002557551020408154
next_reward,5,e7_probability_forecasts:5:52,bayes,0.002415952099848213,1.9999999999999924e-05,0.0023959520998482133
next_reward,5,e7_probability_forecasts:5:52,counts,0.003127900151796266,0.00019999999999999982,0.0029279001517962654
next_reward,5,e7_probability_forecasts:5:52,means,0.003987120931017028,8.000000000000003e-05,0.003907120931017027
next_reward,5,e7_probability_forecasts:5:53,bayes,0.0020808399392815225,6.000000000000012e-05,0.0020208399392815228
next_reward,5,e7_probability_forecasts:5:53,counts,0.002461878900320496,0.0001200000000000001,0.0023418789003204956
next_reward,5,e7_probability_forecasts:5:53,means,0.002479281497723085,1.999999999999998e-05,0.0024592814977230848
next_reward,5,e7_probability_forecasts:5:54,bayes,0.002576694214876056,5.999999999999978e-05,0.0025166942148760556
next_reward,5,e7_probability_forecasts:5:54,counts,0.008069421487603331,0.00012000000000000023,0.007949421487603331
next_reward,5,e7_probability_forecasts:5:54,means,0.003389421487603339,4.000000000000207e-05,0.003349421487603337
next_reward,5,e7_probability_forecasts:5:55,bayes,0.0032437102003335426,5.999999999999978e-05,0.003183710200333543
next_reward,5,e7_probability_forecasts:5:55,counts,0.0019422383388616855,2.0000000000000036e-05,0.0019222383388616856
next_reward,5,e7_probability_forecasts:5:55,means,0.004037995914619261,6.000000000000177e-05,0.0039779959146192595
next_reward,5,e7_probability_forecasts:5:56,bayes,0.000893084837240685,5.9999999999999995e-05,0.000833084837240685
next_reward,5,e7_probability_forecasts:5:56,counts,0.008315162759318595,0.00011999999999999598,0.008195162759318598
next_reward,5,e7_probability_forecasts:5:56,means,0.0014143835385393986,3.999999999999985e-05,0.0013743835385393987
next_reward,5,e7_probability_forecasts:5:57,bayes,0.0014322902494330945,3.999999999999807e-05,0.0013922902494330964
next_reward,5,e7_probability_forecasts:5:57,counts,0.0019675283446711953,4.000000000000002e-05,0.0019275283446711956
next_reward,5,e7_probability_forecasts:5:57,means,0.0018275283446711863,1.9999999999998037e-05,0.001807528344671188
next_reward,5,e7_probability_forecasts:5:58,bayes,0.002792653061224505,8.000000000000203e-05,0.002712653061224503
next_reward,5,e7_probability_forecasts:5:58,counts,0.006872653061224527,4.000000000000007e-05,0.006832653061224525
next_reward,5,e7_probability_forecasts:5:58,means,0.0029583673469387784,4.000000000000007e-05,0.0029183673469387783
next_reward,5,e7_probability_forecasts:5:59,bayes,0.0035375292816851424,0.00014000000000000001,0.0033975292816851425
next_reward,5,e7_probability_forecasts:5:59,counts,0.0049139794981353496,6.000000000000012e-05,0.0048539794981353485
next_reward,5,e7_probability_forecasts:5:59,means,0.004251988156144025,0.0001400000000000042,0.004111988156144021
next_reward,5,e7_probability_forecasts:5:6,bayes,0.0022179591836734855,8.000000000000381e-05,0.002137959183673482
next_reward,5,e7_probability_forecasts:5:6,counts,0.004029387755102023,0.00012000000000000187,0.003909387755102021
next_reward,5,e7_probability_forecasts:5:6,means,0.002417959183673502,0.0,0.002417959183673502
next_reward,5,e7_probability_forecasts:5:60,bayes,0.0024481910009182565,0.00011999999999999611,0.00232819100091826
next_reward,5,e7_probability_forecasts:5:60,counts,0.003026372819100091,4.000000000000007e-05,0.0029863728191000913
next_reward,5,e7_probability_forecasts:5:60,means,0.0027100091827364212,4.000000000000007e-05,0.002670009182736421
next_reward,5,e7_probability_forecasts:5:61,bayes,0.004160576076160457,1.9999999999999924e-05,0.004140576076160458
next_reward,5,e7_probability_forecasts:5:61,counts,0.005520143175727597,0.0003600000000000004,0.005160143175727596
next_reward,5,e7_probability_forecasts:5:61,means,0.00594906092464533,0.00012000000000000023,0.0058290609246453295
next_reward,5,e7_probability_forecasts:5:62,bayes,0.0017054106932029131,6.0000000000002e-05,0.001645410693202911
next_reward,5,e7_probability_forecasts:5:62,counts,0.0010495665373587628,0.00011999999999999988,0.0009295665373587629
next_reward,5,e7_probability_forecasts:5:62,means,0.00228982627761851,6.000000000000211e-05,0.002229826277618508
next_reward,5,e7_probability_forecasts:5:63,bayes,0.0029373370064279232,8.000000000000003e-05,0.0028573370064279235
next_reward,5,e7_probability_forecasts:5:63,counts,0.00900157943067036,0.00019999999999999936,0.00880157943067036
next_reward,5,e7_probability_forecasts:5:63,means,0.003971882460973378,6.000000000000012e-05,0.003911882460973378
next_reward,5,e7_probability_forecasts:5:64,bayes,0.00316119937782276,0.00012000000000000023,0.0030411993778227597
next_reward,5,e7_probability_forecasts:5:64,counts,0.006874186390809794,6.0000000000002e-05,0.006814186390809792
next_reward,5,e7_probability_forecasts:5:64,means,0.0032471734037967915,6.000000000000211e-05,0.003187173403796789
next_reward,5,e7_probability_forecasts:5:65,bayes,0.002048979591836765,4.000000000000407e-05,0.002008979591836761
next_reward,5,e7_probability_forecasts:5:65,counts,0.0015775510204081797,0.00014000000000000004,0.0014375510204081795
next_reward,5,e7_probability_forecasts:5:65,means,0.0018004081632653185,2.0000000000000036e-05,0.0017804081632653182
next_reward,5,e7_probability_forecasts:5:66,bayes,0.0020511111111111077,0.00010000000000000007,0.0019511111111111072
next_reward,5,e7_probability_forecasts:5:66,counts,0.005684444444444421,8.000000000000392e-05,0.005604444444444417
next_reward,5,e7_probability_forecasts:5:66,means,0.0027044444444444572,6.00000000000041e-05,0.0026444444444444536
next_reward,5,e7_probability_forecasts:5:67,bayes,0.0014434710743801693,1.9999999999999815e-05,0.0014234710743801695
next_reward,5,e7_probability_forecasts:5:67,counts,0.011074380165289274,0.00011999999999999598,0.010954380165289277
next_reward,5,e7_probability_forecasts:5:67,means,0.002534380165289279,0.00022000000000000028,0.0023143801652892784
next_reward,5,e7_probability_forecasts:5:68,bayes,0.003046122448979619,0.0002600000000000099,0.002786122448979609
next_reward,5,e7_probability_forecasts:5:68,counts,0.004186122448979604,8.000000000000186e-05,0.004106122448979602
next_reward,5,e7_probability_forecasts:5:68,means,0.003603265306122476,0.00012000000000000587,0.0034832653061224695
next_reward,5,e7_probability_forecasts:5:69,bayes,0.0022391743033301696,2.0000000000002035e-05,0.002219174303330168
next_reward,5,e7_probability_forecasts:5:69,counts,0.0009990011431569763,0.00014000000000000015,0.000859001143156976
next_reward,5,e7_probability_forecasts:5:69,means,0.003506879931035825,5.9999999999999995e-05,0.0034468799310358247
next_reward,5,e7_probability_forecasts:5:7,bayes,0.001558842975206622,5.9999999999999995e-05,0.001498842975206622
next_reward,5,e7_probability_forecasts:5:7,counts,0.009626115702479319,8.000000000000414e-05,0.009546115702479313
next_reward,5,e7_probability_forecasts:5:7,means,0.0025315702479338834,0.00016000000000000207,0.0023715702479338813
next_reward,5,e7_probability_forecasts:5:70,bayes,0.001456961451247181,3.999999999999974e-05,0.0014169614512471811
next_reward,5,e7_probability_forecasts:5:70,counts,0.0019588662131519346,9.999999999999996e-05,0.0018588662131519347
next_reward,5,e7_probability_forecasts:5:70,means,0.001896009070294803,6.000000000000399e-05,0.001836009070294799
next_reward,5,e7_probability_forecasts:5:71,bayes,0.0012363265306122736,1.9999999999999924e-05,0.0012163265306122737
next_reward,5,e7_probability_forecasts:5:71,counts,0.00263061224489797,0.00014000000000000015,0.0024906122448979696
next_reward,5,e7_probability_forecasts:5:71,means,0.001762040816326562,6.000000000000012e-05,0.0017020408163265616
next_reward,5,e7_probability_forecasts:5:72,bayes,0.001779591836734707,0.00011999999999999778,0.0016595918367347095
next_reward,5,e7_probability_forecasts:5:72,counts,0.006076734693877551,0.0001999999999999997,0.005876734693877552
next_reward,5,e7_probability_forecasts:5:72,means,0.0024938775510204092,0.00012000000000000408,0.002373877551020405
next_reward,5,e7_probability_forecasts:5:73,bayes,0.0033439230898971205,7.99999999999998e-05,0.0032639230898971207
next_reward,5,e7_probability_forecasts:5:73,counts,0.006863143869117942,6.000000000000012e-05,0.006803143869117942
next_reward,5,e7_probability_forecasts:5:73,means,0.004037169843143886,6.0000000000002075e-05,0.003977169843143884
next_reward,5,e7_probability_forecasts:5:74,bayes,0.0014251247165532974,4.000000000000196e-05,0.0013851247165532954
next_reward,5,e7_probability_forecasts:5:74,counts,0.0032670294784580244,0.00011999999999999598,0.0031470294784580284
next_reward,5,e7_probability_forecasts:5:74,means,0.0018413151927437834,5.9999999999999886e-05,0.0017813151927437835
next_reward,5,e7_probability_forecasts:5:75,bayes,0.0021276033057851295,8.000000000000181e-05,0.002047603305785128
next_reward,5,e7_probability_forecasts:5:75,counts,0.00709123966942143,8.000000000000213e-05,0.007011239669421426
next_reward,5,e7_probability_forecasts:5:75,means,0.0024476033057851372,3.999999999999996e-05,0.002407603305785137
next_reward,5,e7_probability_forecasts:5:76,bayes,0.0028559584715429076,8.000000000000392e-05,0.002775958471542904
next_reward,5,e7_probability_forecasts:5:76,counts,0.00715266842825282,0.0003399999999999956,0.006812668428252825
next_reward,5,e7_probability_forecasts:5:76,means,0.002869291804876232,0.00011999999999999999,0.0027492918048762326
next_reward,5,e7_probability_forecasts:5:77,bayes,0.0018693641423511444,0.0001400000000000039,0.0017293641423511406
next_reward,5,e7_probability_forecasts:5:77,counts,0.002833000505987517,6.000000000000012e-05,0.0027730005059875174
next_reward,5,e7_probability_forecasts:5:77,means,0.0023402732332602288,8.000000000000203e-05,0.002260273233260227
next_reward,5,e7_probability_forecasts:5:78,bayes,0.0017683825265643262,2.0000000000000036e-05,0.001748382526564326
next_reward,5,e7_probability_forecasts:5:78,counts,0.0040790318772137065,0.0002600000000000037,0.0038190318772137015
next_reward,5,e7_probability_forecasts:5:78,means,0.0027463046044864086,4.000000000000207e-05,0.0027063046044864068
next_reward,5,e7_probability_forecasts:5:79,bayes,0.0010618316748186834,8e-05,0.0009818316748186834
next_reward,5,e7_probability_forecasts:5:79,counts,0.0064678057007927,0.00038000000000000056,0.0060878057007927
next_reward,5,e7_probability_forecasts:5:79,means,0.0012202732332602354,4.0000000000000044e-05,0.0011802732332602353
next_reward,5,e7_probability_forecasts:5:8,bayes,0.003794693877551024,0.00022000000000000153,0.0035746938775510226
next_reward,5,e7_probability_forecasts:5:8,counts,0.010626122448979553,0.00036000000000001195,0.01026612244897954
next_reward,5,e7_probability_forecasts:5:8,means,0.004166122448979603,9.999999999999929e-05,0.004066122448979604
next_reward,5,e7_probability_forecasts:5:80,bayes,0.002596326530612232,0.00010000000000000007,0.002496326530612232
next_reward,5,e7_probability_forecasts:5:80,counts,0.004319183673469404,0.00012000000000000376,0.0041991836734694
next_reward,5,e7_probability_forecasts:5:80,means,0.0032420408163265314,6.00000000000041e-05,0.0031820408163265278
next_reward,5,e7_probability_forecasts:5:81,bayes,0.001310204081632646,0.0,0.001310204081632646
next_reward,5,e7_probability_forecasts:5:81,counts,0.003990204081632668,0.00027999999999999396,0.0037102040816326745
next_reward,5,e7_probability_forecasts:5:81,means,0.0025444897959183825,4.000000000000207e-05,0.0025044897959183806
next_reward,5,e7_probability_forecasts:5:82,bayes,0.0021888888888888813,1.9999999999999924e-05,0.002168888888888881
next_reward,5,e7_probability_forecasts:5:82,counts,0.005382222222222252,0.00020000000000000413,0.005182222222222247
next_reward,5,e7_probability_forecasts:5:82,means,0.0033088888888888794,2.0000000000000036e-05,0.0032888888888888785
next_reward,5,e7_probability_forecasts:5:83,bayes,0.0030081876276681642,2.0000000000000036e-05,0.0029881876276681646
next_reward,5,e7_probability_forecasts:5:83,counts,0.001918490657971192,5.999999999999803e-05,0.001858490657971194
next_reward,5,e7_probability_forecasts:5:83,means,0.0036240317835123264,4.0000000000002016e-05,0.0035840317835123246
next_reward,5,e7_probability_forecasts:5:84,bayes,0.003280910777534121,4.000000000000007e-05,0.0032409107775341213
next_reward,5,e7_probability_forecasts:5:84,counts,0.0073980536346769776,0.00021999999999999998,0.007178053634676977
next_reward,5,e7_probability_forecasts:5:84,means,0.0047954562320795795,2.0000000000002035e-05,0.004775456232079577
next_reward,5,e7_probability_forecasts:5:85,bayes,0.001644444444444441,7.999999999999993e-05,0.0015644444444444408
next_reward,5,e7_probability_forecasts:5:85,counts,0.004757777777777809,2.0000000000000036e-05,0.004737777777777809
next_reward,5,e7_probability_forecasts:5:85,means,0.0022977777777777987,8.000000000000392e-05,0.002217777777777795
next_reward,5,e7_probability_forecasts:5:86,bayes,0.0019867127677517596,6.000000000000211e-05,0.001926712767751758
next_reward,5,e7_probability_forecasts:5:86,counts,0.0018360634171024042,5.9999999999999995e-05,0.0017760634171024043
next_reward,5,e7_probability_forecasts:5:86,means,0.0027389205599595698,6.000000000000211e-05,0.002678920559959568
next_reward,5,e7_probability_forecasts:5:87,bayes,0.0033984580498866088,3.999999999999996e-05,0.0033584580498866082
next_reward,5,e7_probability_forecasts:5:87,counts,0.004511791383219918,0.00014000000000000026,0.004371791383219918
next_reward,5,e7_probability_forecasts:5:87,means,0.00393274376417232,5.9999999999999995e-05,0.0038727437641723197
next_reward,5,e7_probability_forecasts:5:88,bayes,0.003505251400835847,0.00012000000000000223,0.003385251400835845
next_reward,5,e7_probability_forecasts:5:88,counts,0.0033365068120912397,6.000000000000012e-05,0.003276506812091239
next_reward,5,e7_probability_forecasts:5:88,means,0.0050894938250782866,4.000000000000007e-05,0.005049493825078287
next_reward,5,e7_probability_forecasts:5:89,bayes,0.0030955555555555463,6.000000000000188e-05,0.0030355555555555444
next_reward,5,e7_probability_forecasts:5:89,counts,0.001595555555555544,0.00012000000000000002,0.001475555555555544
next_reward,5,e7_probability_forecasts:5:89,means,0.005122222222222241,0.00014000000000000606,0.004982222222222233
next_reward,5,e7_probability_forecasts:5:9,bayes,0.004044204943685441,1.9999999999998037e-05,0.004024204943685442
next_reward,5,e7_probability_forecasts:5:9,counts,0.008295979835460352,0.00026000000000000426,0.008035979835460347
next_reward,5,e7_probability_forecasts:5:9,means,0.0042266291861096945,4.000000000000001e-05,0.004186629186109695
next_reward,5,e7_probability_forecasts:5:90,bayes,0.0025255190120125294,0.00014000000000000012,0.00238551901201253
next_reward,5,e7_probability_forecasts:5:90,counts,0.0020733112198047495,0.00016000000000000018,0.0019133112198047493
next_reward,5,e7_probability_forecasts:5:90,means,0.003229848016341525,8.000000000000213e-05,0.003149848016341523
next_reward,5,e7_probability_forecasts:5:91,bayes,0.0026558861340679756,0.00010000000000000196,0.0025558861340679736
next_reward,5,e7_probability_forecasts:5:91,counts,0.003741946740128577,0.0001400000000000002,0.003601946740128577
next_reward,5,e7_probability_forecasts:5:91,means,0.0031589164370982815,0.00010000000000000417,0.0030589164370982778
next_reward,5,e7_probability_forecasts:5:92,bayes,0.0028811941305447925,8.000000000000003e-05,0.0028011941305447923
next_reward,5,e7_probability_forecasts:5:92,counts,0.004584830494181114,0.00010000000000000202,0.004484830494181111
next_reward,5,e7_probability_forecasts:5:92,means,0.0033861291954798583,3.999999999999996e-05,0.0033461291954798586
next_reward,5,e7_probability_forecasts:5:93,bayes,0.00246576675849403,0.00010000000000000192,0.0023657667584940285
next_reward,5,e7_probability_forecasts:5:93,counts,0.0009960697887970657,0.00016000000000000394,0.0008360697887970618
next_reward,5,e7_probability_forecasts:5:93,means,0.004590009182736485,4.000000000000007e-05,0.004550009182736485
next_reward,5,e7_probability_forecasts:5:94,bayes,0.0014041802065178802,2.0000000000000036e-05,0.0013841802065178803
next_reward,5,e7_probability_forecasts:5:94,counts,0.004583314405652091,0.00031999999999999737,0.004263314405652093
next_reward,5,e7_probability_forecasts:5:94,means,0.0017846996870373368,7.999999999999993e-05,0.0017046996870373368
next_reward,5,e7_probability_forecasts:5:95,bayes,0.0010779085849215698,3.999999999999996e-05,0.0010379085849215697
next_reward,5,e7_probability_forecasts:5:95,counts,0.005112973519986449,0.00037999999999999986,0.0047329735199864486
next_reward,5,e7_probability_forecasts:5:95,means,0.0017147917018046765,3.999999999999974e-05,0.0016747917018046766
next_reward,5,e7_probability_forecasts:5:96,bayes,0.002405692546991239,4.000000000000007e-05,0.0023656925469912387
next_reward,5,e7_probability_forecasts:5:96,counts,0.006521103802402504,0.00026000000000000404,0.0062611038024025
next_reward,5,e7_probability_forecasts:5:96,means,0.0034882033695020714,0.00010000000000000417,0.003388203369502067
next_reward,5,e7_probability_forecasts:5:97,bayes,0.0015630123123629644,5.9999999999999886e-05,0.0015030123123629647
next_reward,5,e7_probability_forecasts:5:97,counts,0.003535739585090199,3.999999999999996e-05,0.0034957395850901984
next_reward,5,e7_probability_forecasts:5:97,means,0.001802492831843492,6.0000000000002e-05,0.0017424928318434904
next_reward,5,e7_probability_forecasts:5:98,bayes,0.0010878004535147402,4.000000000000207e-05,0.0010478004535147381
next_reward,5,e7_probability_forecasts:5:98,counts,0.0006792290249433197,0.000260000000000006,0.0004192290249433137
next_reward,5,e7_probability_forecasts:5:98,means,0.0011887528344671264,0.00012000000000000209,0.0010687528344671244
next_reward,5,e7_probability_forecasts:5:99,bayes,0.0020779591836734656,6.000000000000012e-05,0.002017959183673466
next_reward,5,e7_probability_forecasts:5:99,counts,0.0059465306122449355,0.0005399999999999921,0.005406530612244944
next_reward,5,e7_probability_forecasts:5:99,means,0.0032436734693877508,0.00022000000000000022,0.0030236734693877506
next_reward,10,e7_probability_forecasts:10:0,bayes,0.002160905905061758,5.9999999999999995e-05,0.002100905905061758
next_reward,10,e7_probability_forecasts:10:0,counts,0.004597356121511978,0.00013999999999999915,0.004457356121511978
next_reward,10,e7_probability_forecasts:10:0,means,0.0026102565544124197,4.000000000000204e-05,0.0025702565544124174
next_reward,10,e7_probability_forecasts:10:1,bayes,0.0025904775022956724,5.0000000000001066e-05,0.0025404775022956714
next_reward,10,e7_probability_forecasts:10:1,counts,0.0025425987144168886,0.00023000000000000022,0.0023125987144168884
next_reward,10,e7_probability_forecasts:10:1,means,0.0037747199265381103,7.000000000000303e-05,0.0037047199265381066
next_reward,10,e7_probability_forecasts:10:10,bayes,0.002275678679185167,2.9999999999999997e-05,0.0022456786791851674
next_reward,10,e7_probability_forecasts:10:10,counts,0.008858189501695996,0.00017000000000000516,0.008688189501695991
next_reward,10,e7_probability_forecasts:10:10,means,0.0026905704540769494,0.00011000000000000173,0.002580570454076948
next_reward,10,e7_probability_forecasts:10:11,bayes,0.002255019396188232,6.999999999999896e-05,0.002185019396188233
next_reward,10,e7_probability_forecasts:10:11,counts,0.0031888289199977493,0.00010000000000000193,0.0030888289199977473
next_reward,10,e7_probability_forecasts:10:11,means,0.0030626817338505813,8.000000000000203e-05,0.0029826817338505797
next_reward,10,e7_probability_forecasts:10:12,bayes,0.001457320702385632,0.00012999999999999996,0.001327320702385632
next_reward,10,e7_probability_forecasts:10:12,counts,0.0026019960270609608,0.00010999999999999892,0.0024919960270609618
next_reward,10,e7_probability_forecasts:10:12,means,0.002227017672082602,5.000000000000103e-05,0.002177017672082601
next_reward,10,e7_probability_forecasts:10:13,bayes,0.0021228050448829656,6.000000000000188e-05,0.0020628050448829637
next_reward,10,e7_probability_forecasts:10:13,counts,0.0025230647851426924,4.0000000000000044e-05,0.002483064785142692
next_reward,10,e7_probability_forecasts:10:13,means,0.0029691253912033206,6.0000000000000916e-05,0.0029091253912033196
next_reward,10,e7_probability_forecasts:10:14,bayes,0.0014529017447199193,2.9999999999999997e-05,0.0014229017447199195
next_reward,10,e7_probability_forecasts:10:14,counts,0.0010644168962350748,8.999999999999999e-05,0.0009744168962350748
next_reward,10,e7_probability_forecasts:10:14,means,0.0029401744719926557,7.000000000000291e-05,0.002870174471992653
next_reward,10,e7_probability_forecasts:10:15,bayes,0.0016561799816345417,8.000000000000287e-05,0.001576179981634539
next_reward,10,e7_probability_forecasts:10:15,counts,0.0013028466483011893,9.999999999999996e-05,0.0012028466483011895
next_reward,10,e7_probability_forecasts:10:15,means,0.0023637557392102992,3.000000000000305e-05,0.002333755739210296
next_reward,10,e7_probability_forecasts:10:16,bayes,0.002470382863889369,1.999999999999998e-05,0.0024503828638893694
next_reward,10,e7_probability_forecasts:10:16,counts,0.009064278967785448,0.00024999999999999805,0.008814278967785449
next_reward,10,e7_probability_forecasts:10:16,means,0.0027796036431101427,9.000000000000304e-05,0.0026896036431101394
next_reward,10,e7_probability_forecasts:10:17,bayes,0.002826105207923403,8.000000000000009e-05,0.0027461052079234033
next_reward,10,e7_probability_forecasts:10:17,counts,0.0031640705758887422,4.9999999999999955e-05,0.003114070575888742
next_reward,10,e7_probability_forecasts:10:17,means,0.0034137675455857283,0.00011000000000000391,0.003303767545585724
next_reward,10,e7_probability_forecasts:10:18,bayes,0.001868506587207885,8.000000000000009e-05,0.0017885065872078848
next_reward,10,e7_probability_forecasts:10:18,counts,0.008558593167294468,0.00011000000000000003,0.008448593167294467
next_reward,10,e7_probability_forecasts:10:18,means,0.002388809617510917,0.00015000000000000194,0.0022388096175109153
next_reward,10,e7_probability_forecasts:10:19,bayes,0.0017750364498416338,6.000000000000005e-05,0.0017150364498416336
next_reward,10,e7_probability_forecasts:10:19,counts,0.0008955559303611237,8.00000000000002e-05,0.0008155559303611235
next_reward,10,e7_probability_forecasts:10:19,means,0.0025207940255992083,9.000000000000216e-05,0.0024307940255992064
next_reward,10,e7_probability_forecasts:10:2,bayes,0.003786084406214262,6.999999999999812e-05,0.0037160844062142638
next_reward,10,e7_probability_forecasts:10:2,counts,0.008442621202751067,7.000000000000013e-05,0.008372621202751066
next_reward,10,e7_probability_forecasts:10:2,means,0.005472491332621182,0.00011000000000000191,0.005362491332621179
next_reward,10,e7_probability_forecasts:10:20,bayes,0.0026879989130638403,5.000000000000103e-05,0.0026379989130638393
next_reward,10,e7_probability_forecasts:10:20,counts,0.001660639605704522,9.00000000000001e-05,0.0015706396057045217
next_reward,10,e7_probability_forecasts:10:20,means,0.003059037874102796,6.000000000000099e-05,0.002999037874102795
next_reward,10,e7_probability_forecasts:10:21,bayes,0.0024414508723599577,8.000000000000009e-05,0.0023614508723599575
next_reward,10,e7_probability_forecasts:10:21,counts,0.008662662993572082,0.00022000000000000014,0.008442662993572082
next_reward,10,e7_probability_forecasts:10:21,means,0.004176299357208454,0.00013000000000000506,0.004046299357208449
next_reward,10,e7_probability_forecasts:10:22,bayes,0.0015634240362811796,7.000000000000097e-05,0.0014934240362811787
next_reward,10,e7_probability_forecasts:10:22,counts,0.004022947845804987,6.000000000000012e-05,0.003962947845804987
next_reward,10,e7_probability_forecasts:10:22,means,0.0019372335600907112,6.000000000000197e-05,0.0018772335600907096
next_reward,10,e7_probability_forecasts:10:23,bayes,0.0025722855643634927,9.000000000000205e-05,0.0024822855643634907
next_reward,10,e7_probability_forecasts:10:23,counts,0.004856874308952258,0.00023000000000000307,0.004626874308952254
next_reward,10,e7_probability_forecasts:10:23,means,0.0027402076422855678,0.00014000000000000094,0.002600207642285567
next_reward,10,e7_probability_forecasts:10:24,bayes,0.0021556916099773186,5.9999999999999886e-05,0.0020956916099773184
next_reward,10,e7_probability_forecasts:10:24,counts,0.006316167800453516,0.00010999999999999999,0.006206167800453515
next_reward,10,e7_probability_forecasts:10:24,means,0.0027518820861678036,0.00010000000000000196,0.0026518820861678016
next_reward,10,e7_probability_forecasts:10:25,bayes,0.004297631228800043,0.00013999999999999842,0.004157631228800045
next_reward,10,e7_probability_forecasts:10:25,counts,0.0051584537396225484,0.00023000000000000827,0.004928453739622539
next_reward,10,e7_probability_forecasts:10:25,means,0.004968626899795716,8.000000000000197e-05,0.004888626899795715
next_reward,10,e7_probability_forecasts:10:26,bayes,0.0021927490114503055,7.99999999999997e-05,0.0021127490114503057
next_reward,10,e7_probability_forecasts:10:26,counts,0.006210151608852919,0.0001599999999999971,0.006050151608852921
next_reward,10,e7_probability_forecasts:10:26,means,0.0032470780157793254,6.999999999999984e-05,0.0031770780157793256
next_reward,10,e7_probability_forecasts:10:27,bayes,0.0017158330990798595,7.000000000000012e-05,0.0016458330990798593
next_reward,10,e7_probability_forecasts:10:27,counts,0.004535270328517062,6.0000000000001025e-05,0.004475270328517061
next_reward,10,e7_probability_forecasts:10:27,means,0.0022483006315473916,5.000000000000103e-05,0.0021983006315473906
next_reward,10,e7_probability_forecasts:10:28,bayes,0.0019258703922340366,8.9999999999999e-05,0.0018358703922340379
next_reward,10,e7_probability_forecasts:10:28,counts,0.006296736193099822,0.0001600000000000033,0.006136736193099818
next_reward,10,e7_probability_forecasts:10:28,means,0.002227472123835771,6.000000000000005e-05,0.0021674721238357708
next_reward,10,e7_probability_forecasts:10:29,bayes,0.0014863795656003386,2.0000000000000036e-05,0.0014663795656003388
next_reward,10,e7_probability_forecasts:10:29,counts,0.003089799479020246,0.00015000000000000202,0.0029397994790202444
next_reward,10,e7_probability_forecasts:10:29,means,0.0027450375742583645,5.0000000000000924e-05,0.002695037574258364
next_reward,10,e7_probability_forecasts:10:3,bayes,0.002516507936507934,4.000000000000007e-05,0.002476507936507934
next_reward,10,e7_probability_forecasts:10:3,counts,0.005170793650793667,8.000000000000014e-05,0.005090793650793667
next_reward,10,e7_probability_forecasts:10:3,means,0.0027293650793650892,5.0000000000001087e-05,0.0026793650793650882
next_reward,10,e7_probability_forecasts:10:30,bayes,0.0014674709994190588,9.9999999999999e-05,0.0013674709994190599
next_reward,10,e7_probability_forecasts:10:30,counts,0.001486864938813001,0.00024000000000000014,0.001246864938813001
next_reward,10,e7_probability_forecasts:10:30,means,0.0018502415621896259,4.000000000000096e-05,0.0018102415621896247
next_reward,10,e7_probability_forecasts:10:31,bayes,0.0019322782556548783,7.999999999999987e-05,0.001852278255654878
next_reward,10,e7_probability_forecasts:10:31,counts,0.005166131069507698,0.00012000000000000092,0.005046131069507697
next_reward,10,e7_probability_forecasts:10:31,means,0.0026370401604167973,6.000000000000099e-05,0.0025770401604167962
next_reward,10,e7_probability_forecasts:10:32,bayes,0.0018909651243417599,7.00000000000009e-05,0.0018209651243417588
next_reward,10,e7_probability_forecasts:10:32,counts,0.00437776166113829,0.00010000000000000013,0.00427776166113829
next_reward,10,e7_probability_forecasts:10:32,means,0.002952133955510589,4.000000000000096e-05,0.002912133955510588
next_reward,10,e7_probability_forecasts:10:33,bayes,0.002202879818594094,0.00010999999999999801,0.0020928798185940955
next_reward,10,e7_probability_forecasts:10:33,counts,0.0024185941043083662,6.000000000000012e-05,0.002358594104308366
next_reward,10,e7_probability_forecasts:10:33,means,0.003050022675736946,7.999999999999787e-05,0.0029700226757369483
next_reward,10,e7_probability_forecasts:10:34,bayes,0.002364553512865203,4e-05,0.0023245535128652035
next_reward,10,e7_probability_forecasts:10:34,counts,0.006483990742302434,0.00017000000000000324,0.006313990742302431
next_reward,10,e7_probability_forecasts:10:34,means,0.0028843803526920446,5.999999999999994e-05,0.002824380352692045
next_reward,10,e7_probability_forecasts:10:35,bayes,0.002351198440808843,4.000000000000007e-05,0.002311198440808843
next_reward,10,e7_probability_forecasts:10:35,counts,0.0037946183542287614,6.999999999999979e-05,0.0037246183542287608
next_reward,10,e7_probability_forecasts:10:35,means,0.00314379584340625,5.000000000000208e-05,0.0030937958434062475
next_reward,10,e7_probability_forecasts:10:36,bayes,0.0012956333277112503,4.999999999999993e-05,0.0012456333277112504
next_reward,10,e7_probability_forecasts:10:36,counts,0.0026738584359363364,6.000000000000008e-05,0.0026138584359363367
next_reward,10,e7_probability_forecasts:10:36,means,0.0019149839770619046,0.00014000000000000386,0.001774983977061901
next_reward,10,e7_probability_forecasts:10:37,bayes,0.0020462811791383184,9.00000000000008e-05,0.0019562811791383177
next_reward,10,e7_probability_forecasts:10:37,counts,0.007282947845804974,0.00012000000000000013,0.007162947845804973
next_reward,10,e7_probability_forecasts:10:37,means,0.0032339002267573747,0.00010999999999999668,0.0031239002267573783
next_reward,10,e7_probability_forecasts:10:38,bayes,0.0018153213020745483,7.999999999999997e-05,0.0017353213020745485
next_reward,10,e7_probability_forecasts:10:38,counts,0.010910256367009569,5.000000000000006e-05,0.010860256367009569
next_reward,10,e7_probability_forecasts:10:38,means,0.0020610355877888295,0.00011999999999999988,0.0019410355877888294
next_reward,10,e7_probability_forecasts:10:39,bayes,0.002870871797754926,4.999999999999898e-05,0.0028208717977549268
next_reward,10,e7_probability_forecasts:10:39,counts,0.0024340752609583773,5.000000000000096e-05,0.0023840752609583767
next_reward,10,e7_probability_forecasts:10:39,means,0.00417572028260342,7.000000000000212e-05,0.004105720282603418
next_reward,10,e7_probability_forecasts:10:4,bayes,0.0028663818144337534,3.999999999999996e-05,0.0028263818144337533
next_reward,10,e7_probability_forecasts:10:4,counts,0.004248329866381846,4.9999999999999874e-05,0.004198329866381846
next_reward,10,e7_probability_forecasts:10:4,means,0.004072658870710814,5.000000000000006e-05,0.004022658870710815
next_reward,10,e7_probability_forecasts:10:40,bayes,0.002857704315886135,5.9999999999999995e-05,0.002797704315886135
next_reward,10,e7_probability_forecasts:10:40,counts,0.008192855831037616,0.00012000000000000509,0.00807285583103761
next_reward,10,e7_probability_forecasts:10:40,means,0.0027577043158861347,0.0001200000000000001,0.002637704315886135
next_reward,10,e7_probability_forecasts:10:41,bayes,0.0012877869605142367,7.999999999999986e-05,0.001207786960514237
next_reward,10,e7_probability_forecasts:10:41,counts,0.007511120293847563,0.0002099999999999992,0.007301120293847564
next_reward,10,e7_probability_forecasts:10:41,means,0.0018438475665748528,9.000000000000396e-05,0.0017538475665748493
next_reward,10,e7_probability_forecasts:10:42,bayes,0.0026509313918404815,5.0000000000001087e-05,0.0026009313918404805
next_reward,10,e7_probability_forecasts:10:42,counts,0.006150931391840456,0.00023000000000000394,0.005920931391840452
next_reward,10,e7_probability_forecasts:10:42,means,0.0034540482749573663,6.999999999999972e-05,0.0033840482749573665
next_reward,10,e7_probability_forecasts:10:43,bayes,0.0014949166994621486,2.9999999999999055e-05,0.0014649166994621494
next_reward,10,e7_probability_forecasts:10:43,counts,0.004048942673488131,0.00017000000000000318,0.0038789426734881284
next_reward,10,e7_probability_forecasts:10:43,means,0.002188293322838769,8.000000000000096e-05,0.002108293322838768
next_reward,10,e7_probability_forecasts:10:44,bayes,0.0015086089091283946,7.999999999999987e-05,0.0014286089091283948
next_reward,10,e7_probability_forecasts:10:44,counts,0.009968176008695465,0.00014000000000000137,0.009828176008695464
next_reward,10,e7_probability_forecasts:10:44,means,0.002271466051985542,0.00012000000000000202,0.00215146605198554
next_reward,10,e7_probability_forecasts:10:45,bayes,0.0022356235827664358,4.9999999999999874e-05,0.002185623582766436
next_reward,10,e7_probability_forecasts:10:45,counts,0.00990467120181405,7.999999999999997e-05,0.009824671201814048
next_reward,10,e7_probability_forecasts:10:45,means,0.002734671201814051,4.9999999999999874e-05,0.002684671201814051
next_reward,10,e7_probability_forecasts:10:46,bayes,0.0024296726073349314,3.999999999999996e-05,0.0023896726073349317
next_reward,10,e7_probability_forecasts:10:46,counts,0.005601447499109804,0.00014000000000000118,0.005461447499109802
next_reward,10,e7_probability_forecasts:10:46,means,0.0026560362436985644,1.0000000000000018e-05,0.002646036243698565
next_reward,10,e7_probability_forecasts:10:47,bayes,0.0009972275632015965,3.999999999999996e-05,0.0009572275632015967
next_reward,10,e7_probability_forecasts:10:47,counts,0.005328353104327157,0.00028999999999999523,0.005038353104327162
next_reward,10,e7_probability_forecasts:10:47,means,0.0010206474766215061,6.999999999999894e-05,0.0009506474766215073
next_reward,10,e7_probability_forecasts:10:48,bayes,0.0014163771293641406,6.000000000000005e-05,0.0013563771293641407
next_reward,10,e7_probability_forecasts:10:48,counts,0.0063402732332602605,0.00011999999999999999,0.006220273233260259
next_reward,10,e7_probability_forecasts:10:48,means,0.0018526108955979042,7.000000000000006e-05,0.0017826108955979047
next_reward,10,e7_probability_forecasts:10:49,bayes,0.0023553514739228956,4.999999999999998e-05,0.0023053514739228955
next_reward,10,e7_probability_forecasts:10:49,counts,0.0026120181405895502,3.999999999999996e-05,0.00257201814058955
next_reward,10,e7_probability_forecasts:10:49,means,0.0030534467120181485,7.000000000000296e-05,0.0029834467120181457
next_reward,10,e7_probability_forecasts:10:5,bayes,0.002592471655328788,0.00010000000000000196,0.0024924716553287865
next_reward,10,e7_probability_forecasts:10:5,counts,0.0034034240362811755,0.00022999999999999505,0.0031734240362811805
next_reward,10,e7_probability_forecasts:10:5,means,0.0032234240362811724,4.999999999999998e-05,0.0031734240362811723
next_reward,10,e7_probability_forecasts:10:50,bayes,0.00360129532804855,8.000000000000197e-05,0.003521295328048548
next_reward,10,e7_probability_forecasts:10:50,counts,0.005048957665710902,2.9999999999999055e-05,0.005018957665710903
next_reward,10,e7_probability_forecasts:10:50,means,0.004295321302074513,0.0,0.004295321302074513
next_reward,10,e7_probability_forecasts:10:51,bayes,0.002720828882517204,0.0001100000000000001,0.002610828882517204
next_reward,10,e7_probability_forecasts:10:51,counts,0.0011291838608721804,9.999999999999986e-05,0.0010291838608721805
next_reward,10,e7_probability_forecasts:10:51,means,0.004013382995071324,0.00017000000000000118,0.0038433829950713224
next_reward,10,e7_probability_forecasts:10:52,bayes,0.002279886621315207,5.000000000000009e-05,0.0022298866213152067
next_reward,10,e7_probability_forecasts:10:52,counts,0.0035532199546485163,9.00000000000001e-05,0.0034632199546485156
next_reward,10,e7_probability_forecasts:10:52,means,0.0029475056689342543,0.00017000000000000196,0.002777505668934252
next_reward,10,e7_probability_forecasts:10:53,bayes,0.0014554564194823839,4.999999999999993e-05,0.001405456419482384
next_reward,10,e7_probability_forecasts:10:53,counts,0.003182252956278931,5.999999999999911e-05,0.0031222529562789313
next_reward,10,e7_probability_forecasts:10:53,means,0.001565759449785413,6.999999999999886e-05,0.001495759449785414
next_reward,10,e7_probability_forecasts:10:54,bayes,0.0019868773073967935,3.999999999999985e-05,0.0019468773073967939
next_reward,10,e7_probability_forecasts:10:54,counts,0.005096747437266926,9.999999999999979e-05,0.004996747437266925
next_reward,10,e7_probability_forecasts:10:54,means,0.0027756651861846763,5.000000000000192e-05,0.002725665186184675
next_reward,10,e7_probability_forecasts:10:55,bayes,0.004036365322988695,7.000000000000104e-05,0.003966365322988693
next_reward,10,e7_probability_forecasts:10:55,counts,0.006978053634676995,0.00012000000000000122,0.006858053634676994
next_reward,10,e7_probability_forecasts:10:55,means,0.005170131556754935,7.000000000000001e-05,0.005100131556754936
next_reward,10,e7_probability_forecasts:10:56,bayes,0.0025546365322988767,0.00010000000000000007,0.0024546365322988765
next_reward,10,e7_probability_forecasts:10:56,counts,0.00458467982234219,0.00028000000000000507,0.004304679822342184
next_reward,10,e7_probability_forecasts:10:56,means,0.003931562939225301,2.999999999999997e-05,0.003901562939225301
next_reward,10,e7_probability_forecasts:10:57,bayes,0.0034345488277955924,5.999999999999983e-05,0.0033745488277955927
next_reward,10,e7_probability_forecasts:10:57,counts,0.0062959773992241706,0.0001300000000000039,0.006165977399224167
next_reward,10,e7_probability_forecasts:10:57,means,0.004902990386237158,9.000000000000071e-05,0.004812990386237157
next_reward,10,e7_probability_forecasts:10:58,bayes,0.002748093926275727,6.000000000000014e-05,0.0026880939262757275
next_reward,10,e7_probability_forecasts:10:58,counts,0.003909652367834188,7.999999999999993e-05,0.0038296523678341887
next_reward,10,e7_probability_forecasts:10:58,means,0.0036727259609077773,9.000000000000213e-05,0.0035827259609077745
next_reward,10,e7_probability_forecasts:10:59,bayes,0.001384787391540652,4.000000000000093e-05,0.001344787391540651
next_reward,10,e7_probability_forecasts:10:59,counts,0.0026153934521466913,0.00025000000000000033,0.002365393452146691
next_reward,10,e7_probability_forecasts:10:59,means,0.0017320601188133803,5.9999999999999995e-05,0.00167206011881338
next_reward,10,e7_probability_forecasts:10:6,bayes,0.002100638481287832,5.000000000000101e-05,0.0020506384812878304
next_reward,10,e7_probability_forecasts:10:6,counts,0.006072802983452348,0.00010000000000000013,0.005972802983452348
next_reward,10,e7_probability_forecasts:10:6,means,0.003538473979123336,3.000000000000005e-05,0.003508473979123336
next_reward,10,e7_probability_forecasts:10:60,bayes,0.0019792970521542003,7.000000000000074e-05,0.0019092970521541997
next_reward,10,e7_probability_forecasts:10:60,counts,0.006651201814058922,0.0001800000000000003,0.006471201814058922
next_reward,10,e7_probability_forecasts:10:60,means,0.002745011337868488,3.000000000000094e-05,0.0027150113378684873
next_reward,10,e7_probability_forecasts:10:61,bayes,0.002115794306703395,4.000000000000002e-05,0.002075794306703395
next_reward,10,e7_probability_forecasts:10:61,counts,0.0044909458218549084,4.000000000000007e-05,0.004450945821854909
next_reward,10,e7_probability_forecasts:10:61,means,0.0034809458218549106,5.000000000000208e-05,0.0034309458218549083
next_reward,10,e7_probability_forecasts:10:62,bayes,0.0022198510147860813,8.999999999999999e-05,0.002129851014786081
next_reward,10,e7_probability_forecasts:10:62,counts,0.003333487378422468,0.00010000000000000009,0.003233487378422468
next_reward,10,e7_probability_forecasts:10:62,means,0.002870154045089112,7.000000000000104e-05,0.002800154045089111
next_reward,10,e7_probability_forecasts:10:63,bayes,0.0016179578718539752,5.0000000000000924e-05,0.001567957871853974
next_reward,10,e7_probability_forecasts:10:63,counts,0.005672157006053108,7.000000000000002e-05,0.005602157006053108
next_reward,10,e7_probability_forecasts:10:63,means,0.00265600981990593,6.0000000000002e-05,0.002596009819905928
next_reward,10,e7_probability_forecasts:10:64,bayes,0.002089212346095473,0.00011999999999999999,0.001969212346095473
next_reward,10,e7_probability_forecasts:10:64,counts,0.0034603811772643224,0.00011999999999999999,0.003340381177264322
next_reward,10,e7_probability_forecasts:10:64,means,0.0030716798785630104,7.000000000000102e-05,0.00300167987856301
next_reward,10,e7_probability_forecasts:10:65,bayes,0.0025852868199621477,5.0000000000000924e-05,0.0025352868199621467
next_reward,10,e7_probability_forecasts:10:65,counts,0.0010590097636850866,7.999999999999797e-05,0.0009790097636850886
next_reward,10,e7_probability_forecasts:10:65,means,0.0031455898502651862,4.0000000000001935e-05,0.0031055898502651844
next_reward,10,e7_probability_forecasts:10:66,bayes,0.0028546509623133074,9.000000000000105e-05,0.0027646509623133067
next_reward,10,e7_probability_forecasts:10:66,counts,0.008813568711231106,0.0002799999999999963,0.00853356871123111
next_reward,10,e7_probability_forecasts:10:66,means,0.0035263392740016186,4.999999999999898e-05,0.0034763392740016193
next_reward,10,e7_probability_forecasts:10:67,bayes,0.002525554056333287,6.99999999999999e-05,0.002455554056333287
next_reward,10,e7_probability_forecasts:10:67,counts,0.004452047562826788,0.00011000000000000014,0.004342047562826789
next_reward,10,e7_probability_forecasts:10:67,means,0.0036710086017878404,9.00000000000021e-05,0.0035810086017878384
next_reward,10,e7_probability_forecasts:10:68,bayes,0.001676149247577813,1.999999999999898e-05,0.001656149247577814
next_reward,10,e7_probability_forecasts:10:68,counts,0.0024912574726860515,4.9999999999999033e-05,0.0024412574726860523
next_reward,10,e7_probability_forecasts:10:68,means,0.0026248072562358163,6.000000000000086e-05,0.0025648072562358152
next_reward,10,e7_probability_forecasts:10:69,bayes,0.00209229568411386,4.9999999999999894e-05,0.00204229568411386
next_reward,10,e7_probability_forecasts:10:69,counts,0.003126235078053257,5.000000000000009e-05,0.003076235078053257
next_reward,10,e7_probability_forecasts:10:69,means,0.003453810835629017,6.0000000000002936e-05,0.0033938108356290136
next_reward,10,e7_probability_forecasts:10:7,bayes,0.002270099885684291,5.999999999999994e-05,0.0022100998856842908
next_reward,10,e7_probability_forecasts:10:7,counts,0.0019307925263769277,0.0001200000000000001,0.0018107925263769278
next_reward,10,e7_probability_forecasts:10:7,means,0.003261485167069568,5.000000000000006e-05,0.003211485167069568
next_reward,10,e7_probability_forecasts:10:70,bayes,0.002085804988662135,6.0000000000002055e-05,0.002025804988662133
next_reward,10,e7_probability_forecasts:10:70,counts,0.004352947845804993,3.0000000000000966e-05,0.004322947845804993
next_reward,10,e7_probability_forecasts:10:70,means,0.0020462811791383175,3.0000000000001027e-05,0.0020162811791383166
next_reward,10,e7_probability_forecasts:10:71,bayes,0.0012348246846948148,3.9999999999999014e-05,0.0011948246846948157
next_reward,10,e7_probability_forecasts:10:71,counts,0.006450971870841998,0.00031000000000000396,0.006140971870841994
next_reward,10,e7_probability_forecasts:10:71,means,0.0017505822604523915,0.00010000000000000105,0.0016505822604523904
next_reward,10,e7_probability_forecasts:10:72,bayes,0.0012969961207623672,7.000000000000189e-05,0.0012269961207623651
next_reward,10,e7_probability_forecasts:10:72,counts,0.0004580350818013167,0.00010999999999999992,0.0003480350818013168
next_reward,10,e7_probability_forecasts:10:72,means,0.0015994636532299042,4.000000000000407e-05,0.0015594636532299004
next_reward,10,e7_probability_forecasts:10:73,bayes,0.001875034013605442,0.0001300000000000018,0.0017450340136054398
next_reward,10,e7_probability_forecasts:10:73,counts,0.001830748299319708,7.999999999999911e-05,0.0017507482993197089
next_reward,10,e7_probability_forecasts:10:73,means,0.0023426530612244987,8.999999999999875e-05,0.0022526530612245
next_reward,10,e7_probability_forecasts:10:74,bayes,0.0015934399655178843,5.000000000000087e-05,0.0015434399655178835
next_reward,10,e7_probability_forecasts:10:74,counts,0.00048655684863477033,2.0000000000000147e-05,0.0004665568486347702
next_reward,10,e7_probability_forecasts:10:74,means,0.0024914919135698333,6.0000000000002095e-05,0.002431491913569831
next_reward,10,e7_probability_forecasts:10:75,bayes,0.002517542587282846,1.0000000000000018e-05,0.002507542587282846
next_reward,10,e7_probability_forecasts:10:75,counts,0.008397542587282838,3.000000000000006e-05,0.008367542587282839
next_reward,10,e7_probability_forecasts:10:75,means,0.002285334795075057,3.0000000000001054e-05,0.0022553347950750565
next_reward,10,e7_probability_forecasts:10:76,bayes,0.0024526414422518256,8.000000000000203e-05,0.0023726414422518237
next_reward,10,e7_probability_forecasts:10:76,counts,0.00564878862839901,0.00012999999999999985,0.005518788628399009
next_reward,10,e7_probability_forecasts:10:76,means,0.003863074342684724,7.000000000000108e-05,0.0037930743426847235
next_reward,10,e7_probability_forecasts:10:77,bayes,0.0010066055733588247,7.999999999999797e-05,0.0009266055733588268
next_reward,10,e7_probability_forecasts:10:77,counts,0.0005705016772549298,3.999999999999996e-05,0.0005305016772549299
next_reward,10,e7_probability_forecasts:10:77,means,0.0018281640149172677,4.000000000000296e-05,0.0017881640149172648
next_reward,10,e7_probability_forecasts:10:78,bayes,0.0014678476790165043,5.9999999999999995e-05,0.001407847679016504
next_reward,10,e7_probability_forecasts:10:78,counts,0.003906419107587922,7.000000000000008e-05,0.003836419107587921
next_reward,10,e7_probability_forecasts:10:78,means,0.0027637784149472573,0.00016000000000000202,0.0026037784149472555
next_reward,10,e7_probability_forecasts:10:79,bayes,0.001659977324263039,3.0000000000001054e-05,0.0016299773242630378
next_reward,10,e7_probability_forecasts:10:79,counts,0.002428548752834472,9.0000000000002e-05,0.00233854875283447
next_reward,10,e7_probability_forecasts:10:79,means,0.0020814058956916135,5.9999999999999e-05,0.002021405895691614
next_reward,10,e7_probability_forecasts:10:8,bayes,0.00199444069638876,2.9999999999999943e-05,0.00196444069638876
next_reward,10,e7_probability_forecasts:10:8,counts,0.003039505631453676,0.00016000000000000102,0.002879505631453674
next_reward,10,e7_probability_forecasts:10:8,means,0.00208063117257923,4.000000000000007e-05,0.00204063117257923
next_reward,10,e7_probability_forecasts:10:80,bayes,0.001825120406289235,9.000000000000005e-05,0.001735120406289235
next_reward,10,e7_probability_forecasts:10:80,counts,0.01091178707295586,0.00017000000000000118,0.010741787072955858
next_reward,10,e7_probability_forecasts:10:80,means,0.0026677178088866443,7e-05,0.0025977178088866446
next_reward,10,e7_probability_forecasts:10:81,bayes,0.0022026480013492907,3.9999999999999075e-05,0.0021626480013492914
next_reward,10,e7_probability_forecasts:10:81,counts,0.0069832973519986675,0.00023000000000000207,0.006753297351998665
next_reward,10,e7_probability_forecasts:10:81,means,0.00347706358576488,4.9999999999999006e-05,0.003427063585764881
next_reward,10,e7_probability_forecasts:10:82,bayes,0.0019761614287588294,4.999999999999984e-05,0.0019261614287588297
next_reward,10,e7_probability_forecasts:10:82,counts,0.00366867225126963,0.00015999999999999906,0.003508672251269631
next_reward,10,e7_probability_forecasts:10:82,means,0.0023764211690185675,2.999999999999997e-05,0.0023464211690185674
next_reward,10,e7_probability_forecasts:10:83,bayes,0.0015427853675905531,8.999999999999978e-05,0.0014527853675905533
next_reward,10,e7_probability_forecasts:10:83,counts,0.006802785367590575,0.0001499999999999999,0.006652785367590576
next_reward,10,e7_probability_forecasts:10:83,means,0.0022399282247334133,7.000000000000008e-05,0.002169928224733413
next_reward,10,e7_probability_forecasts:10:84,bayes,0.0027642163752553185,9.0000000000002e-05,0.0026742163752553165
next_reward,10,e7_probability_forecasts:10:84,counts,0.0029183722194111835,0.00010000000000000018,0.0028183722194111836
next_reward,10,e7_probability_forecasts:10:84,means,0.003158761829800782,5.000000000000009e-05,0.0031087618298007817
next_reward,10,e7_probability_forecasts:10:85,bayes,0.0014690985926050935,7.000000000000008e-05,0.0013990985926050936
next_reward,10,e7_probability_forecasts:10:85,counts,0.001876977380483875,0.00015000000000000012,0.0017269773804838753
next_reward,10,e7_probability_forecasts:10:85,means,0.0016291418826483873,3.9999999999999075e-05,0.0015891418826483883
next_reward,10,e7_probability_forecasts:10:86,bayes,0.0021320181405895607,0.0001,0.002032018140589561
next_reward,10,e7_probability_forecasts:10:86,counts,0.00513630385487529,0.00019000000000000315,0.004946303854875287
next_reward,10,e7_probability_forecasts:10:86,means,0.002898208616780046,5.000000000000103e-05,0.002848208616780045
next_reward,10,e7_probability_forecasts:10:87,bayes,0.0028067584940312178,4.000000000000002e-05,0.0027667584940312176
next_reward,10,e7_probability_forecasts:10:87,counts,0.006525719532992291,0.00012000000000000209,0.006405719532992289
next_reward,10,e7_probability_forecasts:10:87,means,0.003558143775416505,5.000000000000009e-05,0.003508143775416505
next_reward,10,e7_probability_forecasts:10:88,bayes,0.003432744513783465,3.999999999999996e-05,0.0033927445137834655
next_reward,10,e7_probability_forecasts:10:88,counts,0.004910926331965241,8.000000000000203e-05,0.004830926331965239
next_reward,10,e7_probability_forecasts:10:88,means,0.004190320271359226,4.000000000000096e-05,0.004150320271359224
next_reward,10,e7_probability_forecasts:10:89,bayes,0.0025544332002773507,3.0000000000001e-05,0.00252443320027735
next_reward,10,e7_probability_forecasts:10:89,counts,0.003754563070407215,0.00014000000000000118,0.0036145630704072134
next_reward,10,e7_probability_forecasts:10:89,means,0.002889281685125834,0.00010000000000000192,0.0027892816851258326
next_reward,10,e7_probability_forecasts:10:9,bayes,0.002465237345626954,0.0001500000000000028,0.002315237345626951
next_reward,10,e7_probability_forecasts:10:9,counts,0.003006059856449465,7.999999999999998e-05,0.002926059856449465
next_reward,10,e7_probability_forecasts:10:9,means,0.0030432892936789096,8.000000000000501e-05,0.002963289293678904
next_reward,10,e7_probability_forecasts:10:90,bayes,0.002263537414965968,2.0000000000000036e-05,0.0022435374149659677
next_reward,10,e7_probability_forecasts:10:90,counts,0.00400163265306122,8.000000000000009e-05,0.00392163265306122
next_reward,10,e7_probability_forecasts:10:90,means,0.002829251700680262,1.999999999999998e-05,0.0028092517006802617
next_reward,10,e7_probability_forecasts:10:91,bayes,0.0025510711943179535,7.000000000000097e-05,0.002481071194317953
next_reward,10,e7_probability_forecasts:10:91,counts,0.0034056166488633964,0.00021000000000000212,0.003195616648863394
next_reward,10,e7_probability_forecasts:10:91,means,0.0031289499821967404,4.000000000000107e-05,0.0030889499821967394
next_reward,10,e7_probability_forecasts:10:92,bayes,0.0017220715503832433,3.999999999999993e-05,0.0016820715503832431
next_reward,10,e7_probability_forecasts:10:92,counts,0.008568045576357288,0.00047999999999999746,0.00808804557635729
next_reward,10,e7_probability_forecasts:10:92,means,0.0021236299919416882,0.00012000000000000103,0.0020036299919416875
next_reward,10,e7_probability_forecasts:10:93,bayes,0.0017614049586776818,5.0000000000001866e-05,0.00171140495867768
next_reward,10,e7_probability_forecasts:10:93,counts,0.00573958677685949,0.00027000000000000504,0.005469586776859483
next_reward,10,e7_probability_forecasts:10:93,means,0.0023132231404958737,2.000000000000098e-05,0.002293223140495873
next_reward,10,e7_probability_forecasts:10:94,bayes,0.0009288337924701617,0.00010000000000000192,0.0008288337924701597
next_reward,10,e7_probability_forecasts:10:94,counts,0.003493682277318637,0.00014000000000000001,0.003353682277318636
next_reward,10,e7_probability_forecasts:10:94,means,0.0013273186409550098,5.000000000000203e-05,0.0012773186409550078
next_reward,10,e7_probability_forecasts:10:95,bayes,0.0014766512996383038,8.999999999999872e-05,0.001386651299638305
next_reward,10,e7_probability_forecasts:10:95,counts,0.0006482530312400425,9.00000000000008e-05,0.0005582530312400416
next_reward,10,e7_probability_forecasts:10:95,means,0.0024004608234478213,7.000000000000119e-05,0.0023304608234478207
next_reward,10,e7_probability_forecasts:10:96,bayes,0.0018664277281160453,6.999999999999995e-05,0.001796427728116045
next_reward,10,e7_probability_forecasts:10:96,counts,0.004602271883960227,0.0001900000000000007,0.004412271883960226
next_reward,10,e7_probability_forecasts:10:96,means,0.0028485056501939767,4.9999999999999955e-05,0.002798505650193977
next_reward,10,e7_probability_forecasts:10:97,bayes,0.001987324263038548,3.0000000000001e-05,0.001957324263038547
next_reward,10,e7_probability_forecasts:10:97,counts,0.0065692290249433,0.0004099999999999951,0.006159229024943305
next_reward,10,e7_probability_forecasts:10:97,means,0.00280589569160999,4.000000000000207e-05,0.0027658956916099876
next_reward,10,e7_probability_forecasts:10:98,bayes,0.0022311043646108617,0.00012000000000000205,0.0021111043646108597
next_reward,10,e7_probability_forecasts:10:98,counts,0.002172965836472322,0.00012999999999999923,0.002042965836472323
next_reward,10,e7_probability_forecasts:10:98,means,0.0025462991698056705,5.000000000000089e-05,0.0024962991698056695
next_reward,10,e7_probability_forecasts:10:99,bayes,0.003342440921272062,2.9999999999999e-05,0.003312440921272063
next_reward,10,e7_probability_forecasts:10:99,counts,0.007256856505687678,0.00014000000000000118,0.007116856505687677
next_reward,10,e7_probability_forecasts:10:99,means,0.004532484211315341,5.000000000000009e-05,0.00448248421131534
next_reward,15,e7_probability_forecasts:15:0,bayes,0.001944759031252534,4.666666666666738e-05,0.0018980923645858668
next_reward,15,e7_probability_forecasts:15:0,counts,0.0068471544136479105,0.00015333333333333274,0.006693821080314577
next_reward,15,e7_probability_forecasts:15:0,means,0.002829982696476206,8.000000000000128e-05,0.0027499826964762055
next_reward,15,e7_probability_forecasts:15:1,bayes,0.0026728495842781555,7.333333333333527e-05,0.0025995162509448197
next_reward,15,e7_probability_forecasts:15:1,counts,0.004087135298563859,9.333333333333531e-05,0.003993801965230523
next_reward,15,e7_probability_forecasts:15:1,means,0.003269357520786095,6.666666666666929e-05,0.003202690854119425
next_reward,15,e7_probability_forecasts:15:10,bayes,0.0019825245653817014,6.666666666666537e-05,0.0019158578987150362
next_reward,15,e7_probability_forecasts:15:10,counts,0.005130951693808837,0.0001000000000000001,0.005030951693808836
next_reward,15,e7_probability_forecasts:15:10,means,0.003120648663505808,0.0001333333333333353,0.0029873153301724726
next_reward,15,e7_probability_forecasts:15:11,bayes,0.0017582547803326914,5.999999999999988e-05,0.0016982547803326914
next_reward,15,e7_probability_forecasts:15:11,counts,0.005403420725498638,7.999999999999999e-05,0.0053234207254986374
next_reward,15,e7_probability_forecasts:15:11,means,0.00235002967210759,6.666666666666723e-05,0.002283363005440923
next_reward,15,e7_probability_forecasts:15:12,bayes,0.0021745285882948063,5.999999999999993e-05,0.0021145285882948066
next_reward,15,e7_probability_forecasts:15:12,counts,0.003254182267948472,7.333333333333475e-05,0.003180848934615137
next_reward,15,e7_probability_forecasts:15:12,means,0.0027861303198965484,6.000000000000266e-05,0.002726130319896546
next_reward,15,e7_probability_forecasts:15:13,bayes,0.0020842200608434326,9.333333333333309e-05,0.0019908867275100998
next_reward,15,e7_probability_forecasts:15:13,counts,0.008299775616398952,0.0001533333333333355,0.008146442283065616
next_reward,15,e7_probability_forecasts:15:13,means,0.002696081532704916,6.000000000000122e-05,0.0026360815327049147
next_reward,15,e7_probability_forecasts:15:14,bayes,0.0019980552588344845,5.333333333333317e-05,0.0019447219255011516
next_reward,15,e7_probability_forecasts:15:14,counts,0.006387117307896512,0.00020666666666666818,0.006180450641229843
next_reward,15,e7_probability_forecasts:15:14,means,0.0022875213483005744,8.000000000000059e-05,0.0022075213483005738
next_reward,15,e7_probability_forecasts:15:15,bayes,0.0025854430514170796,5.333333333333323e-05,0.002532109718083746
next_reward,15,e7_probability_forecasts:15:15,counts,0.008314447380421378,0.00022666666666667235,0.008087780713754704
next_reward,15,e7_probability_forecasts:15:15,means,0.00306255704853108,3.999999999999977e-05,0.0030225570485310797
next_reward,15,e7_probability_forecasts:15:16,bayes,0.001768816051673196,3.333333333333266e-05,0.0017354827183398633
next_reward,15,e7_probability_forecasts:15:16,counts,0.006747488490345647,0.00015999999999999887,0.006587488490345648
next_reward,15,e7_probability_forecasts:15:16,means,0.002124804507661662,9.333333333333727e-05,0.0020314711743283248
next_reward,15,e7_probability_forecasts:15:17,bayes,0.002083411605229785,8.66666666666666e-05,0.0019967449385631187
next_reward,15,e7_probability_forecasts:15:17,counts,0.002418851720669904,6.666666666666737e-05,0.0023521850540032365
next_reward,15,e7_probability_forecasts:15:17,means,0.0027027478245660094,3.3333333333334006e-05,0.002669414491232675
next_reward,15,e7_probability_forecasts:15:18,bayes,0.0025288435374149704,7.333333333333469e-05,0.002455510204081636
next_reward,15,e7_probability_forecasts:15:18,counts,0.01107836734693879,0.000186666666666669,0.010891700680272122
next_reward,15,e7_probability_forecasts:15:18,means,0.003309795918367365,4.666666666666793e-05,0.0032631292517006976
next_reward,15,e7_probability_forecasts:15:19,bayes,0.002723271802752315,5.333333333333269e-05,0.002669938469418982
next_reward,15,e7_probability_forecasts:15:19,counts,0.005619433418913943,9.333333333333463e-05,0.005526100085580608
next_reward,15,e7_probability_forecasts:15:19,means,0.00315553731501783,5.333333333333336e-05,0.0031022039816844963
next_reward,15,e7_probability_forecasts:15:2,bayes,0.0019446800722125238,5.999999999999988e-05,0.0018846800722125238
next_reward,15,e7_probability_forecasts:15:2,counts,0.004402631010163469,0.0001400000000000006,0.0042626310101634675
next_reward,15,e7_probability_forecasts:15:2,means,0.0029141461616786204,0.0001000000000000013,0.002814146161678619
next_reward,15,e7_probability_forecasts:15:20,bayes,0.0022492928043577414,4.6666666666666604e-05,0.0022026261376910748
next_reward,15,e7_probability_forecasts:15:20,counts,0.0071884847235496535,0.00012000000000000065,0.0070684847235496515
next_reward,15,e7_probability_forecasts:15:20,means,0.003023030178095129,3.333333333333332e-05,0.0029896968447617957
next_reward,15,e7_probability_forecasts:15:21,bayes,0.0017737990917211738,7.999999999999929e-05,0.0016937990917211744
next_reward,15,e7_probability_forecasts:15:21,counts,0.003971894329816389,5.333333333333529e-05,0.003918560996483053
next_reward,15,e7_probability_forecasts:15:21,means,0.0020144340123560978,0.00012000000000000258,0.0018944340123560953
next_reward,15,e7_probability_forecasts:15:22,bayes,0.0032270645852463817,4.6666666666666624e-05,0.0031803979185797146
next_reward,15,e7_probability_forecasts:15:22,counts,0.004695982334164148,0.00016666666666666758,0.004529315667497481
next_reward,15,e7_probability_forecasts:15:22,means,0.003754366172547982,8.000000000000325e-05,0.0036743661725479786
next_reward,15,e7_probability_forecasts:15:23,bayes,0.0026086668790564873,6.000000000000133e-05,0.002548666879056486
next_reward,15,e7_probability_forecasts:15:23,counts,0.002000239750629339,4.666666666666673e-05,0.001953573083962672
next_reward,15,e7_probability_forecasts:15:23,means,0.0034197779901676026,0.00010666666666666856,0.0033131113235009345
next_reward,15,e7_probability_forecasts:15:24,bayes,0.002086996995308689,5.999999999999996e-05,0.002026996995308689
next_reward,15,e7_probability_forecasts:15:24,counts,0.005963504931816621,0.0001333333333333328,0.0058301715984832875
next_reward,15,e7_probability_forecasts:15:24,means,0.002884313012624713,8.000000000000056e-05,0.002804313012624712
next_reward,15,e7_probability_forecasts:15:25,bayes,0.0024751780014117615,0.0001200000000000018,0.00235517800141176
next_reward,15,e7_probability_forecasts:15:25,counts,0.005105567611801348,0.00012666666666666672,0.004978900945134681
next_reward,15,e7_probability_forecasts:15:25,means,0.0031930423592761085,9.333333333333384e-05,0.003099709025942775
next_reward,15,e7_probability_forecasts:15:26,bayes,0.0017540410911839545,4.000000000000003e-05,0.0017140410911839546
next_reward,15,e7_probability_forecasts:15:26,counts,0.0024105201676630087,0.00010000000000000078,0.0023105201676630075
next_reward,15,e7_probability_forecasts:15:26,means,0.003100419157562028,5.333333333333469e-05,0.003047085824228694
next_reward,15,e7_probability_forecasts:15:27,bayes,0.001821032839214659,7.99999999999999e-05,0.0017410328392146591
next_reward,15,e7_probability_forecasts:15:27,counts,0.0076505566487384685,0.00011333333333333409,0.0075372233154051334
next_reward,15,e7_probability_forecasts:15:27,means,0.0022588971970790173,5.333333333333391e-05,0.0022055638637456837
next_reward,15,e7_probability_forecasts:15:28,bayes,0.001835585789871509,5.3333333333333245e-05,0.0017822524565381758
next_reward,15,e7_probability_forecasts:15:28,counts,0.007237173091458787,7.333333333333406e-05,0.007163839758125453
next_reward,15,e7_probability_forecasts:15:28,means,0.002630823885109613,6.0000000000001255e-05,0.0025708238851096113
next_reward,15,e7_probability_forecasts:15:29,bayes,0.0035668971720919716,4.000000000000008e-05,0.003526897172091972
next_reward,15,e7_probability_forecasts:15:29,counts,0.013430706695901547,9.999999999999934e-05,0.013330706695901548
next_reward,15,e7_probability_forecasts:15:29,means,0.0042200573452521465,2.6666666666666714e-05,0.0041933906785854794
next_reward,15,e7_probability_forecasts:15:3,bayes,0.0016436073786723138,9.333333333333328e-05,0.0015502740453389805
next_reward,15,e7_probability_forecasts:15:3,counts,0.002208657883722818,0.00011333333333333395,0.002095324550389484
next_reward,15,e7_probability_forecasts:15:3,means,0.0024238671189320566,4.0000000000001386e-05,0.002383867118932055
next_reward,15,e7_probability_forecasts:15:30,bayes,0.002208807930885841,5.333333333333332e-05,0.002155474597552508
next_reward,15,e7_probability_forecasts:15:30,counts,0.0041492119712898765,8.666666666666802e-05,0.004062545304623208
next_reward,15,e7_probability_forecasts:15:30,means,0.0028765135585914767,7.999999999999921e-05,0.002796513558591478
next_reward,15,e7_probability_forecasts:15:31,bayes,0.0018546938775510157,6.666666666666579e-05,0.0017880272108843499
next_reward,15,e7_probability_forecasts:15:31,counts,0.0019407256235827552,0.00012666666666666683,0.0018140589569160884
next_reward,15,e7_probability_forecasts:15:31,means,0.0025058049886621265,0.00012666666666666382,0.0023791383219954627
next_reward,15,e7_probability_forecasts:15:32,bayes,0.0017824805881948768,5.333333333333391e-05,0.0017291472548615428
next_reward,15,e7_probability_forecasts:15:32,counts,0.0019678485535628266,4.666666666666742e-05,0.001921181886896159
next_reward,15,e7_probability_forecasts:15:32,means,0.0025428846285989164,7.999999999999944e-05,0.002462884628598917
next_reward,15,e7_probability_forecasts:15:33,bayes,0.0023339077853363433,5.3333333333333204e-05,0.00228057445200301
next_reward,15,e7_probability_forecasts:15:33,counts,0.004739939531368099,9.999999999999991e-05,0.004639939531368099
next_reward,15,e7_probability_forecasts:15:33,means,0.0031180347694633277,1.3333333333334023e-05,0.003104701436129994
next_reward,15,e7_probability_forecasts:15:34,bayes,0.001751914194511597,2.6666666666666643e-05,0.0017252475278449302
next_reward,15,e7_probability_forecasts:15:34,counts,0.004656560659158063,0.00010666666666666672,0.004549893992491396
next_reward,15,e7_probability_forecasts:15:34,means,0.001798898321495722,5.33333333333333e-05,0.0017455649881623887
next_reward,15,e7_probability_forecasts:15:35,bayes,0.001976333277112497,4.000000000000066e-05,0.0019363332771124959
next_reward,15,e7_probability_forecasts:15:35,counts,0.006336910477689711,0.0003866666666666695,0.005950243811023042
next_reward,15,e7_probability_forecasts:15:35,means,0.002278180318959551,4.666666666666868e-05,0.0022315136522928825
next_reward,15,e7_probability_forecasts:15:36,bayes,0.0025657976174859186,3.333333333333319e-05,0.002532464284152586
next_reward,15,e7_probability_forecasts:15:36,counts,0.004210270921959209,8.000000000000002e-05,0.00413027092195921
next_reward,15,e7_probability_forecasts:15:36,means,0.0034143690460573532,8.000000000000268e-05,0.003334369046057351
next_reward,15,e7_probability_forecasts:15:37,bayes,0.0020156375130401106,7.333333333333333e-05,0.001942304179706777
next_reward,15,e7_probability_forecasts:15:37,counts,0.006031077628480244,0.0001600000000000013,0.0058710776284802415
next_reward,15,e7_probability_forecasts:15:37,means,0.0029288265462291577,8.66666666666686e-05,0.0028421598795624896
next_reward,15,e7_probability_forecasts:15:38,bayes,0.001975499709525681,3.9999999999999996e-05,0.0019354997095256813
next_reward,15,e7_probability_forecasts:15:38,counts,0.005784677198703164,0.00017333333333333396,0.00561134386536983
next_reward,15,e7_probability_forecasts:15:38,means,0.002689265943291918,6.66666666666678e-05,0.00262259927662525
next_reward,15,e7_probability_forecasts:15:39,bayes,0.0023283816520180195,7.999999999999986e-05,0.0022483816520180197
next_reward,15,e7_probability_forecasts:15:39,counts,0.004069622633258991,0.00011999999999999937,0.003949622633258992
next_reward,15,e7_probability_forecasts:15:39,means,0.0033171262407626157,8.000000000000124e-05,0.003237126240762615
next_reward,15,e7_probability_forecasts:15:4,bayes,0.00225909659364205,8.000000000000063e-05,0.0021790965936420497
next_reward,15,e7_probability_forecasts:15:4,counts,0.0031139306484760845,5.333333333333332e-05,0.003060597315142751
next_reward,15,e7_probability_forecasts:15:4,means,0.0026902365647820115,3.3333333333333355e-05,0.002656903231448678
next_reward,15,e7_probability_forecasts:15:40,bayes,0.0025788739591336993,9.333333333333387e-05,0.0024855406258003656
next_reward,15,e7_probability_forecasts:15:40,counts,0.008170475690735444,0.00011333333333333415,0.00805714235740211
next_reward,15,e7_probability_forecasts:15:40,means,0.0035561322563920053,6.666666666666858e-05,0.0034894655897253365
next_reward,15,e7_probability_forecasts:15:41,bayes,0.003247713373687384,4.666666666666672e-05,0.0032010467070207175
next_reward,15,e7_probability_forecasts:15:41,counts,0.007066270372244402,0.00018666666666666942,0.006879603705577732
next_reward,15,e7_probability_forecasts:15:41,means,0.004106068352042367,7.333333333333458e-05,0.0040327350187090326
next_reward,15,e7_probability_forecasts:15:42,bayes,0.001820948507961502,8.666666666666737e-05,0.0017342818412948346
next_reward,15,e7_probability_forecasts:15:42,counts,0.00555087635788934,7.333333333333336e-05,0.005477543024556007
next_reward,15,e7_probability_forecasts:15:42,means,0.0017001115671245604,5.3333333333334004e-05,0.0016467782337912266
next_reward,15,e7_probability_forecasts:15:43,bayes,0.0013865957034788314,5.3333333333333984e-05,0.0013332623701454974
next_reward,15,e7_probability_forecasts:15:43,counts,0.0027969564538395755,7.33333333333334e-05,0.0027236231205062427
next_reward,15,e7_probability_forecasts:15:43,means,0.0015215163383994626,4.666666666666808e-05,0.0014748496717327947
next_reward,15,e7_probability_forecasts:15:44,bayes,0.0018771417327261466,3.999999999999926e-05,0.0018371417327261476
next_reward,15,e7_probability_forecasts:15:44,counts,0.001929522685107085,0.00026000000000000144,0.0016695226851070834
next_reward,15,e7_probability_forecasts:15:44,means,0.0029369685725529914,3.333333333333402e-05,0.0029036352392196574
next_reward,15,e7_probability_forecasts:15:45,bayes,0.002122475465852087,9.333333333333261e-05,0.0020291421325187545
next_reward,15,e7_probability_forecasts:15:45,counts,0.00928100360438024,0.00011333333333333348,0.009167670271046905
next_reward,15,e7_probability_forecasts:15:45,means,0.0029043513677279938,6.666666666666592e-05,0.002837684701061328
next_reward,15,e7_probability_forecasts:15:46,bayes,0.0032524647838933288,8.000000000000117e-05,0.0031724647838933277
next_reward,15,e7_probability_forecasts:15:46,counts,0.00852380677523532,0.00018666666666666953,0.008337140108568652
next_reward,15,e7_probability_forecasts:15:46,means,0.004014860166288711,8.666666666666716e-05,0.003928193499622044
next_reward,15,e7_probability_forecasts:15:47,bayes,0.001984442070675839,5.333333333333395e-05,0.0019311087373425052
next_reward,15,e7_probability_forecasts:15:47,counts,0.0020300120562458186,4.6666666666666536e-05,0.001983345389579152
next_reward,15,e7_probability_forecasts:15:47,means,0.0027789009451347105,0.00010666666666666652,0.0026722342784680437
next_reward,15,e7_probability_forecasts:15:48,bayes,0.0027871582866387935,7.333333333333325e-05,0.00271382495330546
next_reward,15,e7_probability_forecasts:15:48,counts,0.007998384837865358,0.00012000000000000006,0.007878384837865357
next_reward,15,e7_probability_forecasts:15:48,means,0.0035095825290630336,7.333333333333524e-05,0.0034362491957296987
next_reward,15,e7_probability_forecasts:15:49,bayes,0.002112865950788037,3.999999999999996e-05,0.002072865950788037
next_reward,15,e7_probability_forecasts:15:49,counts,0.004778637956560023,7.333333333333545e-05,0.004705304623226687
next_reward,15,e7_probability_forecasts:15:49,means,0.002864150222072307,9.333333333333314e-05,0.0027708168887389736
next_reward,15,e7_probability_forecasts:15:5,bayes,0.002289362393258486,6.666666666666725e-05,0.002222695726591819
next_reward,15,e7_probability_forecasts:15:5,counts,0.0050025225664186495,0.000273333333333331,0.004729189233085319
next_reward,15,e7_probability_forecasts:15:5,means,0.002715653879549979,3.333333333333328e-05,0.0026823205462166455
next_reward,15,e7_probability_forecasts:15:50,bayes,0.0020998160954004974,3.333333333333326e-05,0.0020664827620671643
next_reward,15,e7_probability_forecasts:15:50,counts,0.005272687668272078,8.666666666666682e-05,0.005186021001605411
next_reward,15,e7_probability_forecasts:15:50,means,0.0027118795874640066,6.000000000000133e-05,0.002651879587464005
next_reward,15,e7_probability_forecasts:15:51,bayes,0.002970380739991117,0.00011333333333333182,0.002857047406657785
next_reward,15,e7_probability_forecasts:15:51,counts,0.0065933244629348365,0.00017333333333333472,0.0064199911296015
next_reward,15,e7_probability_forecasts:15:51,means,0.0034273504369608312,6.0000000000001364e-05,0.00336735043696083
next_reward,15,e7_probability_forecasts:15:52,bayes,0.002070493306597198,0.0001533333333333325,0.001917159973263865
next_reward,15,e7_probability_forecasts:15:52,counts,0.0028459911420950254,0.00011999999999999985,0.002725991142095026
next_reward,15,e7_probability_forecasts:15:52,means,0.0024873764234803206,3.9999999999999204e-05,0.0024473764234803214
next_reward,15,e7_probability_forecasts:15:53,bayes,0.0022544609983571164,6.66666666666665e-05,0.00218779433169045
next_reward,15,e7_probability_forecasts:15:53,counts,0.0025993094832055803,7.333333333333339e-05,0.002525976149872247
next_reward,15,e7_probability_forecasts:15:53,means,0.0029206370445331578,6.0000000000000666e-05,0.0028606370445331563
next_reward,15,e7_probability_forecasts:15:54,bayes,0.0020344842363024082,8.666666666666649e-05,0.0019478175696357415
next_reward,15,e7_probability_forecasts:15:54,counts,0.002981439503257666,0.00015333333333333334,0.002828106169924333
next_reward,15,e7_probability_forecasts:15:54,means,0.002691655953474125,9.333333333333338e-05,0.0025983226201407913
next_reward,15,e7_probability_forecasts:15:55,bayes,0.002825752390947194,8.000000000000123e-05,0.0027457523909471928
next_reward,15,e7_probability_forecasts:15:55,counts,0.005528898134092947,7.999999999999937e-05,0.0054488981340929474
next_reward,15,e7_probability_forecasts:15:55,means,0.0035880323332271335,4.666666666666667e-05,0.003541365666560467
next_reward,15,e7_probability_forecasts:15:56,bayes,0.002521250351380226,2.6666666666667307e-05,0.002494583684713559
next_reward,15,e7_probability_forecasts:15:56,counts,0.006701914132044014,0.0001600000000000021,0.006541914132044012
next_reward,15,e7_probability_forecasts:15:56,means,0.003708927119056999,7.333333333333587e-05,0.0036355937857236635
next_reward,15,e7_probability_forecasts:15:57,bayes,0.0018603833011625155,7.333333333333127e-05,0.0017870499678291842
next_reward,15,e7_probability_forecasts:15:57,counts,0.0009317541525333713,0.00010666666666666618,0.0008250874858667051
next_reward,15,e7_probability_forecasts:15:57,means,0.0026872519880312058,0.00014666666666666718,0.0025405853213645384
next_reward,15,e7_probability_forecasts:15:58,bayes,0.0014222714466870345,6.666666666666801e-05,0.0013556047800203665
next_reward,15,e7_probability_forecasts:15:58,counts,0.0014237433081588893,8.666666666666663e-05,0.0013370766414922226
next_reward,15,e7_probability_forecasts:15:58,means,0.0019903811147967045,8.666666666666808e-05,0.0019037144481300365
next_reward,15,e7_probability_forecasts:15:59,bayes,0.002780496742314912,6.000000000000073e-05,0.0027204967423149116
next_reward,15,e7_probability_forecasts:15:59,counts,0.007401218243036415,0.00022000000000000012,0.007181218243036414
next_reward,15,e7_probability_forecasts:15:59,means,0.0035699051117232825,9.333333333333459e-05,0.003476571778389948
next_reward,15,e7_probability_forecasts:15:6,bayes,0.0015964896959702042,3.333333333333269e-05,0.0015631563626368715
next_reward,15,e7_probability_forecasts:15:6,counts,0.003551092870573383,8.000000000000003e-05,0.003471092870573383
next_reward,15,e7_probability_forecasts:15:6,means,0.0020797220192025306,8.666666666666797e-05,0.0019930553525358626
next_reward,15,e7_probability_forecasts:15:60,bayes,0.001911238545004786,6.666666666666656e-05,0.0018445718783381196
next_reward,15,e7_probability_forecasts:15:60,counts,0.002658684432450654,8.666666666666656e-05,0.0025720177657839872
next_reward,15,e7_probability_forecasts:15:60,means,0.002756779670545926,8.000000000000067e-05,0.002676779670545926
next_reward,15,e7_probability_forecasts:15:61,bayes,0.002746233266493,3.333333333333325e-05,0.0027128999331596662
next_reward,15,e7_probability_forecasts:15:61,counts,0.00540204856230829,0.00016666666666666753,0.005235381895641623
next_reward,15,e7_probability_forecasts:15:61,means,0.0028602303804901156,6.0000000000001994e-05,0.0028002303804901133
next_reward,15,e7_probability_forecasts:15:62,bayes,0.0032711478420569453,5.3333333333333265e-05,0.003217814508723612
next_reward,15,e7_probability_forecasts:15:62,counts,0.004991753902663,8.666666666666739e-05,0.004905087235996332
next_reward,15,e7_probability_forecasts:15:62,means,0.0037400367309458403,6.000000000000261e-05,0.0036800367309458375
next_reward,15,e7_probability_forecasts:15:63,bayes,0.002164715678741639,5.9999999999999365e-05,0.0021047156787416398
next_reward,15,e7_probability_forecasts:15:63,counts,0.005149448723474708,8.000000000000003e-05,0.005069448723474709
next_reward,15,e7_probability_forecasts:15:63,means,0.002324917698943668,9.33333333333346e-05,0.0022315843656103332
next_reward,15,e7_probability_forecasts:15:64,bayes,0.0029370217949438535,6.0000000000000015e-05,0.002877021794943854
next_reward,15,e7_probability_forecasts:15:64,counts,0.002973645171567244,0.0001333333333333354,0.0028403118382339084
next_reward,15,e7_probability_forecasts:15:64,means,0.004228277206199273,7.333333333333545e-05,0.004154943872865937
next_reward,15,e7_probability_forecasts:15:65,bayes,0.0026759812097474304,0.00010000000000000197,0.0025759812097474284
next_reward,15,e7_probability_forecasts:15:65,counts,0.0057118542256204404,6.666666666666599e-05,0.005645187558953774
next_reward,15,e7_probability_forecasts:15:65,means,0.003248102421868652,8.666666666666782e-05,0.003161435755201984
next_reward,15,e7_probability_forecasts:15:66,bayes,0.0022824388598414614,6.0000000000000666e-05,0.0022224388598414612
next_reward,15,e7_probability_forecasts:15:66,counts,0.0050720492494518606,0.00011333333333333462,0.004958715916118526
next_reward,15,e7_probability_forecasts:15:66,means,0.0024606206780232822,7.33333333333321e-05,0.0023872873446899507
next_reward,15,e7_probability_forecasts:15:67,bayes,0.0017384785392577696,6.0000000000000517e-05,0.0016784785392577695
next_reward,15,e7_probability_forecasts:15:67,counts,0.0015763140370932476,5.333333333333343e-05,0.0015229807037599142
next_reward,15,e7_probability_forecasts:15:67,means,0.0021257224065016397,6.0000000000002034e-05,0.0020657224065016373
next_reward,15,e7_probability_forecasts:15:68,bayes,0.002138946421543828,6.666666666666652e-05,0.0020722797548771614
next_reward,15,e7_probability_forecasts:15:68,counts,0.0047953100579074615,0.00020666666666666818,0.004588643391240793
next_reward,15,e7_probability_forecasts:15:68,means,0.002641284083881499,8.000000000000329e-05,0.0025612840838814955
next_reward,15,e7_probability_forecasts:15:69,bayes,0.0028127333945515576,7.99999999999999e-05,0.002732733394551558
next_reward,15,e7_probability_forecasts:15:69,counts,0.006563642485460635,0.00010000000000000135,0.006463642485460633
next_reward,15,e7_probability_forecasts:15:69,means,0.003433541475359638,7.333333333333321e-05,0.0033602081420263047
next_reward,15,e7_probability_forecasts:15:7,bayes,0.002096688592792494,5.3333333333334655e-05,0.002043355259459159
next_reward,15,e7_probability_forecasts:15:7,counts,0.006934610670714576,0.00013333333333333123,0.006801277337381244
next_reward,15,e7_probability_forecasts:15:7,means,0.00264915612526003,6.0000000000001994e-05,0.002589156125260028
next_reward,15,e7_probability_forecasts:15:70,bayes,0.0014775042946471618,5.333333333333395e-05,0.0014241709613138276
next_reward,15,e7_probability_forecasts:15:70,counts,0.0033826990998419753,9.999999999999868e-05,0.0032826990998419763
next_reward,15,e7_probability_forecasts:15:70,means,0.0020455273826702563,2.666666666666738e-05,0.002018860716003589
next_reward,15,e7_probability_forecasts:15:71,bayes,0.0012249468088429188,5.3333333333334655e-05,0.0011716134755095844
next_reward,15,e7_probability_forecasts:15:71,counts,0.004273806837702945,0.00020666666666666403,0.004067140171036281
next_reward,15,e7_probability_forecasts:15:71,means,0.001566534110430222,4.000000000000207e-05,0.0015265341104302198
next_reward,15,e7_probability_forecasts:15:72,bayes,0.002206585458793237,5.999999999999993e-05,0.0021465854587932372
next_reward,15,e7_probability_forecasts:15:72,counts,0.005812386324594086,0.00013333333333333545,0.005679052991260752
next_reward,15,e7_probability_forecasts:15:72,means,0.00265882211102989,6.0000000000000476e-05,0.0025988221110298895
next_reward,15,e7_probability_forecasts:15:73,bayes,0.0018060873421912494,5.3333333333334614e-05,0.0017527540088579146
next_reward,15,e7_probability_forecasts:15:73,counts,0.002821267717371617,0.00012000000000000011,0.0027012677173716177
next_reward,15,e7_probability_forecasts:15:73,means,0.0020813542974582014,5.333333333333317e-05,0.0020280209641248682
next_reward,15,e7_probability_forecasts:15:74,bayes,0.0029131832861702847,3.9999999999999996e-05,0.0028731832861702846
next_reward,15,e7_probability_forecasts:15:74,counts,0.007631278524265533,0.00012000000000000065,0.007511278524265531
next_reward,15,e7_probability_forecasts:15:74,means,0.0034402251332121335,7.999999999999922e-05,0.003360225133212134
next_reward,15,e7_probability_forecasts:15:75,bayes,0.0027694822061055556,4.666666666666667e-05,0.002722815539438889
next_reward,15,e7_probability_forecasts:15:75,counts,0.004105355221978577,0.0001000000000000001,0.0040053552219785765
next_reward,15,e7_probability_forecasts:15:75,means,0.003616639493262846,6.0000000000000666e-05,0.0035566394932628454
next_reward,15,e7_probability_forecasts:15:76,bayes,0.002569085411942548,7.333333333333195e-05,0.0024957520786092154
next_reward,15,e7_probability_forecasts:15:76,counts,0.007183371126228253,0.00014666666666666599,0.007036704459561586
next_reward,15,e7_probability_forecasts:15:76,means,0.0030947996976568378,4.666666666666601e-05,0.0030481330309901715
next_reward,15,e7_probability_forecasts:15:77,bayes,0.002362160629173622,6.666666666666781e-05,0.002295493962506954
next_reward,15,e7_probability_forecasts:15:77,counts,0.0029431707301837027,0.00010666666666666679,0.002836504063517036
next_reward,15,e7_probability_forecasts:15:77,means,0.003397514164527159,7.333333333333451e-05,0.0033241808311938246
next_reward,15,e7_probability_forecasts:15:78,bayes,0.0029441783324900194,8.666666666666504e-05,0.002857511665823354
next_reward,15,e7_probability_forecasts:15:78,counts,0.004611999400311091,0.00026000000000000014,0.00435199940031109
next_reward,15,e7_probability_forecasts:15:78,means,0.003243139371451069,6.666666666666863e-05,0.0031764727047844
next_reward,15,e7_probability_forecasts:15:79,bayes,0.0012776839514501892,0.00010666666666666634,0.001171017284783523
next_reward,15,e7_probability_forecasts:15:79,counts,0.00286158005534627,9.333333333333463e-05,0.0027682467220129354
next_reward,15,e7_probability_forecasts:15:79,means,0.001752287126053365,4.666666666666795e-05,0.0017056204593866972
next_reward,15,e7_probability_forecasts:15:8,bayes,0.0019000734618916484,4.666666666666664e-05,0.0018534067952249817
next_reward,15,e7_probability_forecasts:15:8,counts,0.002675224977043158,5.333333333333343e-05,0.0026218916437098245
next_reward,15,e7_probability_forecasts:15:8,means,0.0027574471992653786,7.333333333333394e-05,0.0026841138659320445
next_reward,15,e7_probability_forecasts:15:80,bayes,0.00266499840707634,3.333333333333397e-05,0.0026316650737430057
next_reward,15,e7_probability_forecasts:15:80,counts,0.0037397458818238067,0.00019333333333333033,0.003546412548490476
next_reward,15,e7_probability_forecasts:15:80,means,0.0030912033132812614,4.666666666666732e-05,0.0030445366466145944
next_reward,15,e7_probability_forecasts:15:81,bayes,0.0023321851789384314,6.666666666666737e-05,0.002265518512271764
next_reward,15,e7_probability_forecasts:15:81,counts,0.0047989095656628435,9.333333333333344e-05,0.004705576232329509
next_reward,15,e7_probability_forecasts:15:81,means,0.002808635395388646,8.666666666666802e-05,0.002721968728721978
next_reward,15,e7_probability_forecasts:15:82,bayes,0.0015898100360438063,8.00000000000007e-05,0.0015098100360438056
next_reward,15,e7_probability_forecasts:15:82,counts,0.005593446399680176,6.666666666666671e-05,0.005526779733013509
next_reward,15,e7_probability_forecasts:15:82,means,0.0021723208585546195,8.000000000000066e-05,0.002092320858554619
next_reward,15,e7_probability_forecasts:15:83,bayes,0.0024686698775010286,7.999999999999926e-05,0.0023886698775010293
next_reward,15,e7_probability_forecasts:15:83,counts,0.006670516919348069,8.000000000000072e-05,0.006590516919348068
next_reward,15,e7_probability_forecasts:15:83,means,0.002841974350805496,4.666666666666596e-05,0.0027953076841388306
next_reward,15,e7_probability_forecasts:15:84,bayes,0.001959598083494184,8.666666666666653e-05,0.0018729314168275174
next_reward,15,e7_probability_forecasts:15:84,counts,0.0016602041441002439,0.00011333333333333342,0.0015468708107669105
next_reward,15,e7_probability_forecasts:15:84,means,0.002631979035875132,4.666666666666601e-05,0.0025853123692084665
next_reward,15,e7_probability_forecasts:15:85,bayes,0.003137506918286119,7.999999999999999e-05,0.0030575069182861192
next_reward,15,e7_probability_forecasts:15:85,counts,0.007205270266049506,8.000000000000144e-05,0.007125270266049505
next_reward,15,e7_probability_forecasts:15:85,means,0.004404981665760882,4.000000000000066e-05,0.004364981665760881
next_reward,15,e7_probability_forecasts:15:86,bayes,0.0029696582397880996,6.666666666666591e-05,0.0029029915731214337
next_reward,15,e7_probability_forecasts:15:86,counts,0.008325271515401389,0.0001866666666666671,0.00813860484873472
next_reward,15,e7_probability_forecasts:15:86,means,0.0037308703610002204,2.666666666666668e-05,0.003704203694333554
next_reward,15,e7_probability_forecasts:15:87,bayes,0.001335010213451771,6.66666666666653e-05,0.0012683435467851056
next_reward,15,e7_probability_forecasts:15:87,counts,0.003222542680984242,5.9999999999999365e-05,0.003162542680984243
next_reward,15,e7_probability_forecasts:15:87,means,0.0015261213245628892,5.333333333333262e-05,0.0014727879912295567
next_reward,15,e7_probability_forecasts:15:88,bayes,0.0026459807724742964,0.00010000000000000255,0.0025459807724742935
next_reward,15,e7_probability_forecasts:15:88,counts,0.006991925938419463,0.00010666666666666805,0.006885259271752795
next_reward,15,e7_probability_forecasts:15:88,means,0.003319227525721049,4.666666666666672e-05,0.003272560859054382
next_reward,15,e7_probability_forecasts:15:89,bayes,0.0014774489483580383,6.000000000000114e-05,0.0014174489483580373
next_reward,15,e7_probability_forecasts:15:89,counts,0.002506482137391218,0.00015333333333333526,0.0023531488040578826
next_reward,15,e7_probability_forecasts:15:89,means,0.002347261358170453,5.333333333333415e-05,0.0022939280248371187
next_reward,15,e7_probability_forecasts:15:9,bayes,0.0016092382076797625,7.99999999999999e-05,0.0015292382076797625
next_reward,15,e7_probability_forecasts:15:9,counts,0.0006707100691516268,9.333333333333413e-05,0.0005773767358182927
next_reward,15,e7_probability_forecasts:15:9,means,0.0024584156968572527,4.0000000000001955e-05,0.002418415696857251
next_reward,15,e7_probability_forecasts:15:90,bayes,0.0022892543243192556,7.333333333333322e-05,0.002215920990985923
next_reward,15,e7_probability_forecasts:15:90,counts,0.004051274526339456,0.00012666666666666797,0.003924607859672789
next_reward,15,e7_probability_forecasts:15:90,means,0.0027765559116208535,5.3333333333334614e-05,0.0027232225782875185
next_reward,15,e7_probability_forecasts:15:91,bayes,0.0018643526170798953,6.666666666666583e-05,0.0017976859504132297
next_reward,15,e7_probability_forecasts:15:91,counts,0.0035506152433424994,4.666666666666742e-05,0.003503948576675832
next_reward,15,e7_probability_forecasts:15:91,means,0.002774453627180915,7.333333333333538e-05,0.0027011202938475795
next_reward,15,e7_probability_forecasts:15:92,bayes,0.0026178877207448594,5.333333333333402e-05,0.0025645543874115253
next_reward,15,e7_probability_forecasts:15:92,counts,0.008246949769806895,0.0001400000000000013,0.008106949769806892
next_reward,15,e7_probability_forecasts:15:92,means,0.0028727506356077803,7.333333333333375e-05,0.0027994173022744466
next_reward,15,e7_probability_forecasts:15:93,bayes,0.002415161385031504,7.999999999999984e-05,0.002335161385031504
next_reward,15,e7_probability_forecasts:15:93,counts,0.004589764559634667,9.333333333333325e-05,0.004496431226301334
next_reward,15,e7_probability_forecasts:15:93,means,0.003336027185897326,0.0001333333333333373,0.0032026938525639885
next_reward,15,e7_probability_forecasts:15:94,bayes,0.0020260468631897186,7.333333333333524e-05,0.0019527135298563832
next_reward,15,e7_probability_forecasts:15:94,counts,0.004025729402872274,5.3333333333333245e-05,0.003972396069538941
next_reward,15,e7_probability_forecasts:15:94,means,0.00302128495842781,5.3333333333334004e-05,0.0029679516250944765
next_reward,15,e7_probability_forecasts:15:95,bayes,0.002452838465046265,5.9999999999999846e-05,0.0023928384650462654
next_reward,15,e7_probability_forecasts:15:95,counts,0.005870991423199202,6.666666666666675e-05,0.005804324756532534
next_reward,15,e7_probability_forecasts:15:95,means,0.002651222303430111,8.66666666666665e-05,0.0025645556367634445
next_reward,15,e7_probability_forecasts:15:96,bayes,0.002832457162846775,5.333333333333409e-05,0.0027791238295134407
next_reward,15,e7_probability_forecasts:15:96,counts,0.005333178663568267,0.00010666666666666813,0.0052265119969016
next_reward,15,e7_probability_forecasts:15:96,means,0.00296662743701705,4.666666666666801e-05,0.002919960770350382
next_reward,15,e7_probability_forecasts:15:97,bayes,0.0026450451328373305,5.333333333333457e-05,0.0025917117995039956
next_reward,15,e7_probability_forecasts:15:97,counts,0.007068450616242809,4.666666666666679e-05,0.007021783949576143
next_reward,15,e7_probability_forecasts:15:97,means,0.0032685371963293982,8.000000000000066e-05,0.0031885371963293976
next_reward,15,e7_probability_forecasts:15:98,bayes,0.0021479761123916986,5.999999999999996e-05,0.002087976112391699
next_reward,15,e7_probability_forecasts:15:98,counts,0.00489781738223299,0.00019333333333333493,0.004704484048899655
next_reward,15,e7_probability_forecasts:15:98,means,0.00279397899839459,4.666666666666808e-05,0.002747312331727922
next_reward,15,e7_probability_forecasts:15:99,bayes,0.0018551249039560657,6.66666666666666e-05,0.001788458237289399
next_reward,15,e7_probability_forecasts:15:99,counts,0.003945341354172518,7.999999999999926e-05,0.003865341354172519
next_reward,15,e7_probability_forecasts:15:99,means,0.002592758381589541,6.0000000000000496e-05,0.0025327583815895408
