experiment,family,k,horizon,policy,metric,mean,ci_low,ci_high,n,n_metric_missing
e3_exact_online,prior,2,20,bayes_direct,pseudo_regret,0.9443007383407374,0.7768168051200549,1.1276171386756961,200,0
e3_exact_online,prior,2,20,bayes_direct,reward,12.23,11.525,12.93,200,0
e3_exact_online,prior,2,20,bayes_direct,exact_loss,0.06488700468448272,0.046447305919063285,0.08522573377496655,200,0
e3_exact_online,prior,2,20,bayes_direct,optimal_agreement,0.90875,0.8865000000000001,0.9289999999999999,200,0
e3_exact_online,prior,2,20,bayes_direct,posterior_mean_greedy,0.99775,0.99525,0.9995,200,0
e3_exact_online,prior,2,20,bayes_direct,unseen_fraction,0.08800000000000001,0.08475000000000002,0.091,200,0
e3_exact_online,prior,2,20,bayes_direct,switches,2.515,2.0648750000000002,2.995,200,0
e3_exact_online,prior,2,20,bayes_direct,arms_visited,1.76,1.7,1.82,200,0
e3_exact_online,prior,2,20,bayes_direct,best_arm_fraction,0.7617499999999999,0.7155000000000001,0.8054999999999999,200,0
e3_exact_online,prior,2,20,bayes_direct,suffix_failure,0.045,0.02,0.075,200,0
e3_exact_online,prior,2,20,bayes_direct,choice_mismatch_fraction,0.0,0.0,0.0,200,0
e3_exact_online,prior,2,20,bayes_sample,pseudo_regret,1.3441671305355003,1.1984744341902345,1.4990465512127165,200,0
e3_exact_online,prior,2,20,bayes_sample,reward,11.67,10.964875,12.335125,200,0
e3_exact_online,prior,2,20,bayes_sample,exact_loss,0.4152136289490757,0.3631397218706882,0.46903629629258375,200,0
e3_exact_online,prior,2,20,bayes_sample,optimal_agreement,0.8652500000000001,0.8477437499999999,0.88125,200,0
e3_exact_online,prior,2,20,bayes_sample,posterior_mean_greedy,0.899,0.889,0.90875,200,0
e3_exact_online,prior,2,20,bayes_sample,unseen_fraction,0.09849999999999999,0.09725,0.0995,200,0
e3_exact_online,prior,2,20,bayes_sample,switches,5.295,4.87,5.72,200,0
e3_exact_online,prior,2,20,bayes_sample,arms_visited,1.97,1.945,1.99,200,0
e3_exact_online,prior,2,20,bayes_sample,best_arm_fraction,0.71875,0.68375,0.7525,200,0
e3_exact_online,prior,2,20,bayes_sample,suffix_failure,0.01,0.0,0.025,200,0
e3_exact_online,prior,2,20,bayes_sample,choice_mismatch_fraction,0.0,0.0,0.0,200,0
e3_exact_online,prior,2,20,bayes_ucb,pseudo_regret,0.9114588267564634,0.7959634889092129,1.0332678778270628,200,0
e3_exact_online,prior,2,20,bayes_ucb,reward,12.225,11.495,12.925,200,0
e3_exact_online,prior,2,20,bayes_ucb,exact_loss,0.058033259269735786,0.04624041044785941,0.07072383963238356,200,0
e3_exact_online,prior,2,20,bayes_ucb,optimal_agreement,0.95175,0.9440000000000001,0.9590000000000001,200,0
e3_exact_online,prior,2,20,bayes_ucb,posterior_mean_greedy,0.9484999999999999,0.9394999999999999,0.9570000000000001,200,0
e3_exact_online,prior,2,20,bayes_ucb,unseen_fraction,0.09425,0.092,0.09625000000000002,200,0
e3_exact_online,prior,2,20,bayes_ucb,switches,3.305,2.87,3.77,200,0
e3_exact_online,prior,2,20,bayes_ucb,arms_visited,1.885,1.84,1.925,200,0
e3_exact_online,prior,2,20,bayes_ucb,best_arm_fraction,0.7827500000000001,0.74925,0.81475,200,0
e3_exact_online,prior,2,20,bayes_ucb,suffix_failure,0.005,0.0,0.015,200,0
e3_exact_online,prior,2,20,counts_direct,pseudo_regret,0.9945707596416122,0.7916887771356774,1.2170674814979285,200,0
e3_exact_online,prior,2,20,counts_direct,reward,12.12,11.399875,12.81,200,0
e3_exact_online,prior,2,20,counts_direct,exact_loss,0.18517007049668943,0.1419366291429424,0.23256748736939212,200,0
e3_exact_online,prior,2,20,counts_direct,optimal_agreement,0.83175,0.7977500000000001,0.86525625,200,0
e3_exact_online,prior,2,20,counts_direct,posterior_mean_greedy,0.9677500000000001,0.95825,0.97625,200,0
e3_exact_online,prior,2,20,counts_direct,unseen_fraction,0.08,0.07675,0.08324999999999999,200,0
e3_exact_online,prior,2,20,counts_direct,switches,2.23,1.765,2.7301249999999984,200,0
e3_exact_online,prior,2,20,counts_direct,arms_visited,1.6,1.535,1.67,200,0
e3_exact_online,prior,2,20,counts_direct,best_arm_fraction,0.7555,0.7077500000000001,0.8002499999999999,200,0
e3_exact_online,prior,2,20,counts_direct,suffix_failure,0.08,0.045,0.12,200,0
e3_exact_online,prior,2,20,counts_direct,choice_mismatch_fraction,0.0,0.0,0.0,200,0
e3_exact_online,prior,2,20,counts_sample,pseudo_regret,1.369294564229735,1.220488982179097,1.5267254155340788,200,0
e3_exact_online,prior,2,20,counts_sample,reward,11.735,11.05,12.395,200,0
e3_exact_online,prior,2,20,counts_sample,exact_loss,0.48902452577676214,0.4281825648071564,0.5515966074997586,200,0
e3_exact_online,prior,2,20,counts_sample,optimal_agreement,0.83975,0.82,0.8590000000000001,200,0
e3_exact_online,prior,2,20,counts_sample,posterior_mean_greedy,0.88375,0.8719999999999999,0.8955,200,0
e3_exact_online,prior,2,20,counts_sample,unseen_fraction,0.09799999999999999,0.0965,0.09925,200,0
e3_exact_online,prior,2,20,counts_sample,switches,5.005,4.575,5.46,200,0
e3_exact_online,prior,2,20,counts_sample,arms_visited,1.96,1.93,1.985,200,0
e3_exact_online,prior,2,20,counts_sample,best_arm_fraction,0.7122499999999999,0.67625,0.7469999999999999,200,0
e3_exact_online,prior,2,20,counts_sample,suffix_failure,0.0,0.0,0.0,200,0
e3_exact_online,prior,2,20,counts_sample,choice_mismatch_fraction,0.0,0.0,0.0,200,0
e3_exact_online,prior,2,20,dp_direct,pseudo_regret,0.8917361902585756,0.7582452073678115,1.034816239839231,200,0
e3_exact_online,prior,2,20,dp_direct,reward,12.275,11.56,12.995,200,0
e3_exact_online,prior,2,20,dp_direct,exact_loss,0.0,0.0,0.0,200,0
e3_exact_online,prior,2,20,dp_direct,optimal_agreement,1.0,1.0,1.0,200,0
e3_exact_online,prior,2,20,dp_direct,posterior_mean_greedy,0.96675,0.95975,0.9734999999999999,200,0
e3_exact_online,prior,2,20,dp_direct,unseen_fraction,0.0925,0.09,0.095,200,0
e3_exact_online,prior,2,20,dp_direct,switches,3.05,2.59,3.54,200,0
e3_exact_online,prior,2,20,dp_direct,arms_visited,1.85,1.8,1.895,200,0
e3_exact_online,prior,2,20,dp_direct,best_arm_fraction,0.7692499999999999,0.7277437499999999,0.8094999999999999,200,0
e3_exact_online,prior,2,20,dp_direct,suffix_failure,0.025,0.005,0.05,200,0
e3_exact_online,prior,2,20,dp_direct,choice_mismatch_fraction,0.0,0.0,0.0,200,0
e3_exact_online,prior,2,20,exact,pseudo_regret,0.8791479861547816,0.751048352796495,1.015056648240806,200,0
e3_exact_online,prior,2,20,exact,reward,12.3,11.58,13.015,200,0
e3_exact_online,prior,2,20,exact,exact_loss,0.0,0.0,0.0,200,0
e3_exact_online,prior,2,20,exact,optimal_agreement,1.0,1.0,1.0,200,0
e3_exact_online,prior,2,20,exact,posterior_mean_greedy,0.96875,0.9620000000000001,0.9747499999999999,200,0
e3_exact_online,prior,2,20,exact,unseen_fraction,0.09225,0.08975,0.09475,200,0
e3_exact_online,prior,2,20,exact,switches,2.74,2.365,3.14,200,0
e3_exact_online,prior,2,20,exact,arms_visited,1.845,1.795,1.895,200,0
e3_exact_online,prior,2,20,exact,best_arm_fraction,0.7692499999999999,0.7265,0.8089999999999999,200,0
e3_exact_online,prior,2,20,exact,suffix_failure,0.03,0.01,0.055,200,0
e3_exact_online,prior,2,20,finite_ap_index,pseudo_regret,0.8711276021732153,0.7337953381231048,1.01610261458146,200,0
e3_exact_online,prior,2,20,finite_ap_index,reward,12.28,11.565,12.98,200,0
e3_exact_online,prior,2,20,finite_ap_index,exact_loss,0.00164330233376905,0.0010820771895768205,0.002285822802342281,200,0
e3_exact_online,prior,2,20,finite_ap_index,optimal_agreement,0.98375,0.97875,0.9884999999999999,200,0
e3_exact_online,prior,2,20,finite_ap_index,posterior_mean_greedy,0.97625,0.9702500000000001,0.9815,200,0
e3_exact_online,prior,2,20,finite_ap_index,unseen_fraction,0.09125,0.08850000000000001,0.09375,200,0
e3_exact_online,prior,2,20,finite_ap_index,switches,2.53,2.145,2.93,200,0
e3_exact_online,prior,2,20,finite_ap_index,arms_visited,1.825,1.77,1.875,200,0
e3_exact_online,prior,2,20,finite_ap_index,best_arm_fraction,0.7667499999999999,0.7245,0.8075,200,0
e3_exact_online,prior,2,20,finite_ap_index,suffix_failure,0.025,0.005,0.05,200,0
e3_exact_online,prior,2,20,finite_ap_index,index_ambiguous_ranking_fraction,0.0,0.0,0.0,200,0
e3_exact_online,prior,2,20,greedy,pseudo_regret,0.7778416463080692,0.6293628052759691,0.9375654460918035,200,0
e3_exact_online,prior,2,20,greedy,reward,12.355,11.64,13.065,200,0
e3_exact_online,prior,2,20,greedy,exact_loss,0.06234919397565641,0.045839700217802364,0.08175280442892494,200,0
e3_exact_online,prior,2,20,greedy,optimal_agreement,0.90375,0.8825,0.92425,200,0
e3_exact_online,prior,2,20,greedy,posterior_mean_greedy,1.0,1.0,1.0,200,0
e3_exact_online,prior,2,20,greedy,unseen_fraction,0.08574999999999999,0.0825,0.08875,200,0
e3_exact_online,prior,2,20,greedy,switches,2.155,1.775,2.57,200,0
e3_exact_online,prior,2,20,greedy,arms_visited,1.715,1.654875,1.775,200,0
e3_exact_online,prior,2,20,greedy,best_arm_fraction,0.7935000000000001,0.7515000000000001,0.8334999999999999,200,0
e3_exact_online,prior,2,20,greedy,suffix_failure,0.02,0.005,0.04,200,0
e3_exact_online,prior,2,20,ids,pseudo_regret,0.9027111365132118,0.7777234420484933,1.0340458570096194,200,0
e3_exact_online,prior,2,20,ids,reward,12.265,11.56,12.975,200,0
e3_exact_online,prior,2,20,ids,exact_loss,0.036150705415568446,0.02670062599286107,0.04594945996928227,200,0
e3_exact_online,prior,2,20,ids,optimal_agreement,0.9640000000000001,0.9572499999999999,0.9704999999999999,200,0
e3_exact_online,prior,2,20,ids,posterior_mean_greedy,0.95525,0.9475,0.9627500000000001,200,0
e3_exact_online,prior,2,20,ids,unseen_fraction,0.09275,0.09025,0.095,200,0
e3_exact_online,prior,2,20,ids,switches,3.07,2.65,3.51,200,0
e3_exact_online,prior,2,20,ids,arms_visited,1.855,1.805,1.9,200,0
e3_exact_online,prior,2,20,ids,best_arm_fraction,0.7705000000000001,0.73224375,0.80625,200,0
e3_exact_online,prior,2,20,ids,suffix_failure,0.02,0.005,0.04,200,0
e3_exact_online,prior,2,20,knowledge_gradient,pseudo_regret,0.9453189222755647,0.808490395630937,1.0914961693031204,200,0
e3_exact_online,prior,2,20,knowledge_gradient,reward,12.2,11.499875,12.9,200,0
e3_exact_online,prior,2,20,knowledge_gradient,exact_loss,0.03159859089912234,0.02342342154571107,0.04035849494553181,200,0
e3_exact_online,prior,2,20,knowledge_gradient,optimal_agreement,0.9534999999999999,0.9407499999999999,0.9655000000000001,200,0
e3_exact_online,prior,2,20,knowledge_gradient,posterior_mean_greedy,0.9332499999999999,0.9192500000000001,0.94625,200,0
e3_exact_online,prior,2,20,knowledge_gradient,unseen_fraction,0.0925,0.09,0.09475000000000001,200,0
e3_exact_online,prior,2,20,knowledge_gradient,switches,3.1,2.61,3.6001249999999985,200,0
e3_exact_online,prior,2,20,knowledge_gradient,arms_visited,1.85,1.8,1.9,200,0
e3_exact_online,prior,2,20,knowledge_gradient,best_arm_fraction,0.76725,0.72775,0.8059999999999999,200,0
e3_exact_online,prior,2,20,knowledge_gradient,suffix_failure,0.03,0.01,0.055,200,0
e3_exact_online,prior,2,20,random,pseudo_regret,3.4190960535777184,3.091996861421621,3.760237463295131,200,0
e3_exact_online,prior,2,20,random,reward,9.7,9.064874999999999,10.33,200,0
e3_exact_online,prior,2,20,random,exact_loss,2.510542258033877,2.2902581335417707,2.737659083097104,200,0
e3_exact_online,prior,2,20,random,optimal_agreement,0.54875,0.5327500000000001,0.565,200,0
e3_exact_online,prior,2,20,random,posterior_mean_greedy,0.5539999999999999,0.53749375,0.5705,200,0
e3_exact_online,prior,2,20,random,unseen_fraction,0.1,0.1,0.1,200,0
e3_exact_online,prior,2,20,random,switches,9.195,8.895,9.495,200,0
e3_exact_online,prior,2,20,random,arms_visited,2.0,2.0,2.0,200,0
e3_exact_online,prior,2,20,random,best_arm_fraction,0.49375,0.47825,0.50925,200,0
e3_exact_online,prior,2,20,random,suffix_failure,0.0,0.0,0.0,200,0
e3_exact_online,prior,2,20,ts,pseudo_regret,1.4557073421677404,1.3114210344385773,1.6089115012112485,200,0
e3_exact_online,prior,2,20,ts,reward,11.605,10.92,12.3,200,0
e3_exact_online,prior,2,20,ts,exact_loss,0.5025147587487888,0.45877480337168086,0.5470385362447848,200,0
e3_exact_online,prior,2,20,ts,optimal_agreement,0.8107500000000001,0.7927500000000001,0.82825,200,0
e3_exact_online,prior,2,20,ts,posterior_mean_greedy,0.8269999999999998,0.8109999999999999,0.8419999999999999,200,0
e3_exact_online,prior,2,20,ts,unseen_fraction,0.1,0.1,0.1,200,0
e3_exact_online,prior,2,20,ts,switches,5.71,5.295,6.13,200,0
e3_exact_online,prior,2,20,ts,arms_visited,2.0,2.0,2.0,200,0
e3_exact_online,prior,2,20,ts,best_arm_fraction,0.69625,0.6644999999999999,0.7277499999999999,200,0
e3_exact_online,prior,2,20,ts,suffix_failure,0.0,0.0,0.0,200,0
e3_exact_online,prior,2,20,ucb1,pseudo_regret,1.843174837208616,1.7112172741412255,1.9752589723423875,200,0
e3_exact_online,prior,2,20,ucb1,reward,11.255,10.595,11.915,200,0
e3_exact_online,prior,2,20,ucb1,exact_loss,0.9325280647608268,0.8656865360554686,0.9997458539489954,200,0
e3_exact_online,prior,2,20,ucb1,optimal_agreement,0.7609999999999999,0.7467500000000001,0.775,200,0
e3_exact_online,prior,2,20,ucb1,posterior_mean_greedy,0.75125,0.7369999999999999,0.765,200,0
e3_exact_online,prior,2,20,ucb1,unseen_fraction,0.1,0.1,0.1,200,0
e3_exact_online,prior,2,20,ucb1,switches,9.215,8.83,9.6,200,0
e3_exact_online,prior,2,20,ucb1,arms_visited,2.0,2.0,2.0,200,0
e3_exact_online,prior,2,20,ucb1,best_arm_fraction,0.6625,0.6445000000000001,0.6809999999999999,200,0
e3_exact_online,prior,2,20,ucb1,suffix_failure,0.0,0.0,0.0,200,0
e4_scaling,clear,2,100,bayes_direct,pseudo_regret,3.339999999999999,1.0,6.359999999999999,40,0
e4_scaling,clear,2,100,bayes_direct,reward,66.3,62.875,69.325,40,0
e4_scaling,clear,2,100,bayes_direct,posterior_mean_greedy,0.9960000000000001,0.9879999999999999,1.0,40,0
e4_scaling,clear,2,100,bayes_direct,unseen_fraction,0.017499999999999998,0.016000000000000004,0.01875,40,0
e4_scaling,clear,2,100,bayes_direct,switches,1.375,1.025,1.775,40,0
e4_scaling,clear,2,100,bayes_direct,arms_visited,1.75,1.625,1.875,40,0
e4_scaling,clear,2,100,bayes_direct,best_arm_fraction,0.9164999999999999,0.84199375,0.9744999999999999,40,0
e4_scaling,clear,2,100,bayes_direct,suffix_failure,0.025,0.0,0.075,40,0
e4_scaling,clear,2,100,bayes_direct,choice_mismatch_fraction,0.0,0.0,0.0,40,0
e4_scaling,clear,2,100,bayes_sample,pseudo_regret,3.25,2.78,3.75,40,0
e4_scaling,clear,2,100,bayes_sample,reward,66.35,64.675,67.95,40,0
e4_scaling,clear,2,100,bayes_sample,posterior_mean_greedy,0.9350000000000002,0.9265000000000001,0.9434999999999999,40,0
e4_scaling,clear,2,100,bayes_sample,unseen_fraction,0.02,0.02,0.02,40,0
e4_scaling,clear,2,100,bayes_sample,switches,13.125,11.55,14.7,40,0
e4_scaling,clear,2,100,bayes_sample,arms_visited,2.0,2.0,2.0,40,0
e4_scaling,clear,2,100,bayes_sample,best_arm_fraction,0.91875,0.906,0.93025,40,0
e4_scaling,clear,2,100,bayes_sample,suffix_failure,0.0,0.0,0.0,40,0
e4_scaling,clear,2,100,bayes_sample,choice_mismatch_fraction,0.0,0.0,0.0,40,0
e4_scaling,clear,2,100,bayes_ucb,pseudo_regret,1.9600000000000002,1.5799999999999998,2.3699999999999997,40,0
e4_scaling,clear,2,100,bayes_ucb,reward,67.775,66.175,69.325,40,0
e4_scaling,clear,2,100,bayes_ucb,posterior_mean_greedy,0.9727499999999999,0.9657437499999999,0.9792500000000001,40,0
e4_scaling,clear,2,100,bayes_ucb,unseen_fraction,0.02,0.02,0.02,40,0
e4_scaling,clear,2,100,bayes_ucb,switches,4.875,4.275,5.55,40,0
e4_scaling,clear,2,100,bayes_ucb,arms_visited,2.0,2.0,2.0,40,0
e4_scaling,clear,2,100,bayes_ucb,best_arm_fraction,0.9510000000000002,0.9407499999999999,0.9605,40,0
e4_scaling,clear,2,100,bayes_ucb,suffix_failure,0.0,0.0,0.0,40,0
e4_scaling,clear,2,100,counts_direct,pseudo_regret,2.55,0.6199999999999999,5.159999999999999,40,0
e4_scaling,clear,2,100,counts_direct,reward,67.45,64.625,69.85,40,0
e4_scaling,clear,2,100,counts_direct,posterior_mean_greedy,0.9872499999999998,0.96975,0.999,40,0
e4_scaling,clear,2,100,counts_direct,unseen_fraction,0.01625,0.014750000000000003,0.01775,40,0
e4_scaling,clear,2,100,counts_direct,switches,1.125,0.775,1.525,40,0
e4_scaling,clear,2,100,counts_direct,arms_visited,1.625,1.475,1.775,40,0
e4_scaling,clear,2,100,counts_direct,best_arm_fraction,0.93625,0.8729937499999999,0.9845,40,0
e4_scaling,clear,2,100,counts_direct,suffix_failure,0.025,0.0,0.075,40,0
e4_scaling,clear,2,100,counts_direct,choice_mismatch_fraction,0.0,0.0,0.0,40,0
e4_scaling,clear,2,100,counts_sample,pseudo_regret,3.8899999999999997,3.3299999999999996,4.52,40,0
e4_scaling,clear,2,100,counts_sample,reward,65.825,64.2,67.4,40,0
e4_scaling,clear,2,100,counts_sample,posterior_mean_greedy,0.9232500000000001,0.91425,0.932,40,0
e4_scaling,clear,2,100,counts_sample,unseen_fraction,0.02,0.02,0.02,40,0
e4_scaling,clear,2,100,counts_sample,switches,14.875,13.375,16.4,40,0
e4_scaling,clear,2,100,counts_sample,arms_visited,2.0,2.0,2.0,40,0
e4_scaling,clear,2,100,counts_sample,best_arm_fraction,0.9027499999999999,0.8865000000000001,0.917,40,0
e4_scaling,clear,2,100,counts_sample,suffix_failure,0.0,0.0,0.0,40,0
e4_scaling,clear,2,100,counts_sample,choice_mismatch_fraction,0.0,0.0,0.0,40,0
e4_scaling,clear,2,100,finite_ap_index,pseudo_regret,1.15,0.85,1.48,40,0
e4_scaling,clear,2,100,finite_ap_index,reward,68.55,67.0,70.075,40,0
e4_scaling,clear,2,100,finite_ap_index,posterior_mean_greedy,0.9885000000000002,0.98375,0.9925,40,0
e4_scaling,clear,2,100,finite_ap_index,unseen_fraction,0.02,0.02,0.02,40,0
e4_scaling,clear,2,100,finite_ap_index,switches,2.85,2.35,3.425,40,0
e4_scaling,clear,2,100,finite_ap_index,arms_visited,2.0,2.0,2.0,40,0
e4_scaling,clear,2,100,finite_ap_index,best_arm_fraction,0.9712500000000001,0.9629999999999999,0.9785,40,0
e4_scaling,clear,2,100,finite_ap_index,suffix_failure,0.0,0.0,0.0,40,0
e4_scaling,clear,2,100,finite_ap_index,index_ambiguous_ranking_fraction,0.0,0.0,0.0,40,0
e4_scaling,clear,2,100,greedy,pseudo_regret,3.04,0.9099999999999999,5.739999999999999,40,0
e4_scaling,clear,2,100,greedy,reward,66.8,63.6,69.525,40,0
e4_scaling,clear,2,100,greedy,posterior_mean_greedy,1.0,1.0,1.0,40,0
e4_scaling,clear,2,100,greedy,unseen_fraction,0.017249999999999998,0.015750000000000004,0.0185,40,0
e4_scaling,clear,2,100,greedy,switches,1.5,1.075,1.95,40,0
e4_scaling,clear,2,100,greedy,arms_visited,1.725,1.575,1.85,40,0
e4_scaling,clear,2,100,greedy,best_arm_fraction,0.924,0.8552500000000001,0.9770062499999999,40,0
e4_scaling,clear,2,100,greedy,suffix_failure,0.0,0.0,0.0,40,0
e4_scaling,clear,2,100,ids,pseudo_regret,1.5,1.18,1.86,40,0
e4_scaling,clear,2,100,ids,reward,68.125,66.525,69.65,40,0
e4_scaling,clear,2,100,ids,posterior_mean_greedy,0.983,0.9785,0.9870000000000001,40,0
e4_scaling,clear,2,100,ids,unseen_fraction,0.02,0.02,0.02,40,0
e4_scaling,clear,2,100,ids,switches,4.0,3.4,4.65,40,0
e4_scaling,clear,2,100,ids,arms_visited,2.0,2.0,2.0,40,0
e4_scaling,clear,2,100,ids,best_arm_fraction,0.9625,0.9535,0.9705,40,0
e4_scaling,clear,2,100,ids,suffix_failure,0.0,0.0,0.0,40,0
e4_scaling,clear,2,100,knowledge_gradient,pseudo_regret,0.9,0.62,1.22,40,0
e4_scaling,clear,2,100,knowledge_gradient,reward,68.875,67.275,70.425,40,0
e4_scaling,clear,2,100,knowledge_gradient,posterior_mean_greedy,0.99075,0.9862500000000001,0.99475,40,0
e4_scaling,clear,2,100,knowledge_gradient,unseen_fraction,0.0185,0.017249999999999998,0.0195,40,0
e4_scaling,clear,2,100,knowledge_gradient,switches,2.25,1.6,2.95,40,0
e4_scaling,clear,2,100,knowledge_gradient,arms_visited,1.85,1.725,1.95,40,0
e4_scaling,clear,2,100,knowledge_gradient,best_arm_fraction,0.9775,0.96975,0.9844999999999999,40,0
e4_scaling,clear,2,100,knowledge_gradient,suffix_failure,0.0,0.0,0.0,40,0
e4_scaling,clear,2,100,random,pseudo_regret,20.03,19.24,20.839999999999996,40,0
e4_scaling,clear,2,100,random,reward,49.6,47.8,51.40062499999999,40,0
e4_scaling,clear,2,100,random,posterior_mean_greedy,0.5105000000000001,0.49074999999999996,0.52975,40,0
e4_scaling,clear,2,100,random,unseen_fraction,0.02,0.02,0.02,40,0
e4_scaling,clear,2,100,random,switches,48.825,47.35,50.425,40,0
e4_scaling,clear,2,100,random,arms_visited,2.0,2.0,2.0,40,0
e4_scaling,clear,2,100,random,best_arm_fraction,0.4992500000000001,0.4795,0.51925,40,0
e4_scaling,clear,2,100,random,suffix_failure,0.0,0.0,0.0,40,0
e4_scaling,clear,2,100,ts,pseudo_regret,3.0399999999999996,2.4699999999999998,3.6599999999999993,40,0
e4_scaling,clear,2,100,ts,reward,66.925,65.25,68.575,40,0
e4_scaling,clear,2,100,ts,posterior_mean_greedy,0.9349999999999999,0.9215,0.9480000000000001,40,0
e4_scaling,clear,2,100,ts,unseen_fraction,0.02,0.02,0.02,40,0
e4_scaling,clear,2,100,ts,switches,11.425,9.375,13.525,40,0
e4_scaling,clear,2,100,ts,arms_visited,2.0,2.0,2.0,40,0
e4_scaling,clear,2,100,ts,best_arm_fraction,0.9239999999999998,0.9085000000000001,0.938,40,0
e4_scaling,clear,2,100,ts,suffix_failure,0.0,0.0,0.0,40,0
e4_scaling,clear,2,100,ucb1,pseudo_regret,7.290000000000001,6.69,7.88,40,0
e4_scaling,clear,2,100,ucb1,reward,62.725,61.125,64.275,40,0
e4_scaling,clear,2,100,ucb1,posterior_mean_greedy,0.8300000000000001,0.8160000000000001,0.84375,40,0
e4_scaling,clear,2,100,ucb1,unseen_fraction,0.02,0.02,0.02,40,0
e4_scaling,clear,2,100,ucb1,switches,23.6,22.475,24.75,40,0
e4_scaling,clear,2,100,ucb1,arms_visited,2.0,2.0,2.0,40,0
e4_scaling,clear,2,100,ucb1,best_arm_fraction,0.81775,0.80275,0.8324999999999999,40,0
e4_scaling,clear,2,100,ucb1,suffix_failure,0.0,0.0,0.0,40,0
e4_scaling,clear,3,100,bayes_direct,pseudo_regret,5.879999999999999,2.38,9.890249999999993,40,0
e4_scaling,clear,3,100,bayes_direct,reward,63.45,59.125,67.3,40,0
e4_scaling,clear,3,100,bayes_direct,posterior_mean_greedy,0.905,0.8230000000000001,0.97425,40,0
e4_scaling,clear,3,100,bayes_direct,unseen_fraction,0.02375,0.020999999999999998,0.026250000000000002,40,0
e4_scaling,clear,3,100,bayes_direct,switches,2.175,1.625,2.725,40,0
e4_scaling,clear,3,100,bayes_direct,arms_visited,2.375,2.1,2.625,40,0
e4_scaling,clear,3,100,bayes_direct,best_arm_fraction,0.8530000000000001,0.75125,0.9397562499999997,40,0
e4_scaling,clear,3,100,bayes_direct,suffix_failure,0.075,0.0,0.175,40,0
e4_scaling,clear,3,100,bayes_direct,choice_mismatch_fraction,0.0,0.0,0.0,40,0
e4_scaling,clear,3,100,bayes_sample,pseudo_regret,5.359999999999999,4.1899999999999995,6.7700000000000005,40,0
e4_scaling,clear,3,100,bayes_sample,reward,63.775,61.75,65.725,40,0
e4_scaling,clear,3,100,bayes_sample,posterior_mean_greedy,0.9102499999999999,0.8925000000000001,0.9262499999999999,40,0
e4_scaling,clear,3,100,bayes_sample,unseen_fraction,0.03,0.03,0.03,40,0
e4_scaling,clear,3,100,bayes_sample,switches,16.85,14.9,18.825,40,0
e4_scaling,clear,3,100,bayes_sample,arms_visited,3.0,3.0,3.0,40,0
e4_scaling,clear,3,100,bayes_sample,best_arm_fraction,0.866,0.8300000000000001,0.8947499999999999,40,0
e4_scaling,clear,3,100,bayes_sample,suffix_failure,0.0,0.0,0.0,40,0
e4_scaling,clear,3,100,bayes_sample,choice_mismatch_fraction,0.0,0.0,0.0,40,0
e4_scaling,clear,3,100,bayes_ucb,pseudo_regret,4.09,3.4099999999999993,4.819999999999999,40,0
e4_scaling,clear,3,100,bayes_ucb,reward,65.1,63.375,66.85,40,0
e4_scaling,clear,3,100,bayes_ucb,posterior_mean_greedy,0.9324999999999999,0.9205,0.944,40,0
e4_scaling,clear,3,100,bayes_ucb,unseen_fraction,0.03,0.03,0.03,40,0
e4_scaling,clear,3,100,bayes_ucb,switches,9.35,8.374375,10.375,40,0
e4_scaling,clear,3,100,bayes_ucb,arms_visited,3.0,3.0,3.0,40,0
e4_scaling,clear,3,100,bayes_ucb,best_arm_fraction,0.89775,0.8792500000000001,0.9145,40,0
e4_scaling,clear,3,100,bayes_ucb,suffix_failure,0.0,0.0,0.0,40,0
e4_scaling,clear,3,100,counts_direct,pseudo_regret,12.0,6.70975,17.750249999999998,40,0
e4_scaling,clear,3,100,counts_direct,reward,57.5,51.75,62.875,40,0
e4_scaling,clear,3,100,counts_direct,posterior_mean_greedy,0.7470000000000001,0.6199937499999999,0.8629999999999999,40,0
e4_scaling,clear,3,100,counts_direct,unseen_fraction,0.02025,0.017249999999999998,0.02325,40,0
e4_scaling,clear,3,100,counts_direct,switches,1.5,1.0,2.025,40,0
e4_scaling,clear,3,100,counts_direct,arms_visited,2.025,1.725,2.3,40,0
e4_scaling,clear,3,100,counts_direct,best_arm_fraction,0.7,0.5629875,0.83375,40,0
e4_scaling,clear,3,100,counts_direct,suffix_failure,0.275,0.15,0.425,40,0
e4_scaling,clear,3,100,counts_direct,choice_mismatch_fraction,0.00025,0.0,0.00075,40,0
e4_scaling,clear,3,100,counts_sample,pseudo_regret,6.709999999999999,5.07,8.620249999999995,40,0
e4_scaling,clear,3,100,counts_sample,reward,62.775,60.474375,65.025,40,0
e4_scaling,clear,3,100,counts_sample,posterior_mean_greedy,0.8885000000000002,0.8640000000000001,0.90875625,40,0
e4_scaling,clear,3,100,counts_sample,unseen_fraction,0.03,0.03,0.03,40,0
e4_scaling,clear,3,100,counts_sample,switches,18.65,16.475,20.925,40,0
e4_scaling,clear,3,100,counts_sample,arms_visited,3.0,3.0,3.0,40,0
e4_scaling,clear,3,100,counts_sample,best_arm_fraction,0.8322499999999999,0.7849999999999999,0.8747499999999999,40,0
e4_scaling,clear,3,100,counts_sample,suffix_failure,0.0,0.0,0.0,40,0
e4_scaling,clear,3,100,counts_sample,choice_mismatch_fraction,0.0,0.0,0.0,40,0
e4_scaling,clear,3,100,finite_ap_index,pseudo_regret,2.71,2.0699999999999994,3.4799999999999995,40,0
e4_scaling,clear,3,100,finite_ap_index,reward,66.525,64.8,68.225,40,0
e4_scaling,clear,3,100,finite_ap_index,posterior_mean_greedy,0.9690000000000001,0.959,0.9775,40,0
e4_scaling,clear,3,100,finite_ap_index,unseen_fraction,0.03,0.03,0.03,40,0
e4_scaling,clear,3,100,finite_ap_index,switches,6.375,5.4,7.42562499999999,40,0
e4_scaling,clear,3,100,finite_ap_index,arms_visited,3.0,3.0,3.0,40,0
e4_scaling,clear,3,100,finite_ap_index,best_arm_fraction,0.93225,0.9122499999999999,0.9484999999999999,40,0
e4_scaling,clear,3,100,finite_ap_index,suffix_failure,0.0,0.0,0.0,40,0
e4_scaling,clear,3,100,finite_ap_index,index_ambiguous_ranking_fraction,0.0,0.0,0.0,40,0
e4_scaling,clear,3,100,greedy,pseudo_regret,4.0,1.6997499999999999,7.020249999999995,40,0
e4_scaling,clear,3,100,greedy,reward,65.125,61.875,67.9,40,0
e4_scaling,clear,3,100,greedy,posterior_mean_greedy,1.0,1.0,1.0,40,0
e4_scaling,clear,3,100,greedy,unseen_fraction,0.025500000000000002,0.023,0.027750000000000004,40,0
e4_scaling,clear,3,100,greedy,switches,2.875,2.175,3.675,40,0
e4_scaling,clear,3,100,greedy,arms_visited,2.55,2.3,2.775,40,0
e4_scaling,clear,3,100,greedy,best_arm_fraction,0.9,0.8260000000000002,0.95850625,40,0
e4_scaling,clear,3,100,greedy,suffix_failure,0.025,0.0,0.075,40,0
e4_scaling,clear,3,100,ids,pseudo_regret,3.0799999999999996,2.3899999999999997,3.9699999999999998,40,0
e4_scaling,clear,3,100,ids,reward,66.075,64.275,67.8,40,0
e4_scaling,clear,3,100,ids,posterior_mean_greedy,0.9615,0.952,0.9702500000000001,40,0
e4_scaling,clear,3,100,ids,unseen_fraction,0.03,0.03,0.03,40,0
e4_scaling,clear,3,100,ids,switches,8.35,7.325,9.4,40,0
e4_scaling,clear,3,100,ids,arms_visited,3.0,3.0,3.0,40,0
e4_scaling,clear,3,100,ids,best_arm_fraction,0.923,0.901,0.94025,40,0
e4_scaling,clear,3,100,ids,suffix_failure,0.0,0.0,0.0,40,0
e4_scaling,clear,3,100,knowledge_gradient,pseudo_regret,2.4899999999999998,1.69,3.5599999999999996,40,0
e4_scaling,clear,3,100,knowledge_gradient,reward,66.825,64.975,68.675,40,0
e4_scaling,clear,3,100,knowledge_gradient,posterior_mean_greedy,0.9737500000000001,0.9625,0.98325,40,0
e4_scaling,clear,3,100,knowledge_gradient,unseen_fraction,0.028750000000000005,0.027250000000000003,0.03,40,0
e4_scaling,clear,3,100,knowledge_gradient,switches,5.075,4.0,6.275,40,0
e4_scaling,clear,3,100,knowledge_gradient,arms_visited,2.875,2.725,3.0,40,0
e4_scaling,clear,3,100,knowledge_gradient,best_arm_fraction,0.93775,0.9105000000000001,0.9577500000000001,40,0
e4_scaling,clear,3,100,knowledge_gradient,suffix_failure,0.0,0.0,0.0,40,0
e4_scaling,clear,3,100,random,pseudo_regret,26.85,26.169999999999998,27.52,40,0
e4_scaling,clear,3,100,random,reward,43.175,41.35,45.05,40,0
e4_scaling,clear,3,100,random,posterior_mean_greedy,0.34450000000000003,0.3285,0.36025,40,0
e4_scaling,clear,3,100,random,unseen_fraction,0.03,0.03,0.03,40,0
e4_scaling,clear,3,100,random,switches,65.5,64.125,66.9,40,0
e4_scaling,clear,3,100,random,arms_visited,3.0,3.0,3.0,40,0
e4_scaling,clear,3,100,random,best_arm_fraction,0.32875000000000004,0.31199375,0.346,40,0
e4_scaling,clear,3,100,random,suffix_failure,0.0,0.0,0.0,40,0
e4_scaling,clear,3,100,ts,pseudo_regret,6.469999999999999,5.409999999999999,7.619999999999999,40,0
e4_scaling,clear,3,100,ts,reward,63.175,61.275,65.075,40,0
e4_scaling,clear,3,100,ts,posterior_mean_greedy,0.8647500000000001,0.83925,0.88825,40,0
e4_scaling,clear,3,100,ts,unseen_fraction,0.03,0.03,0.03,40,0
e4_scaling,clear,3,100,ts,switches,22.8,19.575,26.225,40,0
e4_scaling,clear,3,100,ts,arms_visited,3.0,3.0,3.0,40,0
e4_scaling,clear,3,100,ts,best_arm_fraction,0.83825,0.8092500000000001,0.8649999999999999,40,0
e4_scaling,clear,3,100,ts,suffix_failure,0.0,0.0,0.0,40,0
e4_scaling,clear,3,100,ucb1,pseudo_regret,13.45,12.589999999999998,14.34,40,0
e4_scaling,clear,3,100,ucb1,reward,56.35,54.6,58.1,40,0
e4_scaling,clear,3,100,ucb1,posterior_mean_greedy,0.69075,0.6685000000000001,0.7125,40,0
e4_scaling,clear,3,100,ucb1,unseen_fraction,0.03,0.03,0.03,40,0
e4_scaling,clear,3,100,ucb1,switches,38.875,37.175,40.6,40,0
e4_scaling,clear,3,100,ucb1,arms_visited,3.0,3.0,3.0,40,0
e4_scaling,clear,3,100,ucb1,best_arm_fraction,0.6637500000000001,0.6415,0.68575,40,0
e4_scaling,clear,3,100,ucb1,suffix_failure,0.0,0.0,0.0,40,0
e4_scaling,clear,5,100,bayes_direct,pseudo_regret,15.929999999999996,10.72,21.319999999999997,40,0
e4_scaling,clear,5,100,bayes_direct,reward,54.0,48.899375,59.075,40,0
e4_scaling,clear,5,100,bayes_direct,posterior_mean_greedy,0.74825,0.64175,0.8477500000000001,40,0
e4_scaling,clear,5,100,bayes_direct,unseen_fraction,0.035,0.031,0.039,40,0
e4_scaling,clear,5,100,bayes_direct,switches,3.8,2.875,4.85,40,0
e4_scaling,clear,5,100,bayes_direct,arms_visited,3.5,3.1,3.9,40,0
e4_scaling,clear,5,100,bayes_direct,best_arm_fraction,0.6017499999999999,0.46649374999999993,0.7330062499999999,40,0
e4_scaling,clear,5,100,bayes_direct,suffix_failure,0.25,0.125,0.4,40,0
e4_scaling,clear,5,100,bayes_direct,choice_mismatch_fraction,0.00025,0.0,0.00075,40,0
e4_scaling,clear,5,100,bayes_sample,pseudo_regret,9.33,7.369999999999999,11.43,40,0
e4_scaling,clear,5,100,bayes_sample,reward,60.675,58.15,63.15,40,0
e4_scaling,clear,5,100,bayes_sample,posterior_mean_greedy,0.8785000000000001,0.8542500000000001,0.90075,40,0
e4_scaling,clear,5,100,bayes_sample,unseen_fraction,0.05,0.05,0.05,40,0
e4_scaling,clear,5,100,bayes_sample,switches,20.625,18.124375,23.35,40,0
e4_scaling,clear,5,100,bayes_sample,arms_visited,5.0,5.0,5.0,40,0
e4_scaling,clear,5,100,bayes_sample,best_arm_fraction,0.76675,0.7125,0.8157499999999999,40,0
e4_scaling,clear,5,100,bayes_sample,suffix_failure,0.0,0.0,0.0,40,0
e4_scaling,clear,5,100,bayes_sample,choice_mismatch_fraction,0.0,0.0,0.0,40,0
e4_scaling,clear,5,100,bayes_ucb,pseudo_regret,8.459999999999999,7.45,9.570249999999996,40,0
e4_scaling,clear,5,100,bayes_ucb,reward,62.15,60.325,63.925,40,0
e4_scaling,clear,5,100,bayes_ucb,posterior_mean_greedy,0.8702500000000001,0.8452500000000001,0.89175,40,0
e4_scaling,clear,5,100,bayes_ucb,unseen_fraction,0.05,0.05,0.05,40,0
e4_scaling,clear,5,100,bayes_ucb,switches,17.025,15.275,18.925,40,0
e4_scaling,clear,5,100,bayes_ucb,arms_visited,5.0,5.0,5.0,40,0
e4_scaling,clear,5,100,bayes_ucb,best_arm_fraction,0.7885,0.761,0.81375,40,0
e4_scaling,clear,5,100,bayes_ucb,suffix_failure,0.0,0.0,0.0,40,0
e4_scaling,clear,5,100,counts_direct,pseudo_regret,24.5,18.79,30.169999999999998,40,0
e4_scaling,clear,5,100,counts_direct,reward,45.9,40.475,51.42562499999999,40,0
e4_scaling,clear,5,100,counts_direct,posterior_mean_greedy,0.4665,0.33825000000000005,0.5967499999999999,40,0
e4_scaling,clear,5,100,counts_direct,unseen_fraction,0.02425,0.0195,0.029000000000000005,40,0
e4_scaling,clear,5,100,counts_direct,switches,1.725,1.1,2.425,40,0
e4_scaling,clear,5,100,counts_direct,arms_visited,2.425,1.975,2.9,40,0
e4_scaling,clear,5,100,counts_direct,best_arm_fraction,0.38750000000000007,0.24575,0.5312562499999999,40,0
e4_scaling,clear,5,100,counts_direct,suffix_failure,0.575,0.425,0.725,40,0
e4_scaling,clear,5,100,counts_direct,choice_mismatch_fraction,0.0,0.0,0.0,40,0
e4_scaling,clear,5,100,counts_sample,pseudo_regret,11.03,9.02,13.360249999999995,40,0
e4_scaling,clear,5,100,counts_sample,reward,58.9,56.2,61.45,40,0
e4_scaling,clear,5,100,counts_sample,posterior_mean_greedy,0.83925,0.8154999999999999,0.8620000000000001,40,0
e4_scaling,clear,5,100,counts_sample,unseen_fraction,0.05,0.05,0.05,40,0
e4_scaling,clear,5,100,counts_sample,switches,25.175,22.974375000000002,27.375,40,0
e4_scaling,clear,5,100,counts_sample,arms_visited,5.0,5.0,5.0,40,0
e4_scaling,clear,5,100,counts_sample,best_arm_fraction,0.72425,0.6665000000000001,0.7740062499999999,40,0
e4_scaling,clear,5,100,counts_sample,suffix_failure,0.0,0.0,0.0,40,0
e4_scaling,clear,5,100,counts_sample,choice_mismatch_fraction,0.00025,0.0,0.00075,40,0
e4_scaling,clear,5,100,finite_ap_index,pseudo_regret,5.789999999999999,4.709999999999999,6.989999999999999,40,0
e4_scaling,clear,5,100,finite_ap_index,reward,64.625,62.975,66.3,40,0
e4_scaling,clear,5,100,finite_ap_index,posterior_mean_greedy,0.9324999999999999,0.91625,0.94725,40,0
e4_scaling,clear,5,100,finite_ap_index,unseen_fraction,0.05,0.05,0.05,40,0
e4_scaling,clear,5,100,finite_ap_index,switches,11.15,9.55,12.9,40,0
e4_scaling,clear,5,100,finite_ap_index,arms_visited,5.0,5.0,5.0,40,0
e4_scaling,clear,5,100,finite_ap_index,best_arm_fraction,0.8552500000000001,0.826,0.88225,40,0
e4_scaling,clear,5,100,finite_ap_index,suffix_failure,0.0,0.0,0.0,40,0
e4_scaling,clear,5,100,finite_ap_index,index_ambiguous_ranking_fraction,0.0,0.0,0.0,40,0
e4_scaling,clear,5,100,greedy,pseudo_regret,8.69,5.3797500000000005,12.610249999999995,40,0
e4_scaling,clear,5,100,greedy,reward,61.15,57.375,64.575,40,0
e4_scaling,clear,5,100,greedy,posterior_mean_greedy,1.0,1.0,1.0,40,0
e4_scaling,clear,5,100,greedy,unseen_fraction,0.04075,0.03675,0.044500000000000005,40,0
e4_scaling,clear,5,100,greedy,switches,6.2,4.7,7.825,40,0
e4_scaling,clear,5,100,greedy,arms_visited,4.075,3.675,4.45,40,0
e4_scaling,clear,5,100,greedy,best_arm_fraction,0.7827500000000001,0.6874937499999999,0.86675,40,0
e4_scaling,clear,5,100,greedy,suffix_failure,0.075,0.0,0.175,40,0
e4_scaling,clear,5,100,ids,pseudo_regret,6.419999999999999,5.459999999999999,7.489999999999999,40,0
e4_scaling,clear,5,100,ids,reward,64.125,62.4,65.9,40,0
e4_scaling,clear,5,100,ids,posterior_mean_greedy,0.925,0.9092499999999999,0.93875,40,0
e4_scaling,clear,5,100,ids,unseen_fraction,0.05,0.05,0.05,40,0
e4_scaling,clear,5,100,ids,switches,13.975,12.45,15.575,40,0
e4_scaling,clear,5,100,ids,arms_visited,5.0,5.0,5.0,40,0
e4_scaling,clear,5,100,ids,best_arm_fraction,0.8394999999999999,0.81375,0.8637499999999999,40,0
e4_scaling,clear,5,100,ids,suffix_failure,0.0,0.0,0.0,40,0
e4_scaling,clear,5,100,knowledge_gradient,pseudo_regret,5.08,3.8199999999999994,6.51,40,0
e4_scaling,clear,5,100,knowledge_gradient,reward,64.975,63.125,66.775,40,0
e4_scaling,clear,5,100,knowledge_gradient,posterior_mean_greedy,0.95275,0.93825,0.9655000000000001,40,0
e4_scaling,clear,5,100,knowledge_gradient,unseen_fraction,0.04875,0.04675,0.05,40,0
e4_scaling,clear,5,100,knowledge_gradient,switches,8.825,7.075,10.825,40,0
e4_scaling,clear,5,100,knowledge_gradient,arms_visited,4.875,4.675,5.0,40,0
e4_scaling,clear,5,100,knowledge_gradient,best_arm_fraction,0.873,0.83625,0.9045,40,0
e4_scaling,clear,5,100,knowledge_gradient,suffix_failure,0.0,0.0,0.0,40,0
e4_scaling,clear,5,100,random,pseudo_regret,32.11999999999999,31.609999999999996,32.629999999999995,40,0
e4_scaling,clear,5,100,random,reward,38.025,36.675,39.4,40,0
e4_scaling,clear,5,100,random,posterior_mean_greedy,0.22925,0.21725,0.24125000000000002,40,0
e4_scaling,clear,5,100,random,unseen_fraction,0.05,0.05,0.05,40,0
e4_scaling,clear,5,100,random,switches,79.45,78.425,80.475,40,0
e4_scaling,clear,5,100,random,arms_visited,5.0,5.0,5.0,40,0
e4_scaling,clear,5,100,random,best_arm_fraction,0.19699999999999998,0.184,0.20975000000000002,40,0
e4_scaling,clear,5,100,random,suffix_failure,0.0,0.0,0.0,40,0
e4_scaling,clear,5,100,ts,pseudo_regret,11.68,10.629999999999999,12.79,40,0
e4_scaling,clear,5,100,ts,reward,59.025,57.35,60.75,40,0
e4_scaling,clear,5,100,ts,posterior_mean_greedy,0.7577499999999999,0.7325,0.78175,40,0
e4_scaling,clear,5,100,ts,unseen_fraction,0.05,0.05,0.05,40,0
e4_scaling,clear,5,100,ts,switches,38.5,35.2,41.85,40,0
e4_scaling,clear,5,100,ts,arms_visited,5.0,5.0,5.0,40,0
e4_scaling,clear,5,100,ts,best_arm_fraction,0.708,0.68025,0.734,40,0
e4_scaling,clear,5,100,ts,suffix_failure,0.0,0.0,0.0,40,0
e4_scaling,clear,5,100,ucb1,pseudo_regret,21.32,20.6,22.049999999999997,40,0
e4_scaling,clear,5,100,ucb1,reward,49.1,47.5,50.65,40,0
e4_scaling,clear,5,100,ucb1,posterior_mean_greedy,0.50175,0.4807500000000001,0.5217499999999999,40,0
e4_scaling,clear,5,100,ucb1,unseen_fraction,0.05,0.05,0.05,40,0
e4_scaling,clear,5,100,ucb1,switches,57.275,55.775,58.825,40,0
e4_scaling,clear,5,100,ucb1,arms_visited,5.0,5.0,5.0,40,0
e4_scaling,clear,5,100,ucb1,best_arm_fraction,0.46699999999999997,0.44874999999999987,0.48549999999999993,40,0
e4_scaling,clear,5,100,ucb1,suffix_failure,0.0,0.0,0.0,40,0
e4_scaling,clear,10,100,bayes_direct,pseudo_regret,23.509999999999998,17.919999999999998,29.00024999999999,40,0
e4_scaling,clear,10,100,bayes_direct,reward,46.55,41.35,51.675,40,0
e4_scaling,clear,10,100,bayes_direct,posterior_mean_greedy,0.67225,0.56725,0.7750062499999999,40,0
e4_scaling,clear,10,100,bayes_direct,unseen_fraction,0.0625,0.053000000000000005,0.07175000000000001,40,0
e4_scaling,clear,10,100,bayes_direct,switches,7.75,6.0,9.6,40,0
e4_scaling,clear,10,100,bayes_direct,arms_visited,6.25,5.3,7.2,40,0
e4_scaling,clear,10,100,bayes_direct,best_arm_fraction,0.41224999999999995,0.28125,0.5534999999999999,40,0
e4_scaling,clear,10,100,bayes_direct,suffix_failure,0.425,0.275,0.575,40,0
e4_scaling,clear,10,100,bayes_direct,choice_mismatch_fraction,0.0005,0.0,0.00125,40,0
e4_scaling,clear,10,100,bayes_sample,pseudo_regret,19.229999999999997,15.27,23.460249999999995,40,0
e4_scaling,clear,10,100,bayes_sample,reward,50.75,46.65,54.8,40,0
e4_scaling,clear,10,100,bayes_sample,posterior_mean_greedy,0.8190000000000002,0.789,0.8484999999999999,40,0
e4_scaling,clear,10,100,bayes_sample,unseen_fraction,0.094,0.08925000000000001,0.098,40,0
e4_scaling,clear,10,100,bayes_sample,switches,28.65,24.975,32.55,40,0
e4_scaling,clear,10,100,bayes_sample,arms_visited,9.4,8.95,9.775,40,0
e4_scaling,clear,10,100,bayes_sample,best_arm_fraction,0.51925,0.41599375000000005,0.6187562499999999,40,0
e4_scaling,clear,10,100,bayes_sample,suffix_failure,0.2,0.075,0.325,40,0
e4_scaling,clear,10,100,bayes_sample,choice_mismatch_fraction,0.0005,0.0,0.00125,40,0
e4_scaling,clear,10,100,bayes_ucb,pseudo_regret,19.82,17.67975,22.119999999999997,40,0
e4_scaling,clear,10,100,bayes_ucb,reward,50.5,48.075,52.875,40,0
e4_scaling,clear,10,100,bayes_ucb,posterior_mean_greedy,0.6839999999999999,0.6445000000000001,0.7215,40,0
e4_scaling,clear,10,100,bayes_ucb,unseen_fraction,0.1,0.1,0.1,40,0
e4_scaling,clear,10,100,bayes_ucb,switches,35.525,32.75,38.425,40,0
e4_scaling,clear,10,100,bayes_ucb,arms_visited,10.0,10.0,10.0,40,0
e4_scaling,clear,10,100,bayes_ucb,best_arm_fraction,0.5045,0.44775,0.557,40,0
e4_scaling,clear,10,100,bayes_ucb,suffix_failure,0.0,0.0,0.0,40,0
e4_scaling,clear,10,100,counts_direct,pseudo_regret,31.24,25.74975,36.029999999999994,40,0
e4_scaling,clear,10,100,counts_direct,reward,38.35,33.525,43.7,40,0
e4_scaling,clear,10,100,counts_direct,posterior_mean_greedy,0.31250000000000006,0.20325000000000001,0.43525624999999996,40,0
e4_scaling,clear,10,100,counts_direct,unseen_fraction,0.02475,0.02025,0.029500000000000005,40,0
e4_scaling,clear,10,100,counts_direct,switches,1.55,1.075,2.05,40,0
e4_scaling,clear,10,100,counts_direct,arms_visited,2.475,2.025,2.95,40,0
e4_scaling,clear,10,100,counts_direct,best_arm_fraction,0.21900000000000003,0.099,0.344,40,0
e4_scaling,clear,10,100,counts_direct,suffix_failure,0.775,0.65,0.9,40,0
e4_scaling,clear,10,100,counts_direct,choice_mismatch_fraction,0.0,0.0,0.0,40,0
e4_scaling,clear,10,100,counts_sample,pseudo_regret,19.559999999999995,15.539999999999997,23.729999999999997,40,0
e4_scaling,clear,10,100,counts_sample,reward,50.2,46.35,54.075,40,0
e4_scaling,clear,10,100,counts_sample,posterior_mean_greedy,0.7035,0.64924375,0.756,40,0
e4_scaling,clear,10,100,counts_sample,unseen_fraction,0.0905,0.08475000000000002,0.0955,40,0
e4_scaling,clear,10,100,counts_sample,switches,31.475,27.675,35.425,40,0
e4_scaling,clear,10,100,counts_sample,arms_visited,9.05,8.475,9.55,40,0
e4_scaling,clear,10,100,counts_sample,best_arm_fraction,0.5109999999999999,0.40625,0.6144999999999999,40,0
e4_scaling,clear,10,100,counts_sample,suffix_failure,0.15,0.05,0.275,40,0
e4_scaling,clear,10,100,counts_sample,choice_mismatch_fraction,0.00025,0.0,0.00075,40,0
e4_scaling,clear,10,100,finite_ap_index,pseudo_regret,14.26,11.819999999999999,17.029999999999998,40,0
e4_scaling,clear,10,100,finite_ap_index,reward,55.7,52.799375,58.425,40,0
e4_scaling,clear,10,100,finite_ap_index,posterior_mean_greedy,0.8370000000000001,0.8087500000000001,0.865,40,0
e4_scaling,clear,10,100,finite_ap_index,unseen_fraction,0.1,0.1,0.1,40,0
e4_scaling,clear,10,100,finite_ap_index,switches,24.05,21.075,27.325,40,0
e4_scaling,clear,10,100,finite_ap_index,arms_visited,10.0,10.0,10.0,40,0
e4_scaling,clear,10,100,finite_ap_index,best_arm_fraction,0.6435000000000001,0.5742499999999999,0.7045,40,0
e4_scaling,clear,10,100,finite_ap_index,suffix_failure,0.05,0.0,0.125,40,0
e4_scaling,clear,10,100,finite_ap_index,index_ambiguous_ranking_fraction,0.0,0.0,0.0,40,0
e4_scaling,clear,10,100,greedy,pseudo_regret,17.28,12.830000000000002,21.909999999999997,40,0
e4_scaling,clear,10,100,greedy,reward,52.525,48.024375,56.875,40,0
e4_scaling,clear,10,100,greedy,posterior_mean_greedy,1.0,1.0,1.0,40,0
e4_scaling,clear,10,100,greedy,unseen_fraction,0.083,0.0745,0.091,40,0
e4_scaling,clear,10,100,greedy,switches,14.925,11.775,18.275,40,0
e4_scaling,clear,10,100,greedy,arms_visited,8.3,7.425,9.075,40,0
e4_scaling,clear,10,100,greedy,best_arm_fraction,0.568,0.4545,0.6785,40,0
e4_scaling,clear,10,100,greedy,suffix_failure,0.2,0.075,0.325,40,0
e4_scaling,clear,10,100,ids,pseudo_regret,15.489999999999998,13.2,18.029999999999998,40,0
e4_scaling,clear,10,100,ids,reward,54.325,51.55,56.925,40,0
e4_scaling,clear,10,100,ids,posterior_mean_greedy,0.7969999999999999,0.7655000000000001,0.828,40,0
e4_scaling,clear,10,100,ids,unseen_fraction,0.1,0.1,0.1,40,0
e4_scaling,clear,10,100,ids,switches,30.15,27.325,33.125,40,0
e4_scaling,clear,10,100,ids,arms_visited,10.0,10.0,10.0,40,0
e4_scaling,clear,10,100,ids,best_arm_fraction,0.6127499999999999,0.5487500000000001,0.66850625,40,0
e4_scaling,clear,10,100,ids,suffix_failure,0.05,0.0,0.125,40,0
e4_scaling,clear,10,100,knowledge_gradient,pseudo_regret,11.739999999999998,9.029749999999998,14.919999999999998,40,0
e4_scaling,clear,10,100,knowledge_gradient,reward,57.625,54.475,60.5,40,0
e4_scaling,clear,10,100,knowledge_gradient,posterior_mean_greedy,0.8962499999999999,0.86625,0.92325,40,0
e4_scaling,clear,10,100,knowledge_gradient,unseen_fraction,0.0945,0.0875,0.1,40,0
e4_scaling,clear,10,100,knowledge_gradient,switches,17.3,14.299375000000001,20.725,40,0
e4_scaling,clear,10,100,knowledge_gradient,arms_visited,9.45,8.75,10.0,40,0
e4_scaling,clear,10,100,knowledge_gradient,best_arm_fraction,0.7064999999999999,0.6275000000000001,0.77525,40,0
e4_scaling,clear,10,100,knowledge_gradient,suffix_failure,0.075,0.0,0.175,40,0
e4_scaling,clear,10,100,random,pseudo_regret,35.89,35.51,36.26,40,0
e4_scaling,clear,10,100,random,reward,34.35,33.0,35.75,40,0
e4_scaling,clear,10,100,random,posterior_mean_greedy,0.14450000000000002,0.13225000000000003,0.157,40,0
e4_scaling,clear,10,100,random,unseen_fraction,0.1,0.1,0.1,40,0
e4_scaling,clear,10,100,random,switches,89.125,88.15,90.05,40,0
e4_scaling,clear,10,100,random,arms_visited,10.0,10.0,10.0,40,0
e4_scaling,clear,10,100,random,best_arm_fraction,0.10275000000000001,0.093,0.1125,40,0
e4_scaling,clear,10,100,random,suffix_failure,0.1,0.025,0.2,40,0
e4_scaling,clear,10,100,ts,pseudo_regret,24.55,22.58,26.559999999999995,40,0
e4_scaling,clear,10,100,ts,reward,46.025,43.85,48.2,40,0
e4_scaling,clear,10,100,ts,posterior_mean_greedy,0.5095000000000001,0.47874999999999995,0.54125,40,0
e4_scaling,clear,10,100,ts,unseen_fraction,0.1,0.1,0.1,40,0
e4_scaling,clear,10,100,ts,switches,70.0,66.6,73.2,40,0
e4_scaling,clear,10,100,ts,arms_visited,10.0,10.0,10.0,40,0
e4_scaling,clear,10,100,ts,best_arm_fraction,0.38625,0.33775000000000005,0.43599999999999994,40,0
e4_scaling,clear,10,100,ts,suffix_failure,0.025,0.0,0.075,40,0
e4_scaling,clear,10,100,ucb1,pseudo_regret,31.96,31.339999999999996,32.56,40,0
e4_scaling,clear,10,100,ucb1,reward,38.425,36.925,39.9,40,0
e4_scaling,clear,10,100,ucb1,posterior_mean_greedy,0.275,0.26125,0.28925,40,0
e4_scaling,clear,10,100,ucb1,unseen_fraction,0.1,0.1,0.1,40,0
e4_scaling,clear,10,100,ucb1,switches,79.75,77.975,81.5,40,0
e4_scaling,clear,10,100,ucb1,arms_visited,10.0,10.0,10.0,40,0
e4_scaling,clear,10,100,ucb1,best_arm_fraction,0.20099999999999998,0.18575,0.21600000000000003,40,0
e4_scaling,clear,10,100,ucb1,suffix_failure,0.0,0.0,0.0,40,0
e4_scaling,clear,15,100,bayes_direct,pseudo_regret,24.689999999999998,19.619999999999997,29.759999999999998,40,0
e4_scaling,clear,15,100,bayes_direct,reward,45.275,40.6,50.100624999999994,40,0
e4_scaling,clear,15,100,bayes_direct,posterior_mean_greedy,0.6950000000000001,0.60475,0.7795062499999998,40,0
e4_scaling,clear,15,100,bayes_direct,unseen_fraction,0.093,0.07724375,0.1085062499999999,40,0
e4_scaling,clear,15,100,bayes_direct,switches,10.825,8.575,13.10062499999999,40,0
e4_scaling,clear,15,100,bayes_direct,arms_visited,9.3,7.725,10.825,40,0
e4_scaling,clear,15,100,bayes_direct,best_arm_fraction,0.38275000000000003,0.25775000000000003,0.51125,40,0
e4_scaling,clear,15,100,bayes_direct,suffix_failure,0.425,0.275,0.575,40,0
e4_scaling,clear,15,100,bayes_direct,choice_mismatch_fraction,0.00075,0.0,0.0017500000000000003,40,0
e4_scaling,clear,15,100,bayes_sample,pseudo_regret,21.309999999999995,16.919999999999998,25.72,40,0
e4_scaling,clear,15,100,bayes_sample,reward,48.725,44.1,53.475,40,0
e4_scaling,clear,15,100,bayes_sample,posterior_mean_greedy,0.80275,0.7609999999999999,0.8422499999999999,40,0
e4_scaling,clear,15,100,bayes_sample,unseen_fraction,0.12825000000000003,0.11800000000000002,0.13774999999999998,40,0
e4_scaling,clear,15,100,bayes_sample,switches,32.575,27.975,37.25,40,0
e4_scaling,clear,15,100,bayes_sample,arms_visited,12.825,11.825,13.775,40,0
e4_scaling,clear,15,100,bayes_sample,best_arm_fraction,0.46725000000000005,0.35724374999999997,0.5760062499999998,40,0
e4_scaling,clear,15,100,bayes_sample,suffix_failure,0.225,0.1,0.35,40,0
e4_scaling,clear,15,100,bayes_sample,choice_mismatch_fraction,0.00025,0.0,0.00075,40,0
e4_scaling,clear,15,100,bayes_ucb,pseudo_regret,25.669999999999998,23.139999999999997,28.21999999999999,40,0
e4_scaling,clear,15,100,bayes_ucb,reward,44.4,40.9,48.025,40,0
e4_scaling,clear,15,100,bayes_ucb,posterior_mean_greedy,0.57375,0.5277499999999999,0.6217499999999999,40,0
e4_scaling,clear,15,100,bayes_ucb,unseen_fraction,0.15,0.15,0.15,40,0
e4_scaling,clear,15,100,bayes_ucb,switches,46.75,42.9,50.425,40,0
e4_scaling,clear,15,100,bayes_ucb,arms_visited,15.0,15.0,15.0,40,0
e4_scaling,clear,15,100,bayes_ucb,best_arm_fraction,0.35825,0.29449375000000005,0.42225,40,0
e4_scaling,clear,15,100,bayes_ucb,suffix_failure,0.1,0.025,0.2,40,0
e4_scaling,clear,15,100,counts_direct,pseudo_regret,33.839999999999996,29.189999999999998,37.79,40,0
e4_scaling,clear,15,100,counts_direct,reward,35.85,31.9,40.35,40,0
e4_scaling,clear,15,100,counts_direct,posterior_mean_greedy,0.2915,0.19699375000000002,0.39574999999999994,40,0
e4_scaling,clear,15,100,counts_direct,unseen_fraction,0.0395,0.028500000000000004,0.052500000000000005,40,0
e4_scaling,clear,15,100,counts_direct,switches,3.175,1.975,4.6256249999999905,40,0
e4_scaling,clear,15,100,counts_direct,arms_visited,3.95,2.85,5.225,40,0
e4_scaling,clear,15,100,counts_direct,best_arm_fraction,0.154,0.05674375000000001,0.269,40,0
e4_scaling,clear,15,100,counts_direct,suffix_failure,0.825,0.7,0.925,40,0
e4_scaling,clear,15,100,counts_direct,choice_mismatch_fraction,0.0,0.0,0.0,40,0
e4_scaling,clear,15,100,counts_sample,pseudo_regret,25.089999999999996,20.77,29.369999999999994,40,0
e4_scaling,clear,15,100,counts_sample,reward,45.375,41.074375,49.975,40,0
e4_scaling,clear,15,100,counts_sample,posterior_mean_greedy,0.626,0.56375,0.68725,40,0
e4_scaling,clear,15,100,counts_sample,unseen_fraction,0.12050000000000001,0.10925,0.131,40,0
e4_scaling,clear,15,100,counts_sample,switches,36.4,32.675,40.125,40,0
e4_scaling,clear,15,100,counts_sample,arms_visited,12.05,10.925,13.075,40,0
e4_scaling,clear,15,100,counts_sample,best_arm_fraction,0.37275,0.26375000000000004,0.483,40,0
e4_scaling,clear,15,100,counts_sample,suffix_failure,0.35,0.2,0.5,40,0
e4_scaling,clear,15,100,counts_sample,choice_mismatch_fraction,0.0005,0.0,0.00125,40,0
e4_scaling,clear,15,100,finite_ap_index,pseudo_regret,19.83,16.639749999999996,23.169999999999995,40,0
e4_scaling,clear,15,100,finite_ap_index,reward,49.925,45.975,53.9,40,0
e4_scaling,clear,15,100,finite_ap_index,posterior_mean_greedy,0.7842499999999999,0.7474999999999999,0.8182500000000001,40,0
e4_scaling,clear,15,100,finite_ap_index,unseen_fraction,0.14575,0.13925,0.15,40,0
e4_scaling,clear,15,100,finite_ap_index,switches,33.025,29.0,37.125,40,0
e4_scaling,clear,15,100,finite_ap_index,arms_visited,14.575,13.925,15.0,40,0
e4_scaling,clear,15,100,finite_ap_index,best_arm_fraction,0.50425,0.42175,0.5845062499999999,40,0
e4_scaling,clear,15,100,finite_ap_index,suffix_failure,0.15,0.05,0.275,40,0
e4_scaling,clear,15,100,finite_ap_index,index_ambiguous_ranking_fraction,0.00025,0.0,0.00075,40,0
e4_scaling,clear,15,100,greedy,pseudo_regret,20.579999999999995,15.819999999999999,25.389999999999997,40,0
e4_scaling,clear,15,100,greedy,reward,49.075,43.925,54.17562499999999,40,0
e4_scaling,clear,15,100,greedy,posterior_mean_greedy,1.0,1.0,1.0,40,0
e4_scaling,clear,15,100,greedy,unseen_fraction,0.11775000000000002,0.10275000000000001,0.13125,40,0
e4_scaling,clear,15,100,greedy,switches,21.325,17.124375,25.4,40,0
e4_scaling,clear,15,100,greedy,arms_visited,11.775,10.275,13.125,40,0
e4_scaling,clear,15,100,greedy,best_arm_fraction,0.48549999999999993,0.36574375,0.6067499999999999,40,0
e4_scaling,clear,15,100,greedy,suffix_failure,0.325,0.175,0.475,40,0
e4_scaling,clear,15,100,ids,pseudo_regret,21.409999999999997,18.639749999999996,24.279999999999994,40,0
e4_scaling,clear,15,100,ids,reward,48.375,44.8,52.05,40,0
e4_scaling,clear,15,100,ids,posterior_mean_greedy,0.711,0.6727500000000001,0.7474999999999999,40,0
e4_scaling,clear,15,100,ids,unseen_fraction,0.14900000000000002,0.14700000000000002,0.15,40,0
e4_scaling,clear,15,100,ids,switches,41.55,37.725,45.2,40,0
e4_scaling,clear,15,100,ids,arms_visited,14.9,14.725,15.0,40,0
e4_scaling,clear,15,100,ids,best_arm_fraction,0.46475,0.39474375000000006,0.53375,40,0
e4_scaling,clear,15,100,ids,suffix_failure,0.025,0.0,0.075,40,0
e4_scaling,clear,15,100,knowledge_gradient,pseudo_regret,18.63,14.99,22.429999999999996,40,0
e4_scaling,clear,15,100,knowledge_gradient,reward,51.325,47.25,55.275,40,0
e4_scaling,clear,15,100,knowledge_gradient,posterior_mean_greedy,0.81275,0.77225,0.84950625,40,0
e4_scaling,clear,15,100,knowledge_gradient,unseen_fraction,0.14475,0.13874999999999998,0.14950000000000002,40,0
e4_scaling,clear,15,100,knowledge_gradient,switches,27.6,23.675,31.70062499999999,40,0
e4_scaling,clear,15,100,knowledge_gradient,arms_visited,14.475,13.875,14.95,40,0
e4_scaling,clear,15,100,knowledge_gradient,best_arm_fraction,0.5342499999999999,0.43824374999999993,0.6224999999999999,40,0
e4_scaling,clear,15,100,knowledge_gradient,suffix_failure,0.15,0.05,0.275,40,0
e4_scaling,clear,15,100,random,pseudo_regret,37.31,37.019999999999996,37.6,40,0
e4_scaling,clear,15,100,random,reward,32.35,31.1,33.525,40,0
e4_scaling,clear,15,100,random,posterior_mean_greedy,0.135,0.12349374999999999,0.14675,40,0
e4_scaling,clear,15,100,random,unseen_fraction,0.15,0.15,0.15,40,0
e4_scaling,clear,15,100,random,switches,92.5,91.85,93.125,40,0
e4_scaling,clear,15,100,random,arms_visited,15.0,15.0,15.0,40,0
e4_scaling,clear,15,100,random,best_arm_fraction,0.06725,0.05975000000000001,0.07450000000000001,40,0
e4_scaling,clear,15,100,random,suffix_failure,0.225,0.1,0.35,40,0
e4_scaling,clear,15,100,ts,pseudo_regret,29.809999999999995,27.79,31.7,40,0
e4_scaling,clear,15,100,ts,reward,40.4,37.525,43.4,40,0
e4_scaling,clear,15,100,ts,posterior_mean_greedy,0.3905,0.35825000000000007,0.42575624999999995,40,0
e4_scaling,clear,15,100,ts,unseen_fraction,0.15,0.15,0.15,40,0
e4_scaling,clear,15,100,ts,switches,82.25,79.025,85.15,40,0
e4_scaling,clear,15,100,ts,arms_visited,15.0,15.0,15.0,40,0
e4_scaling,clear,15,100,ts,best_arm_fraction,0.25475000000000003,0.20750000000000002,0.304,40,0
e4_scaling,clear,15,100,ts,suffix_failure,0.0,0.0,0.0,40,0
e4_scaling,clear,15,100,ucb1,pseudo_regret,35.03,34.51,35.51,40,0
e4_scaling,clear,15,100,ucb1,reward,34.725,33.175,36.3,40,0
e4_scaling,clear,15,100,ucb1,posterior_mean_greedy,0.1915,0.17650000000000002,0.20750000000000002,40,0
e4_scaling,clear,15,100,ucb1,unseen_fraction,0.15,0.15,0.15,40,0
e4_scaling,clear,15,100,ucb1,switches,90.825,89.55,92.025,40,0
e4_scaling,clear,15,100,ucb1,arms_visited,15.0,15.0,15.0,40,0
e4_scaling,clear,15,100,ucb1,best_arm_fraction,0.12425,0.11200000000000002,0.1375,40,0
e4_scaling,clear,15,100,ucb1,suffix_failure,0.025,0.0,0.075,40,0
e4_scaling,close,2,100,bayes_direct,pseudo_regret,2.460000000000002,1.7362500000000014,3.1850000000000027,40,0
e4_scaling,close,2,100,bayes_direct,reward,54.225,52.825,55.7,40,0
e4_scaling,close,2,100,bayes_direct,posterior_mean_greedy,0.9845,0.9625,0.998,40,0
e4_scaling,close,2,100,bayes_direct,unseen_fraction,0.01925,0.01825,0.02,40,0
e4_scaling,close,2,100,bayes_direct,switches,2.0,1.575,2.45,40,0
e4_scaling,close,2,100,bayes_direct,arms_visited,1.925,1.825,2.0,40,0
e4_scaling,close,2,100,bayes_direct,best_arm_fraction,0.508,0.36074375,0.653,40,0
e4_scaling,close,2,100,bayes_direct,suffix_failure,0.475,0.325,0.625,40,0
e4_scaling,close,2,100,bayes_direct,choice_mismatch_fraction,0.0,0.0,0.0,40,0
e4_scaling,close,2,100,bayes_sample,pseudo_regret,2.231250000000002,1.7400000000000013,2.7437812500000023,40,0
e4_scaling,close,2,100,bayes_sample,reward,53.25,51.875,54.575,40,0
e4_scaling,close,2,100,bayes_sample,posterior_mean_greedy,0.8684999999999998,0.8470000000000001,0.8875,40,0
e4_scaling,close,2,100,bayes_sample,unseen_fraction,0.02,0.02,0.02,40,0
e4_scaling,close,2,100,bayes_sample,switches,22.65,20.275,25.0,40,0
e4_scaling,close,2,100,bayes_sample,arms_visited,2.0,2.0,2.0,40,0
e4_scaling,close,2,100,bayes_sample,best_arm_fraction,0.55375,0.45174375,0.65075,40,0
e4_scaling,close,2,100,bayes_sample,suffix_failure,0.025,0.0,0.075,40,0
e4_scaling,close,2,100,bayes_sample,choice_mismatch_fraction,0.0,0.0,0.0,40,0
e4_scaling,close,2,100,bayes_ucb,pseudo_regret,2.188750000000002,1.7312500000000017,2.648781250000002,40,0
e4_scaling,close,2,100,bayes_ucb,reward,53.975,52.65,55.325,40,0
e4_scaling,close,2,100,bayes_ucb,posterior_mean_greedy,0.893,0.87325,0.9127500000000002,40,0
e4_scaling,close,2,100,bayes_ucb,unseen_fraction,0.02,0.02,0.02,40,0
e4_scaling,close,2,100,bayes_ucb,switches,10.825,9.45,12.35,40,0
e4_scaling,close,2,100,bayes_ucb,arms_visited,2.0,2.0,2.0,40,0
e4_scaling,close,2,100,bayes_ucb,best_arm_fraction,0.56225,0.47050000000000003,0.65250625,40,0
e4_scaling,close,2,100,bayes_ucb,suffix_failure,0.225,0.1,0.35,40,0
e4_scaling,close,2,100,counts_direct,pseudo_regret,2.531250000000002,1.7999687500000014,3.276250000000003,40,0
e4_scaling,close,2,100,counts_direct,reward,53.75,52.275,55.225,40,0
e4_scaling,close,2,100,counts_direct,posterior_mean_greedy,0.9317499999999999,0.87374375,0.9782499999999998,40,0
e4_scaling,close,2,100,counts_direct,unseen_fraction,0.016249999999999997,0.014750000000000003,0.01775,40,0
e4_scaling,close,2,100,counts_direct,switches,1.275,0.825,1.8,40,0
e4_scaling,close,2,100,counts_direct,arms_visited,1.625,1.475,1.775,40,0
e4_scaling,close,2,100,counts_direct,best_arm_fraction,0.49375,0.34974374999999996,0.6410062499999999,40,0
e4_scaling,close,2,100,counts_direct,suffix_failure,0.5,0.35,0.65,40,0
e4_scaling,close,2,100,counts_direct,choice_mismatch_fraction,0.0,0.0,0.0,40,0
e4_scaling,close,2,100,counts_sample,pseudo_regret,2.297500000000002,1.8062500000000015,2.8050000000000024,40,0
e4_scaling,close,2,100,counts_sample,reward,53.65,52.225,55.075,40,0
e4_scaling,close,2,100,counts_sample,posterior_mean_greedy,0.8422499999999999,0.81075,0.8724999999999999,40,0
e4_scaling,close,2,100,counts_sample,unseen_fraction,0.02,0.02,0.02,40,0
e4_scaling,close,2,100,counts_sample,switches,22.4,19.475,25.425,40,0
e4_scaling,close,2,100,counts_sample,arms_visited,2.0,2.0,2.0,40,0
e4_scaling,close,2,100,counts_sample,best_arm_fraction,0.5405,0.44174375000000005,0.6395,40,0
e4_scaling,close,2,100,counts_sample,suffix_failure,0.125,0.025,0.225,40,0
e4_scaling,close,2,100,counts_sample,choice_mismatch_fraction,0.0,0.0,0.0,40,0
e4_scaling,close,2,100,finite_ap_index,pseudo_regret,2.3175000000000017,1.7124687500000015,2.9512500000000026,40,0
e4_scaling,close,2,100,finite_ap_index,reward,53.5,52.1,54.875,40,0
e4_scaling,close,2,100,finite_ap_index,posterior_mean_greedy,0.9587499999999999,0.9492499999999999,0.96725625,40,0
e4_scaling,close,2,100,finite_ap_index,unseen_fraction,0.02,0.02,0.02,40,0
e4_scaling,close,2,100,finite_ap_index,switches,7.575,6.425,8.9,40,0
e4_scaling,close,2,100,finite_ap_index,arms_visited,2.0,2.0,2.0,40,0
e4_scaling,close,2,100,finite_ap_index,best_arm_fraction,0.5365,0.4125,0.6610062499999999,40,0
e4_scaling,close,2,100,finite_ap_index,suffix_failure,0.425,0.275,0.575,40,0
e4_scaling,close,2,100,finite_ap_index,index_ambiguous_ranking_fraction,0.0,0.0,0.0,40,0
e4_scaling,close,2,100,greedy,pseudo_regret,2.431250000000002,1.7124375000000016,3.1662812500000026,40,0
e4_scaling,close,2,100,greedy,reward,53.85,52.325,55.375,40,0
e4_scaling,close,2,100,greedy,posterior_mean_greedy,1.0,1.0,1.0,40,0
e4_scaling,close,2,100,greedy,unseen_fraction,0.01775,0.016499999999999997,0.019,40,0
e4_scaling,close,2,100,greedy,switches,2.1,1.525,2.7,40,0
e4_scaling,close,2,100,greedy,arms_visited,1.775,1.625,1.9,40,0
e4_scaling,close,2,100,greedy,best_arm_fraction,0.51375,0.36774375,0.6572562499999999,40,0
e4_scaling,close,2,100,greedy,suffix_failure,0.475,0.325,0.625,40,0
e4_scaling,close,2,100,ids,pseudo_regret,2.273750000000002,1.7287500000000016,2.8312500000000025,40,0
e4_scaling,close,2,100,ids,reward,53.65,52.2,55.025,40,0
e4_scaling,close,2,100,ids,posterior_mean_greedy,0.9359999999999999,0.9212499999999999,0.95,40,0
e4_scaling,close,2,100,ids,unseen_fraction,0.02,0.02,0.02,40,0
e4_scaling,close,2,100,ids,switches,10.15,8.725,11.6,40,0
e4_scaling,close,2,100,ids,arms_visited,2.0,2.0,2.0,40,0
e4_scaling,close,2,100,ids,best_arm_fraction,0.54525,0.43600000000000005,0.6562562499999999,40,0
e4_scaling,close,2,100,ids,suffix_failure,0.25,0.125,0.4,40,0
e4_scaling,close,2,100,knowledge_gradient,pseudo_regret,2.2250000000000023,1.5761562500000013,2.8600312500000022,40,0
e4_scaling,close,2,100,knowledge_gradient,reward,53.975,52.575,55.375,40,0
e4_scaling,close,2,100,knowledge_gradient,posterior_mean_greedy,0.966,0.954,0.9767499999999998,40,0
e4_scaling,close,2,100,knowledge_gradient,unseen_fraction,0.02,0.02,0.02,40,0
e4_scaling,close,2,100,knowledge_gradient,switches,5.75,4.375,7.325,40,0
e4_scaling,close,2,100,knowledge_gradient,arms_visited,2.0,2.0,2.0,40,0
e4_scaling,close,2,100,knowledge_gradient,best_arm_fraction,0.5549999999999999,0.425,0.68525,40,0
e4_scaling,close,2,100,knowledge_gradient,suffix_failure,0.425,0.275,0.575,40,0
e4_scaling,close,2,100,random,pseudo_regret,2.533750000000002,2.458750000000002,2.6112500000000027,40,0
e4_scaling,close,2,100,random,reward,53.425,51.85,55.05,40,0
e4_scaling,close,2,100,random,posterior_mean_greedy,0.5085,0.492,0.5255,40,0
e4_scaling,close,2,100,random,unseen_fraction,0.02,0.02,0.02,40,0
e4_scaling,close,2,100,random,switches,50.575,49.124375,52.05,40,0
e4_scaling,close,2,100,random,arms_visited,2.0,2.0,2.0,40,0
e4_scaling,close,2,100,random,best_arm_fraction,0.49325,0.47725000000000006,0.50875,40,0
e4_scaling,close,2,100,random,suffix_failure,0.0,0.0,0.0,40,0
e4_scaling,close,2,100,ts,pseudo_regret,2.205000000000002,1.7999687500000014,2.625000000000002,40,0
e4_scaling,close,2,100,ts,reward,53.475,52.1,54.925,40,0
e4_scaling,close,2,100,ts,posterior_mean_greedy,0.7985000000000001,0.76575,0.83075625,40,0
e4_scaling,close,2,100,ts,unseen_fraction,0.02,0.02,0.02,40,0
e4_scaling,close,2,100,ts,switches,29.275,25.45,33.075,40,0
e4_scaling,close,2,100,ts,arms_visited,2.0,2.0,2.0,40,0
e4_scaling,close,2,100,ts,best_arm_fraction,0.5589999999999999,0.47599375,0.63725,40,0
e4_scaling,close,2,100,ts,suffix_failure,0.1,0.025,0.2,40,0
e4_scaling,close,2,100,ucb1,pseudo_regret,2.1937500000000023,2.017500000000002,2.3787500000000024,40,0
e4_scaling,close,2,100,ucb1,reward,53.85,52.375,55.375,40,0
e4_scaling,close,2,100,ucb1,posterior_mean_greedy,0.67625,0.65799375,0.69425,40,0
e4_scaling,close,2,100,ucb1,unseen_fraction,0.02,0.02,0.02,40,0
e4_scaling,close,2,100,ucb1,switches,34.475,32.875,36.175,40,0
e4_scaling,close,2,100,ucb1,arms_visited,2.0,2.0,2.0,40,0
e4_scaling,close,2,100,ucb1,best_arm_fraction,0.56125,0.524,0.59675625,40,0
e4_scaling,close,2,100,ucb1,suffix_failure,0.0,0.0,0.0,40,0
e4_scaling,close,3,100,bayes_direct,pseudo_regret,3.7275000000000036,3.0087500000000027,4.343750000000004,40,0
e4_scaling,close,3,100,bayes_direct,reward,51.675,50.025,53.325624999999995,40,0
e4_scaling,close,3,100,bayes_direct,posterior_mean_greedy,0.90525,0.8422500000000002,0.9574999999999999,40,0
e4_scaling,close,3,100,bayes_direct,unseen_fraction,0.02025,0.017499999999999998,0.023,40,0
e4_scaling,close,3,100,bayes_direct,switches,1.4,0.975,1.875,40,0
e4_scaling,close,3,100,bayes_direct,arms_visited,2.025,1.75,2.3,40,0
e4_scaling,close,3,100,bayes_direct,best_arm_fraction,0.2545,0.131,0.38025,40,0
e4_scaling,close,3,100,bayes_direct,suffix_failure,0.75,0.6,0.875,40,0
e4_scaling,close,3,100,bayes_direct,choice_mismatch_fraction,0.0,0.0,0.0,40,0
e4_scaling,close,3,100,bayes_sample,pseudo_regret,3.456250000000003,2.9562187500000023,3.923750000000003,40,0
e4_scaling,close,3,100,bayes_sample,reward,50.875,49.125,52.625,40,0
e4_scaling,close,3,100,bayes_sample,posterior_mean_greedy,0.8322499999999999,0.8087499999999999,0.85525625,40,0
e4_scaling,close,3,100,bayes_sample,unseen_fraction,0.03,0.03,0.03,40,0
e4_scaling,close,3,100,bayes_sample,switches,27.175,24.425,30.050624999999993,40,0
e4_scaling,close,3,100,bayes_sample,arms_visited,3.0,3.0,3.0,40,0
e4_scaling,close,3,100,bayes_sample,best_arm_fraction,0.30875,0.21725000000000003,0.40725,40,0
e4_scaling,close,3,100,bayes_sample,suffix_failure,0.2,0.075,0.325,40,0
e4_scaling,close,3,100,bayes_sample,choice_mismatch_fraction,0.00025,0.0,0.00075,40,0
e4_scaling,close,3,100,bayes_ucb,pseudo_regret,3.115000000000003,2.7250000000000023,3.5000000000000027,40,0
e4_scaling,close,3,100,bayes_ucb,reward,51.3,49.675,52.875,40,0
e4_scaling,close,3,100,bayes_ucb,posterior_mean_greedy,0.7567499999999999,0.7215,0.7925,40,0
e4_scaling,close,3,100,bayes_ucb,unseen_fraction,0.03,0.03,0.03,40,0
e4_scaling,close,3,100,bayes_ucb,switches,20.225,18.225,22.25,40,0
e4_scaling,close,3,100,bayes_ucb,arms_visited,3.0,3.0,3.0,40,0
e4_scaling,close,3,100,bayes_ucb,best_arm_fraction,0.377,0.30125,0.45325000000000004,40,0
e4_scaling,close,3,100,bayes_ucb,suffix_failure,0.225,0.1,0.375,40,0
e4_scaling,close,3,100,counts_direct,pseudo_regret,3.3737500000000025,2.6387500000000026,4.095000000000003,40,0
e4_scaling,close,3,100,counts_direct,reward,51.375,49.625,53.075,40,0
e4_scaling,close,3,100,counts_direct,posterior_mean_greedy,0.83475,0.754,0.9065000000000001,40,0
e4_scaling,close,3,100,counts_direct,unseen_fraction,0.017499999999999998,0.015000000000000003,0.020249999999999997,40,0
e4_scaling,close,3,100,counts_direct,switches,1.0,0.6,1.425624999999991,40,0
e4_scaling,close,3,100,counts_direct,arms_visited,1.75,1.5,2.025,40,0
e4_scaling,close,3,100,counts_direct,best_arm_fraction,0.32525,0.18175,0.472,40,0
e4_scaling,close,3,100,counts_direct,suffix_failure,0.675,0.525,0.825,40,0
e4_scaling,close,3,100,counts_direct,choice_mismatch_fraction,0.0,0.0,0.0,40,0
e4_scaling,close,3,100,counts_sample,pseudo_regret,3.370000000000003,2.890000000000003,3.828750000000003,40,0
e4_scaling,close,3,100,counts_sample,reward,51.45,50.05,52.85,40,0
e4_scaling,close,3,100,counts_sample,posterior_mean_greedy,0.8022500000000001,0.77175,0.8320000000000001,40,0
e4_scaling,close,3,100,counts_sample,unseen_fraction,0.03,0.03,0.03,40,0
e4_scaling,close,3,100,counts_sample,switches,26.575,23.825,29.375,40,0
e4_scaling,close,3,100,counts_sample,arms_visited,3.0,3.0,3.0,40,0
e4_scaling,close,3,100,counts_sample,best_arm_fraction,0.32599999999999996,0.233,0.4225,40,0
e4_scaling,close,3,100,counts_sample,suffix_failure,0.25,0.125,0.4,40,0
e4_scaling,close,3,100,counts_sample,choice_mismatch_fraction,0.0,0.0,0.0,40,0
e4_scaling,close,3,100,finite_ap_index,pseudo_regret,3.2512500000000033,2.699968750000002,3.7800000000000034,40,0
e4_scaling,close,3,100,finite_ap_index,reward,51.1,49.375,52.775,40,0
e4_scaling,close,3,100,finite_ap_index,posterior_mean_greedy,0.90675,0.8879999999999999,0.9252499999999999,40,0
e4_scaling,close,3,100,finite_ap_index,unseen_fraction,0.03,0.03,0.03,40,0
e4_scaling,close,3,100,finite_ap_index,switches,12.3,10.675,13.925,40,0
e4_scaling,close,3,100,finite_ap_index,arms_visited,3.0,3.0,3.0,40,0
e4_scaling,close,3,100,finite_ap_index,best_arm_fraction,0.34975,0.24875000000000003,0.45924999999999994,40,0
e4_scaling,close,3,100,finite_ap_index,suffix_failure,0.6,0.45,0.75,40,0
e4_scaling,close,3,100,finite_ap_index,index_ambiguous_ranking_fraction,0.0,0.0,0.0,40,0
e4_scaling,close,3,100,greedy,pseudo_regret,3.8275000000000032,3.2187500000000027,4.376250000000004,40,0
e4_scaling,close,3,100,greedy,reward,50.8,49.175,52.45,40,0
e4_scaling,close,3,100,greedy,posterior_mean_greedy,1.0,1.0,1.0,40,0
e4_scaling,close,3,100,greedy,unseen_fraction,0.028250000000000004,0.026250000000000002,0.02975,40,0
e4_scaling,close,3,100,greedy,switches,3.4,2.825,4.025,40,0
e4_scaling,close,3,100,greedy,arms_visited,2.825,2.65,2.975,40,0
e4_scaling,close,3,100,greedy,best_arm_fraction,0.2345,0.12799375,0.35625,40,0
e4_scaling,close,3,100,greedy,suffix_failure,0.75,0.6,0.875,40,0
e4_scaling,close,3,100,ids,pseudo_regret,3.2250000000000028,2.7500000000000027,3.6962500000000036,40,0
e4_scaling,close,3,100,ids,reward,51.15,49.449375,52.75,40,0
e4_scaling,close,3,100,ids,posterior_mean_greedy,0.8707499999999999,0.8477499999999999,0.893,40,0
e4_scaling,close,3,100,ids,unseen_fraction,0.03,0.03,0.03,40,0
e4_scaling,close,3,100,ids,switches,16.325,14.55,18.175624999999993,40,0
e4_scaling,close,3,100,ids,arms_visited,3.0,3.0,3.0,40,0
e4_scaling,close,3,100,ids,best_arm_fraction,0.355,0.26249375,0.45424999999999993,40,0
e4_scaling,close,3,100,ids,suffix_failure,0.275,0.15,0.425,40,0
e4_scaling,close,3,100,knowledge_gradient,pseudo_regret,3.335000000000003,2.766218750000002,3.880000000000004,40,0
e4_scaling,close,3,100,knowledge_gradient,reward,51.075,49.35,52.75,40,0
e4_scaling,close,3,100,knowledge_gradient,posterior_mean_greedy,0.94475,0.9294937499999998,0.9585000000000001,40,0
e4_scaling,close,3,100,knowledge_gradient,unseen_fraction,0.03,0.03,0.03,40,0
e4_scaling,close,3,100,knowledge_gradient,switches,8.75,7.25,10.425,40,0
e4_scaling,close,3,100,knowledge_gradient,arms_visited,3.0,3.0,3.0,40,0
e4_scaling,close,3,100,knowledge_gradient,best_arm_fraction,0.333,0.22424375,0.45075000000000004,40,0
e4_scaling,close,3,100,knowledge_gradient,suffix_failure,0.625,0.475,0.775,40,0
e4_scaling,close,3,100,random,pseudo_regret,3.3675000000000024,3.3025000000000033,3.435000000000003,40,0
e4_scaling,close,3,100,random,reward,51.925,50.2,53.6,40,0
e4_scaling,close,3,100,random,posterior_mean_greedy,0.36774999999999997,0.356,0.37925,40,0
e4_scaling,close,3,100,random,unseen_fraction,0.03,0.03,0.03,40,0
e4_scaling,close,3,100,random,switches,67.375,65.8,68.875,40,0
e4_scaling,close,3,100,random,arms_visited,3.0,3.0,3.0,40,0
e4_scaling,close,3,100,random,best_arm_fraction,0.3265,0.31325000000000003,0.34,40,0
e4_scaling,close,3,100,random,suffix_failure,0.0,0.0,0.0,40,0
e4_scaling,close,3,100,ts,pseudo_regret,3.103750000000003,2.7487500000000025,3.4462500000000036,40,0
e4_scaling,close,3,100,ts,reward,51.1,49.45,52.675,40,0
e4_scaling,close,3,100,ts,posterior_mean_greedy,0.6872499999999999,0.6565,0.71875,40,0
e4_scaling,close,3,100,ts,unseen_fraction,0.03,0.03,0.03,40,0
e4_scaling,close,3,100,ts,switches,44.325,40.675,47.975,40,0
e4_scaling,close,3,100,ts,arms_visited,3.0,3.0,3.0,40,0
e4_scaling,close,3,100,ts,best_arm_fraction,0.37925,0.30925,0.44975624999999997,40,0
e4_scaling,close,3,100,ts,suffix_failure,0.1,0.025,0.2,40,0
e4_scaling,close,3,100,ucb1,pseudo_regret,3.1900000000000026,3.0712500000000027,3.3087500000000034,40,0
e4_scaling,close,3,100,ucb1,reward,51.475,49.9,53.025,40,0
e4_scaling,close,3,100,ucb1,posterior_mean_greedy,0.48825,0.47325,0.50275,40,0
e4_scaling,close,3,100,ucb1,unseen_fraction,0.03,0.03,0.03,40,0
e4_scaling,close,3,100,ucb1,switches,49.125,47.4,50.85,40,0
e4_scaling,close,3,100,ucb1,arms_visited,3.0,3.0,3.0,40,0
e4_scaling,close,3,100,ucb1,best_arm_fraction,0.362,0.33799999999999997,0.38550625,40,0
e4_scaling,close,3,100,ucb1,suffix_failure,0.0,0.0,0.0,40,0
e4_scaling,close,5,100,bayes_direct,pseudo_regret,3.5187500000000034,2.7925000000000026,4.140000000000003,40,0
e4_scaling,close,5,100,bayes_direct,reward,52.6,50.925,54.3,40,0
e4_scaling,close,5,100,bayes_direct,posterior_mean_greedy,0.83475,0.7474999999999999,0.9117562499999998,40,0
e4_scaling,close,5,100,bayes_direct,unseen_fraction,0.025500000000000002,0.021249999999999998,0.030000000000000006,40,0
e4_scaling,close,5,100,bayes_direct,switches,1.775,1.2993750000000006,2.3,40,0
e4_scaling,close,5,100,bayes_direct,arms_visited,2.55,2.125,3.0,40,0
e4_scaling,close,5,100,bayes_direct,best_arm_fraction,0.29625,0.17174999999999999,0.442,40,0
e4_scaling,close,5,100,bayes_direct,suffix_failure,0.7,0.55,0.825,40,0
e4_scaling,close,5,100,bayes_direct,choice_mismatch_fraction,0.0,0.0,0.0,40,0
e4_scaling,close,5,100,bayes_sample,pseudo_regret,3.636250000000004,3.1487187500000027,4.100000000000003,40,0
e4_scaling,close,5,100,bayes_sample,reward,51.3,49.8,52.75,40,0
e4_scaling,close,5,100,bayes_sample,posterior_mean_greedy,0.79,0.762,0.8172499999999999,40,0
e4_scaling,close,5,100,bayes_sample,unseen_fraction,0.05,0.05,0.05,40,0
e4_scaling,close,5,100,bayes_sample,switches,30.925,27.95,33.95,40,0
e4_scaling,close,5,100,bayes_sample,arms_visited,5.0,5.0,5.0,40,0
e4_scaling,close,5,100,bayes_sample,best_arm_fraction,0.27275,0.18000000000000002,0.3722562499999999,40,0
e4_scaling,close,5,100,bayes_sample,suffix_failure,0.375,0.225,0.525,40,0
e4_scaling,close,5,100,bayes_sample,choice_mismatch_fraction,0.00025,0.0,0.00075,40,0
e4_scaling,close,5,100,bayes_ucb,pseudo_regret,3.676250000000003,3.3612187500000026,3.9700000000000037,40,0
e4_scaling,close,5,100,bayes_ucb,reward,51.65,50.175,53.125,40,0
e4_scaling,close,5,100,bayes_ucb,posterior_mean_greedy,0.66875,0.6365000000000001,0.702,40,0
e4_scaling,close,5,100,bayes_ucb,unseen_fraction,0.05,0.05,0.05,40,0
e4_scaling,close,5,100,bayes_ucb,switches,28.425,26.625,30.175,40,0
e4_scaling,close,5,100,bayes_ucb,arms_visited,5.0,5.0,5.0,40,0
e4_scaling,close,5,100,bayes_ucb,best_arm_fraction,0.26475,0.20675,0.327,40,0
e4_scaling,close,5,100,bayes_ucb,suffix_failure,0.175,0.075,0.3,40,0
e4_scaling,close,5,100,counts_direct,pseudo_regret,3.7487500000000034,3.022500000000003,4.367500000000004,40,0
e4_scaling,close,5,100,counts_direct,reward,52.775,51.0,54.575624999999995,40,0
e4_scaling,close,5,100,counts_direct,posterior_mean_greedy,0.7887500000000001,0.69424375,0.8765000000000001,40,0
e4_scaling,close,5,100,counts_direct,unseen_fraction,0.021500000000000002,0.017499999999999998,0.026000000000000002,40,0
e4_scaling,close,5,100,counts_direct,switches,1.175,0.75,1.625,40,0
e4_scaling,close,5,100,counts_direct,arms_visited,2.15,1.725,2.6,40,0
e4_scaling,close,5,100,counts_direct,best_arm_fraction,0.25025,0.1265,0.39550624999999995,40,0
e4_scaling,close,5,100,counts_direct,suffix_failure,0.75,0.6,0.875,40,0
e4_scaling,close,5,100,counts_direct,choice_mismatch_fraction,0.0,0.0,0.0,40,0
e4_scaling,close,5,100,counts_sample,pseudo_regret,3.4687500000000027,2.9737500000000026,3.9412500000000037,40,0
e4_scaling,close,5,100,counts_sample,reward,51.075,49.375,52.775,40,0
e4_scaling,close,5,100,counts_sample,posterior_mean_greedy,0.69475,0.65775,0.731,40,0
e4_scaling,close,5,100,counts_sample,unseen_fraction,0.05,0.05,0.05,40,0
e4_scaling,close,5,100,counts_sample,switches,34.975,31.825,38.225,40,0
e4_scaling,close,5,100,counts_sample,arms_visited,5.0,5.0,5.0,40,0
e4_scaling,close,5,100,counts_sample,best_arm_fraction,0.30625,0.2125,0.40625624999999993,40,0
e4_scaling,close,5,100,counts_sample,suffix_failure,0.25,0.125,0.375,40,0
e4_scaling,close,5,100,counts_sample,choice_mismatch_fraction,0.00025,0.0,0.00075,40,0
e4_scaling,close,5,100,finite_ap_index,pseudo_regret,3.645000000000003,3.171250000000003,4.0850000000000035,40,0
e4_scaling,close,5,100,finite_ap_index,reward,51.45,49.9,53.0,40,0
e4_scaling,close,5,100,finite_ap_index,posterior_mean_greedy,0.857,0.8395000000000001,0.87425,40,0
e4_scaling,close,5,100,finite_ap_index,unseen_fraction,0.05,0.05,0.05,40,0
e4_scaling,close,5,100,finite_ap_index,switches,19.4,17.7,21.125,40,0
e4_scaling,close,5,100,finite_ap_index,arms_visited,5.0,5.0,5.0,40,0
e4_scaling,close,5,100,finite_ap_index,best_arm_fraction,0.271,0.18475000000000003,0.3645,40,0
e4_scaling,close,5,100,finite_ap_index,suffix_failure,0.6,0.45,0.75,40,0
e4_scaling,close,5,100,finite_ap_index,index_ambiguous_ranking_fraction,0.0,0.0,0.0,40,0
e4_scaling,close,5,100,greedy,pseudo_regret,3.203750000000002,2.500000000000002,3.8825312500000035,40,0
e4_scaling,close,5,100,greedy,reward,52.725,51.075,54.425,40,0
e4_scaling,close,5,100,greedy,posterior_mean_greedy,1.0,1.0,1.0,40,0
e4_scaling,close,5,100,greedy,unseen_fraction,0.04,0.035250000000000004,0.04425,40,0
e4_scaling,close,5,100,greedy,switches,5.225,4.125,6.325,40,0
e4_scaling,close,5,100,greedy,arms_visited,4.0,3.525,4.425,40,0
e4_scaling,close,5,100,greedy,best_arm_fraction,0.35924999999999996,0.22675,0.50025,40,0
e4_scaling,close,5,100,greedy,suffix_failure,0.625,0.475,0.775,40,0
e4_scaling,close,5,100,ids,pseudo_regret,3.6775000000000033,3.2937187500000027,4.042500000000004,40,0
e4_scaling,close,5,100,ids,reward,51.525,50.025,53.025,40,0
e4_scaling,close,5,100,ids,posterior_mean_greedy,0.7965,0.776,0.8175000000000001,40,0
e4_scaling,close,5,100,ids,unseen_fraction,0.05,0.05,0.05,40,0
e4_scaling,close,5,100,ids,switches,24.7,23.075,26.325,40,0
e4_scaling,close,5,100,ids,arms_visited,5.0,5.0,5.0,40,0
e4_scaling,close,5,100,ids,best_arm_fraction,0.2645,0.19024375,0.34175000000000005,40,0
e4_scaling,close,5,100,ids,suffix_failure,0.375,0.225,0.525,40,0
e4_scaling,close,5,100,knowledge_gradient,pseudo_regret,3.5012500000000033,2.9036875000000024,4.070031250000002,40,0
e4_scaling,close,5,100,knowledge_gradient,reward,51.8,50.075,53.525,40,0
e4_scaling,close,5,100,knowledge_gradient,posterior_mean_greedy,0.922,0.90675,0.93675,40,0
e4_scaling,close,5,100,knowledge_gradient,unseen_fraction,0.05,0.05,0.05,40,0
e4_scaling,close,5,100,knowledge_gradient,switches,12.475,10.85,14.275,40,0
e4_scaling,close,5,100,knowledge_gradient,arms_visited,5.0,5.0,5.0,40,0
e4_scaling,close,5,100,knowledge_gradient,best_arm_fraction,0.29974999999999996,0.18575000000000003,0.41925,40,0
e4_scaling,close,5,100,knowledge_gradient,suffix_failure,0.675,0.525,0.825,40,0
e4_scaling,close,5,100,random,pseudo_regret,4.037500000000003,3.9812500000000037,4.090000000000003,40,0
e4_scaling,close,5,100,random,reward,51.025,49.625,52.4,40,0
e4_scaling,close,5,100,random,posterior_mean_greedy,0.238,0.22275,0.25325000000000003,40,0
e4_scaling,close,5,100,random,unseen_fraction,0.05,0.05,0.05,40,0
e4_scaling,close,5,100,random,switches,79.05,77.725,80.375,40,0
e4_scaling,close,5,100,random,arms_visited,5.0,5.0,5.0,40,0
e4_scaling,close,5,100,random,best_arm_fraction,0.1925,0.1815,0.20400000000000001,40,0
e4_scaling,close,5,100,random,suffix_failure,0.05,0.0,0.125,40,0
e4_scaling,close,5,100,ts,pseudo_regret,3.760000000000004,3.4799687500000025,4.021250000000004,40,0
e4_scaling,close,5,100,ts,reward,51.6,50.3,52.95,40,0
e4_scaling,close,5,100,ts,posterior_mean_greedy,0.51525,0.4915,0.54025,40,0
e4_scaling,close,5,100,ts,unseen_fraction,0.05,0.05,0.05,40,0
e4_scaling,close,5,100,ts,switches,64.4,61.849375,66.95,40,0
e4_scaling,close,5,100,ts,arms_visited,5.0,5.0,5.0,40,0
e4_scaling,close,5,100,ts,best_arm_fraction,0.248,0.195,0.30300625,40,0
e4_scaling,close,5,100,ts,suffix_failure,0.275,0.15,0.425,40,0
e4_scaling,close,5,100,ucb1,pseudo_regret,3.855000000000003,3.7300000000000026,3.9750000000000036,40,0
e4_scaling,close,5,100,ucb1,reward,51.275,49.95,52.55,40,0
e4_scaling,close,5,100,ucb1,posterior_mean_greedy,0.364,0.34850000000000003,0.38025,40,0
e4_scaling,close,5,100,ucb1,unseen_fraction,0.05,0.05,0.05,40,0
e4_scaling,close,5,100,ucb1,switches,63.375,61.4,65.35,40,0
e4_scaling,close,5,100,ucb1,arms_visited,5.0,5.0,5.0,40,0
e4_scaling,close,5,100,ucb1,best_arm_fraction,0.229,0.20524375,0.25425,40,0
e4_scaling,close,5,100,ucb1,suffix_failure,0.0,0.0,0.0,40,0
e4_scaling,close,10,100,bayes_direct,pseudo_regret,4.487500000000004,3.9962500000000034,4.865000000000004,40,0
e4_scaling,close,10,100,bayes_direct,reward,50.9,48.975,52.8,40,0
e4_scaling,close,10,100,bayes_direct,posterior_mean_greedy,0.71575,0.6137500000000001,0.81175,40,0
e4_scaling,close,10,100,bayes_direct,unseen_fraction,0.03125,0.024743750000000005,0.0385,40,0
e4_scaling,close,10,100,bayes_direct,switches,2.325,1.625,3.075,40,0
e4_scaling,close,10,100,bayes_direct,arms_visited,3.125,2.4743750000000007,3.85,40,0
e4_scaling,close,10,100,bayes_direct,best_arm_fraction,0.1025,0.027000000000000003,0.20125,40,0
e4_scaling,close,10,100,bayes_direct,suffix_failure,0.875,0.775,0.975,40,0
e4_scaling,close,10,100,bayes_direct,choice_mismatch_fraction,0.0,0.0,0.0,40,0
e4_scaling,close,10,100,bayes_sample,pseudo_regret,4.433750000000004,4.092500000000004,4.723750000000004,40,0
e4_scaling,close,10,100,bayes_sample,reward,50.225,48.725,51.775,40,0
e4_scaling,close,10,100,bayes_sample,posterior_mean_greedy,0.7845,0.7542500000000001,0.8122562499999999,40,0
e4_scaling,close,10,100,bayes_sample,unseen_fraction,0.09475,0.0905,0.09824999999999999,40,0
e4_scaling,close,10,100,bayes_sample,switches,32.275,29.724375000000002,34.825,40,0
e4_scaling,close,10,100,bayes_sample,arms_visited,9.475,9.075,9.825,40,0
e4_scaling,close,10,100,bayes_sample,best_arm_fraction,0.11325,0.05475,0.182,40,0
e4_scaling,close,10,100,bayes_sample,suffix_failure,0.575,0.425,0.725,40,0
e4_scaling,close,10,100,bayes_sample,choice_mismatch_fraction,0.00025,0.0,0.00075,40,0
e4_scaling,close,10,100,bayes_ucb,pseudo_regret,4.336250000000003,4.171250000000003,4.488750000000004,40,0
e4_scaling,close,10,100,bayes_ucb,reward,50.9,49.525,52.200624999999995,40,0
e4_scaling,close,10,100,bayes_ucb,posterior_mean_greedy,0.56875,0.5417500000000001,0.596,40,0
e4_scaling,close,10,100,bayes_ucb,unseen_fraction,0.1,0.1,0.1,40,0
e4_scaling,close,10,100,bayes_ucb,switches,37.65,36.15,39.175,40,0
e4_scaling,close,10,100,bayes_ucb,arms_visited,10.0,10.0,10.0,40,0
e4_scaling,close,10,100,bayes_ucb,best_arm_fraction,0.13275,0.10200000000000001,0.1665,40,0
e4_scaling,close,10,100,bayes_ucb,suffix_failure,0.475,0.325,0.625,40,0
e4_scaling,close,10,100,counts_direct,pseudo_regret,4.500000000000004,4.002500000000003,4.875000000000004,40,0
e4_scaling,close,10,100,counts_direct,reward,51.45,49.7,53.175,40,0
e4_scaling,close,10,100,counts_direct,posterior_mean_greedy,0.67175,0.5650000000000001,0.77375,40,0
e4_scaling,close,10,100,counts_direct,unseen_fraction,0.018,0.014750000000000003,0.021750000000000002,40,0
e4_scaling,close,10,100,counts_direct,switches,0.8,0.475,1.175,40,0
e4_scaling,close,10,100,counts_direct,arms_visited,1.8,1.475,2.175,40,0
e4_scaling,close,10,100,counts_direct,best_arm_fraction,0.1,0.025,0.1995,40,0
e4_scaling,close,10,100,counts_direct,suffix_failure,0.9,0.8,0.975,40,0
e4_scaling,close,10,100,counts_direct,choice_mismatch_fraction,0.0,0.0,0.0,40,0
e4_scaling,close,10,100,counts_sample,pseudo_regret,4.492500000000004,4.216250000000004,4.720000000000004,40,0
e4_scaling,close,10,100,counts_sample,reward,49.925,48.25,51.65,40,0
e4_scaling,close,10,100,counts_sample,posterior_mean_greedy,0.6335,0.594,0.6717500000000001,40,0
e4_scaling,close,10,100,counts_sample,unseen_fraction,0.09275,0.08825,0.09675,40,0
e4_scaling,close,10,100,counts_sample,switches,38.65,35.775,41.4,40,0
e4_scaling,close,10,100,counts_sample,arms_visited,9.275,8.825,9.7,40,0
e4_scaling,close,10,100,counts_sample,best_arm_fraction,0.1015,0.05550000000000001,0.1595,40,0
e4_scaling,close,10,100,counts_sample,suffix_failure,0.525,0.375,0.675,40,0
e4_scaling,close,10,100,counts_sample,choice_mismatch_fraction,0.00025,0.0,0.00075,40,0
e4_scaling,close,10,100,finite_ap_index,pseudo_regret,4.226250000000004,3.9437500000000036,4.477500000000004,40,0
e4_scaling,close,10,100,finite_ap_index,reward,51.075,49.625,52.575,40,0
e4_scaling,close,10,100,finite_ap_index,posterior_mean_greedy,0.7735,0.7555,0.7922499999999999,40,0
e4_scaling,close,10,100,finite_ap_index,unseen_fraction,0.1,0.1,0.1,40,0
e4_scaling,close,10,100,finite_ap_index,switches,28.7,26.875,30.575,40,0
e4_scaling,close,10,100,finite_ap_index,arms_visited,10.0,10.0,10.0,40,0
e4_scaling,close,10,100,finite_ap_index,best_arm_fraction,0.15475,0.10350000000000001,0.21200000000000002,40,0
e4_scaling,close,10,100,finite_ap_index,suffix_failure,0.75,0.6,0.875,40,0
e4_scaling,close,10,100,finite_ap_index,index_ambiguous_ranking_fraction,0.0,0.0,0.0,40,0
e4_scaling,close,10,100,greedy,pseudo_regret,4.278750000000004,3.806250000000003,4.685000000000004,40,0
e4_scaling,close,10,100,greedy,reward,49.9,48.25,51.525,40,0
e4_scaling,close,10,100,greedy,posterior_mean_greedy,1.0,1.0,1.0,40,0
e4_scaling,close,10,100,greedy,unseen_fraction,0.07925,0.06925,0.0885,40,0
e4_scaling,close,10,100,greedy,switches,11.275,9.425,13.05,40,0
e4_scaling,close,10,100,greedy,arms_visited,7.925,6.9,8.825,40,0
e4_scaling,close,10,100,greedy,best_arm_fraction,0.14425000000000002,0.06374375,0.23925000000000002,40,0
e4_scaling,close,10,100,greedy,suffix_failure,0.8,0.675,0.925,40,0
e4_scaling,close,10,100,ids,pseudo_regret,4.2950000000000035,4.081250000000003,4.492500000000004,40,0
e4_scaling,close,10,100,ids,reward,51.325,49.8,52.85,40,0
e4_scaling,close,10,100,ids,posterior_mean_greedy,0.7085,0.68224375,0.7340062499999999,40,0
e4_scaling,close,10,100,ids,unseen_fraction,0.1,0.1,0.1,40,0
e4_scaling,close,10,100,ids,switches,32.95,31.1,34.8,40,0
e4_scaling,close,10,100,ids,arms_visited,10.0,10.0,10.0,40,0
e4_scaling,close,10,100,ids,best_arm_fraction,0.14100000000000001,0.10225,0.18425,40,0
e4_scaling,close,10,100,ids,suffix_failure,0.5,0.35,0.65,40,0
e4_scaling,close,10,100,knowledge_gradient,pseudo_regret,4.432500000000004,4.122500000000004,4.683750000000004,40,0
e4_scaling,close,10,100,knowledge_gradient,reward,49.975,48.525,51.425,40,0
e4_scaling,close,10,100,knowledge_gradient,posterior_mean_greedy,0.8559999999999999,0.8379999999999999,0.8734999999999999,40,0
e4_scaling,close,10,100,knowledge_gradient,unseen_fraction,0.09925,0.09775,0.1,40,0
e4_scaling,close,10,100,knowledge_gradient,switches,21.475,19.625,23.45,40,0
e4_scaling,close,10,100,knowledge_gradient,arms_visited,9.925,9.775,10.0,40,0
e4_scaling,close,10,100,knowledge_gradient,best_arm_fraction,0.1135,0.0625,0.17475000000000002,40,0
e4_scaling,close,10,100,knowledge_gradient,suffix_failure,0.775,0.65,0.9,40,0
e4_scaling,close,10,100,random,pseudo_regret,4.506250000000004,4.457468750000003,4.557500000000004,40,0
e4_scaling,close,10,100,random,reward,50.0,48.7,51.3,40,0
e4_scaling,close,10,100,random,posterior_mean_greedy,0.14725000000000002,0.13574999999999998,0.159,40,0
e4_scaling,close,10,100,random,unseen_fraction,0.1,0.1,0.1,40,0
e4_scaling,close,10,100,random,switches,88.95,88.05,89.85,40,0
e4_scaling,close,10,100,random,arms_visited,10.0,10.0,10.0,40,0
e4_scaling,close,10,100,random,best_arm_fraction,0.09875,0.0885,0.1085,40,0
e4_scaling,close,10,100,random,suffix_failure,0.125,0.025,0.225,40,0
e4_scaling,close,10,100,ts,pseudo_regret,4.435000000000004,4.328750000000004,4.536250000000004,40,0
e4_scaling,close,10,100,ts,reward,50.125,48.725,51.55,40,0
e4_scaling,close,10,100,ts,posterior_mean_greedy,0.3625,0.34750000000000003,0.37825000000000003,40,0
e4_scaling,close,10,100,ts,unseen_fraction,0.1,0.1,0.1,40,0
e4_scaling,close,10,100,ts,switches,81.975,80.6,83.35,40,0
e4_scaling,close,10,100,ts,arms_visited,10.0,10.0,10.0,40,0
e4_scaling,close,10,100,ts,best_arm_fraction,0.11299999999999999,0.09299375,0.133,40,0
e4_scaling,close,10,100,ts,suffix_failure,0.225,0.1,0.35,40,0
e4_scaling,close,10,100,ucb1,pseudo_regret,4.438750000000004,4.3837500000000045,4.4912500000000035,40,0
e4_scaling,close,10,100,ucb1,reward,50.05,48.7,51.4,40,0
e4_scaling,close,10,100,ucb1,posterior_mean_greedy,0.209,0.1995,0.21875,40,0
e4_scaling,close,10,100,ucb1,unseen_fraction,0.1,0.1,0.1,40,0
e4_scaling,close,10,100,ucb1,switches,87.8,86.3,89.275,40,0
e4_scaling,close,10,100,ucb1,arms_visited,10.0,10.0,10.0,40,0
e4_scaling,close,10,100,ucb1,best_arm_fraction,0.11225,0.10175000000000001,0.12275,40,0
e4_scaling,close,10,100,ucb1,suffix_failure,0.1,0.025,0.2,40,0
e4_scaling,close,15,100,bayes_direct,pseudo_regret,4.6650000000000045,4.260000000000003,4.9950000000000045,40,0
e4_scaling,close,15,100,bayes_direct,reward,50.475,49.0,51.975,40,0
e4_scaling,close,15,100,bayes_direct,posterior_mean_greedy,0.7542500000000001,0.6719999999999999,0.8305,40,0
e4_scaling,close,15,100,bayes_direct,unseen_fraction,0.032499999999999994,0.026500000000000003,0.0395,40,0
e4_scaling,close,15,100,bayes_direct,switches,2.55,1.9,3.275,40,0
e4_scaling,close,15,100,bayes_direct,arms_visited,3.25,2.625,3.95,40,0
e4_scaling,close,15,100,bayes_direct,best_arm_fraction,0.067,0.00125,0.148,40,0
e4_scaling,close,15,100,bayes_direct,suffix_failure,0.925,0.825,1.0,40,0
e4_scaling,close,15,100,bayes_direct,choice_mismatch_fraction,0.00025,0.0,0.00075,40,0
e4_scaling,close,15,100,bayes_sample,pseudo_regret,4.411250000000004,4.051250000000003,4.7137500000000045,40,0
e4_scaling,close,15,100,bayes_sample,reward,50.65,48.975,52.35,40,0
e4_scaling,close,15,100,bayes_sample,posterior_mean_greedy,0.77675,0.7467499999999999,0.8059999999999998,40,0
e4_scaling,close,15,100,bayes_sample,unseen_fraction,0.11274999999999999,0.10400000000000001,0.12150000000000001,40,0
e4_scaling,close,15,100,bayes_sample,switches,31.075,27.975,34.2,40,0
e4_scaling,close,15,100,bayes_sample,arms_visited,11.275,10.4,12.15,40,0
e4_scaling,close,15,100,bayes_sample,best_arm_fraction,0.11775,0.05825,0.19,40,0
e4_scaling,close,15,100,bayes_sample,suffix_failure,0.65,0.5,0.8,40,0
e4_scaling,close,15,100,bayes_sample,choice_mismatch_fraction,0.00075,0.0,0.0017500000000000003,40,0
e4_scaling,close,15,100,bayes_ucb,pseudo_regret,4.5400000000000045,4.407500000000003,4.658750000000004,40,0
e4_scaling,close,15,100,bayes_ucb,reward,51.9,50.15,53.65,40,0
e4_scaling,close,15,100,bayes_ucb,posterior_mean_greedy,0.47225,0.45225,0.4925,40,0
e4_scaling,close,15,100,bayes_ucb,unseen_fraction,0.15,0.15,0.15,40,0
e4_scaling,close,15,100,bayes_ucb,switches,42.4,40.725,44.1,40,0
e4_scaling,close,15,100,bayes_ucb,arms_visited,15.0,15.0,15.0,40,0
e4_scaling,close,15,100,bayes_ucb,best_arm_fraction,0.09200000000000001,0.06849374999999999,0.11825000000000001,40,0
e4_scaling,close,15,100,bayes_ucb,suffix_failure,0.375,0.225,0.525,40,0
e4_scaling,close,15,100,counts_direct,pseudo_regret,4.752500000000004,4.3837500000000045,4.998750000000004,40,0
e4_scaling,close,15,100,counts_direct,reward,50.2,48.775,51.65062499999999,40,0
e4_scaling,close,15,100,counts_direct,posterior_mean_greedy,0.63425,0.5305,0.73575,40,0
e4_scaling,close,15,100,counts_direct,unseen_fraction,0.021,0.016999999999999998,0.025500000000000002,40,0
e4_scaling,close,15,100,counts_direct,switches,1.1,0.7,1.55,40,0
e4_scaling,close,15,100,counts_direct,arms_visited,2.1,1.7,2.55,40,0
e4_scaling,close,15,100,counts_direct,best_arm_fraction,0.0495,0.00025,0.12325,40,0
e4_scaling,close,15,100,counts_direct,suffix_failure,0.95,0.875,1.0,40,0
e4_scaling,close,15,100,counts_direct,choice_mismatch_fraction,0.0,0.0,0.0,40,0
e4_scaling,close,15,100,counts_sample,pseudo_regret,4.482500000000004,4.191250000000004,4.736250000000004,40,0
e4_scaling,close,15,100,counts_sample,reward,50.3,48.574375,52.05,40,0
e4_scaling,close,15,100,counts_sample,posterior_mean_greedy,0.6672499999999999,0.6315000000000001,0.704,40,0
e4_scaling,close,15,100,counts_sample,unseen_fraction,0.10124999999999999,0.08950000000000001,0.11325,40,0
e4_scaling,close,15,100,counts_sample,switches,35.025,31.375,38.825,40,0
e4_scaling,close,15,100,counts_sample,arms_visited,10.125,8.975,11.325,40,0
e4_scaling,close,15,100,counts_sample,best_arm_fraction,0.10350000000000001,0.053750000000000006,0.1620062499999999,40,0
e4_scaling,close,15,100,counts_sample,suffix_failure,0.625,0.475,0.775,40,0
e4_scaling,close,15,100,counts_sample,choice_mismatch_fraction,0.001,0.00025,0.002,40,0
e4_scaling,close,15,100,finite_ap_index,pseudo_regret,4.445000000000004,4.153750000000004,4.687531250000004,40,0
e4_scaling,close,15,100,finite_ap_index,reward,51.15,49.4,52.925,40,0
e4_scaling,close,15,100,finite_ap_index,posterior_mean_greedy,0.696,0.6795,0.71275,40,0
e4_scaling,close,15,100,finite_ap_index,unseen_fraction,0.15,0.15,0.15,40,0
e4_scaling,close,15,100,finite_ap_index,switches,34.775,32.825,36.675,40,0
e4_scaling,close,15,100,finite_ap_index,arms_visited,15.0,15.0,15.0,40,0
e4_scaling,close,15,100,finite_ap_index,best_arm_fraction,0.11099999999999999,0.06174375,0.16875,40,0
e4_scaling,close,15,100,finite_ap_index,suffix_failure,0.7,0.55,0.85,40,0
e4_scaling,close,15,100,finite_ap_index,index_ambiguous_ranking_fraction,0.00025,0.0,0.00075,40,0
e4_scaling,close,15,100,greedy,pseudo_regret,4.306250000000004,3.8350000000000035,4.702531250000003,40,0
e4_scaling,close,15,100,greedy,reward,50.525,48.975,52.075,40,0
e4_scaling,close,15,100,greedy,posterior_mean_greedy,1.0,1.0,1.0,40,0
e4_scaling,close,15,100,greedy,unseen_fraction,0.0905,0.07475000000000001,0.10600624999999991,40,0
e4_scaling,close,15,100,greedy,switches,11.7,8.999375,14.45,40,0
e4_scaling,close,15,100,greedy,arms_visited,9.05,7.5,10.6,40,0
e4_scaling,close,15,100,greedy,best_arm_fraction,0.13874999999999998,0.05775000000000001,0.23375000000000004,40,0
e4_scaling,close,15,100,greedy,suffix_failure,0.8,0.675,0.925,40,0
e4_scaling,close,15,100,ids,pseudo_regret,4.503750000000004,4.306250000000004,4.676250000000005,40,0
e4_scaling,close,15,100,ids,reward,51.575,49.925,53.225,40,0
e4_scaling,close,15,100,ids,posterior_mean_greedy,0.60425,0.5842499999999999,0.6245,40,0
e4_scaling,close,15,100,ids,unseen_fraction,0.15,0.15,0.15,40,0
e4_scaling,close,15,100,ids,switches,39.925,38.425,41.375,40,0
e4_scaling,close,15,100,ids,arms_visited,15.0,15.0,15.0,40,0
e4_scaling,close,15,100,ids,best_arm_fraction,0.09925,0.0645,0.1385,40,0
e4_scaling,close,15,100,ids,suffix_failure,0.55,0.4,0.7,40,0
e4_scaling,close,15,100,knowledge_gradient,pseudo_regret,4.467500000000004,4.172468750000004,4.720000000000004,40,0
e4_scaling,close,15,100,knowledge_gradient,reward,51.25,49.7,52.825,40,0
e4_scaling,close,15,100,knowledge_gradient,posterior_mean_greedy,0.78875,0.7699999999999999,0.8087499999999999,40,0
e4_scaling,close,15,100,knowledge_gradient,unseen_fraction,0.14550000000000002,0.13974999999999999,0.15,40,0
e4_scaling,close,15,100,knowledge_gradient,switches,26.325,24.35,28.3,40,0
e4_scaling,close,15,100,knowledge_gradient,arms_visited,14.55,14.0,15.0,40,0
e4_scaling,close,15,100,knowledge_gradient,best_arm_fraction,0.1065,0.05575,0.16699999999999998,40,0
e4_scaling,close,15,100,knowledge_gradient,suffix_failure,0.7,0.55,0.85,40,0
e4_scaling,close,15,100,random,pseudo_regret,4.636250000000004,4.601250000000004,4.670000000000004,40,0
e4_scaling,close,15,100,random,reward,51.325,49.75,52.925,40,0
e4_scaling,close,15,100,random,posterior_mean_greedy,0.11474999999999999,0.10674999999999998,0.12325,40,0
e4_scaling,close,15,100,random,unseen_fraction,0.15,0.15,0.15,40,0
e4_scaling,close,15,100,random,switches,92.475,91.7,93.225,40,0
e4_scaling,close,15,100,random,arms_visited,15.0,15.0,15.0,40,0
e4_scaling,close,15,100,random,best_arm_fraction,0.07275000000000001,0.06575,0.07975624999999992,40,0
e4_scaling,close,15,100,random,suffix_failure,0.275,0.15,0.425,40,0
e4_scaling,close,15,100,ts,pseudo_regret,4.592500000000004,4.488750000000005,4.686250000000004,40,0
e4_scaling,close,15,100,ts,reward,51.775,50.05,53.5,40,0
e4_scaling,close,15,100,ts,posterior_mean_greedy,0.3195,0.30425,0.33449999999999996,40,0
e4_scaling,close,15,100,ts,unseen_fraction,0.15,0.15,0.15,40,0
e4_scaling,close,15,100,ts,switches,85.6,84.35,86.825,40,0
e4_scaling,close,15,100,ts,arms_visited,15.0,15.0,15.0,40,0
e4_scaling,close,15,100,ts,best_arm_fraction,0.0815,0.06225000000000001,0.10175000000000001,40,0
e4_scaling,close,15,100,ts,suffix_failure,0.425,0.275,0.575,40,0
e4_scaling,close,15,100,ucb1,pseudo_regret,4.626250000000004,4.592500000000004,4.661250000000004,40,0
e4_scaling,close,15,100,ucb1,reward,51.075,49.4,52.725,40,0
e4_scaling,close,15,100,ucb1,posterior_mean_greedy,0.15575,0.14650000000000002,0.16499999999999998,40,0
e4_scaling,close,15,100,ucb1,unseen_fraction,0.15,0.15,0.15,40,0
e4_scaling,close,15,100,ucb1,switches,95.975,95.325,96.625,40,0
e4_scaling,close,15,100,ucb1,arms_visited,15.0,15.0,15.0,40,0
e4_scaling,close,15,100,ucb1,best_arm_fraction,0.07475000000000001,0.068,0.0815,40,0
e4_scaling,close,15,100,ucb1,suffix_failure,0.175,0.075,0.3,40,0
e4_scaling,prior,2,100,bayes_direct,pseudo_regret,3.0021806081994127,1.4704109762562714,4.843871714660814,40,0
e4_scaling,prior,2,100,bayes_direct,reward,62.2,53.549375,70.35,40,0
e4_scaling,prior,2,100,bayes_direct,posterior_mean_greedy,0.9912500000000002,0.97775,0.99975,40,0
e4_scaling,prior,2,100,bayes_direct,unseen_fraction,0.017499999999999998,0.016000000000000004,0.01875,40,0
e4_scaling,prior,2,100,bayes_direct,switches,4.05,2.125,6.525,40,0
e4_scaling,prior,2,100,bayes_direct,arms_visited,1.75,1.6,1.875,40,0
e4_scaling,prior,2,100,bayes_direct,best_arm_fraction,0.7815000000000001,0.65825,0.8905062499999999,40,0
e4_scaling,prior,2,100,bayes_direct,suffix_failure,0.15,0.05,0.275,40,0
e4_scaling,prior,2,100,bayes_direct,choice_mismatch_fraction,0.0,0.0,0.0,40,0
e4_scaling,prior,2,100,bayes_sample,pseudo_regret,4.037941667462329,3.104128113649085,5.191478635474326,40,0
e4_scaling,prior,2,100,bayes_sample,reward,61.7,53.6,69.25,40,0
e4_scaling,prior,2,100,bayes_sample,posterior_mean_greedy,0.91525,0.9015000000000001,0.9280000000000002,40,0
e4_scaling,prior,2,100,bayes_sample,unseen_fraction,0.02,0.02,0.02,40,0
e4_scaling,prior,2,100,bayes_sample,switches,17.5,14.975,20.175,40,0
e4_scaling,prior,2,100,bayes_sample,arms_visited,2.0,2.0,2.0,40,0
e4_scaling,prior,2,100,bayes_sample,best_arm_fraction,0.7779999999999999,0.6922499999999999,0.8532562499999997,40,0
e4_scaling,prior,2,100,bayes_sample,suffix_failure,0.0,0.0,0.0,40,0
e4_scaling,prior,2,100,bayes_sample,choice_mismatch_fraction,0.0,0.0,0.0,40,0
e4_scaling,prior,2,100,bayes_ucb,pseudo_regret,2.3356194017446414,1.4759033394100656,3.567779979568518,40,0
e4_scaling,prior,2,100,bayes_ucb,reward,63.35,55.225,71.275,40,0
e4_scaling,prior,2,100,bayes_ucb,posterior_mean_greedy,0.9415000000000001,0.9182499999999999,0.96275,40,0
e4_scaling,prior,2,100,bayes_ucb,unseen_fraction,0.0195,0.01875,0.02,40,0
e4_scaling,prior,2,100,bayes_ucb,switches,8.55,5.625,12.10062499999999,40,0
e4_scaling,prior,2,100,bayes_ucb,arms_visited,1.95,1.875,2.0,40,0
e4_scaling,prior,2,100,bayes_ucb,best_arm_fraction,0.8487500000000001,0.77599375,0.91075,40,0
e4_scaling,prior,2,100,bayes_ucb,suffix_failure,0.0,0.0,0.0,40,0
e4_scaling,prior,2,100,counts_direct,pseudo_regret,3.455745877862583,1.734822523956048,5.6006870960270625,40,0
e4_scaling,prior,2,100,counts_direct,reward,62.475,54.25,70.325,40,0
e4_scaling,prior,2,100,counts_direct,posterior_mean_greedy,0.96925,0.9420000000000002,0.9905000000000002,40,0
e4_scaling,prior,2,100,counts_direct,unseen_fraction,0.016499999999999997,0.015000000000000003,0.018,40,0
e4_scaling,prior,2,100,counts_direct,switches,4.625,2.125,7.7,40,0
e4_scaling,prior,2,100,counts_direct,arms_visited,1.65,1.5,1.8,40,0
e4_scaling,prior,2,100,counts_direct,best_arm_fraction,0.7689999999999999,0.647,0.8765000000000001,40,0
e4_scaling,prior,2,100,counts_direct,suffix_failure,0.175,0.075,0.3,40,0
e4_scaling,prior,2,100,counts_direct,choice_mismatch_fraction,0.0,0.0,0.0,40,0
e4_scaling,prior,2,100,counts_sample,pseudo_regret,4.428522163317682,3.4160875859040316,5.706533219064703,40,0
e4_scaling,prior,2,100,counts_sample,reward,61.7,53.624375,69.325,40,0
e4_scaling,prior,2,100,counts_sample,posterior_mean_greedy,0.8857499999999998,0.86174375,0.9087499999999998,40,0
e4_scaling,prior,2,100,counts_sample,unseen_fraction,0.02,0.02,0.02,40,0
e4_scaling,prior,2,100,counts_sample,switches,18.875,15.65,22.375,40,0
e4_scaling,prior,2,100,counts_sample,arms_visited,2.0,2.0,2.0,40,0
e4_scaling,prior,2,100,counts_sample,best_arm_fraction,0.77475,0.697,0.8465062499999999,40,0
e4_scaling,prior,2,100,counts_sample,suffix_failure,0.025,0.0,0.075,40,0
e4_scaling,prior,2,100,counts_sample,choice_mismatch_fraction,0.0,0.0,0.0,40,0
e4_scaling,prior,2,100,finite_ap_index,pseudo_regret,2.2933036611996016,1.2820507203560527,3.6601111417196766,40,0
e4_scaling,prior,2,100,finite_ap_index,reward,63.475,55.1,71.425,40,0
e4_scaling,prior,2,100,finite_ap_index,posterior_mean_greedy,0.9754999999999999,0.96325,0.9855,40,0
e4_scaling,prior,2,100,finite_ap_index,unseen_fraction,0.01925,0.01825,0.02,40,0
e4_scaling,prior,2,100,finite_ap_index,switches,6.3,4.05,9.025,40,0
e4_scaling,prior,2,100,finite_ap_index,arms_visited,1.925,1.825,2.0,40,0
e4_scaling,prior,2,100,finite_ap_index,best_arm_fraction,0.8217500000000001,0.719,0.91000625,40,0
e4_scaling,prior,2,100,finite_ap_index,suffix_failure,0.125,0.025,0.225,40,0
e4_scaling,prior,2,100,finite_ap_index,index_ambiguous_ranking_fraction,0.0,0.0,0.0,40,0
e4_scaling,prior,2,100,greedy,pseudo_regret,3.6489811572607787,1.5646936925707537,6.336224233400178,40,0
e4_scaling,prior,2,100,greedy,reward,61.6,53.074375,69.675,40,0
e4_scaling,prior,2,100,greedy,posterior_mean_greedy,1.0,1.0,1.0,40,0
e4_scaling,prior,2,100,greedy,unseen_fraction,0.017249999999999998,0.015750000000000004,0.0185,40,0
e4_scaling,prior,2,100,greedy,switches,4.0,2.0,6.55,40,0
e4_scaling,prior,2,100,greedy,arms_visited,1.725,1.575,1.85,40,0
e4_scaling,prior,2,100,greedy,best_arm_fraction,0.7815,0.6579875000000001,0.8907499999999999,40,0
e4_scaling,prior,2,100,greedy,suffix_failure,0.15,0.05,0.275,40,0
e4_scaling,prior,2,100,ids,pseudo_regret,2.2540487747246303,1.2582208037707607,3.6294007547576475,40,0
e4_scaling,prior,2,100,ids,reward,63.625,55.274375,71.6,40,0
e4_scaling,prior,2,100,ids,posterior_mean_greedy,0.9654999999999999,0.9484937499999999,0.9795,40,0
e4_scaling,prior,2,100,ids,unseen_fraction,0.019,0.018,0.01975,40,0
e4_scaling,prior,2,100,ids,switches,7.15,4.7,10.075,40,0
e4_scaling,prior,2,100,ids,arms_visited,1.9,1.8,1.975,40,0
e4_scaling,prior,2,100,ids,best_arm_fraction,0.8310000000000001,0.73674375,0.9105000000000001,40,0
e4_scaling,prior,2,100,ids,suffix_failure,0.025,0.0,0.075,40,0
e4_scaling,prior,2,100,knowledge_gradient,pseudo_regret,2.240379457450317,1.1631457949788995,3.6674204146700635,40,0
e4_scaling,prior,2,100,knowledge_gradient,reward,63.7,55.324375,71.425,40,0
e4_scaling,prior,2,100,knowledge_gradient,posterior_mean_greedy,0.95275,0.92225,0.978,40,0
e4_scaling,prior,2,100,knowledge_gradient,unseen_fraction,0.01825,0.016999999999999998,0.01925,40,0
e4_scaling,prior,2,100,knowledge_gradient,switches,7.45,4.125,11.375,40,0
e4_scaling,prior,2,100,knowledge_gradient,arms_visited,1.825,1.7,1.925,40,0
e4_scaling,prior,2,100,knowledge_gradient,best_arm_fraction,0.83775,0.742,0.92025,40,0
e4_scaling,prior,2,100,knowledge_gradient,suffix_failure,0.1,0.025,0.2,40,0
e4_scaling,prior,2,100,random,pseudo_regret,18.20217411980658,14.166880223631935,22.40844932810387,40,0
e4_scaling,prior,2,100,random,reward,48.3,41.8,54.875,40,0
e4_scaling,prior,2,100,random,posterior_mean_greedy,0.5137499999999999,0.49874999999999997,0.52925,40,0
e4_scaling,prior,2,100,random,unseen_fraction,0.02,0.02,0.02,40,0
e4_scaling,prior,2,100,random,switches,49.475,47.95,50.95,40,0
e4_scaling,prior,2,100,random,arms_visited,2.0,2.0,2.0,40,0
e4_scaling,prior,2,100,random,best_arm_fraction,0.50675,0.49024999999999996,0.52325,40,0
e4_scaling,prior,2,100,random,suffix_failure,0.0,0.0,0.0,40,0
e4_scaling,prior,2,100,ts,pseudo_regret,3.0929577125368892,2.3016149099971663,4.2016297316386195,40,0
e4_scaling,prior,2,100,ts,reward,62.5,54.249375,70.37562499999999,40,0
e4_scaling,prior,2,100,ts,posterior_mean_greedy,0.8945000000000001,0.8635000000000002,0.9235,40,0
e4_scaling,prior,2,100,ts,unseen_fraction,0.02,0.02,0.02,40,0
e4_scaling,prior,2,100,ts,switches,17.375,13.2,21.775,40,0
e4_scaling,prior,2,100,ts,arms_visited,2.0,2.0,2.0,40,0
e4_scaling,prior,2,100,ts,best_arm_fraction,0.81325,0.74099375,0.8782499999999999,40,0
e4_scaling,prior,2,100,ts,suffix_failure,0.0,0.0,0.0,40,0
e4_scaling,prior,2,100,ucb1,pseudo_regret,6.094422620648207,5.333267187878341,6.808264851682893,40,0
e4_scaling,prior,2,100,ucb1,reward,59.95,52.325,67.25,40,0
e4_scaling,prior,2,100,ucb1,posterior_mean_greedy,0.7785,0.74249375,0.8145,40,0
e4_scaling,prior,2,100,ucb1,unseen_fraction,0.02,0.02,0.02,40,0
e4_scaling,prior,2,100,ucb1,switches,31.325,26.6,36.3,40,0
e4_scaling,prior,2,100,ucb1,arms_visited,2.0,2.0,2.0,40,0
e4_scaling,prior,2,100,ucb1,best_arm_fraction,0.738,0.69074375,0.78325,40,0
e4_scaling,prior,2,100,ucb1,suffix_failure,0.0,0.0,0.0,40,0
e4_scaling,prior,3,100,bayes_direct,pseudo_regret,5.513349259009212,2.731912705634901,8.804761415557113,40,0
e4_scaling,prior,3,100,bayes_direct,reward,64.725,57.324375,72.10062499999998,40,0
e4_scaling,prior,3,100,bayes_direct,posterior_mean_greedy,0.9432500000000001,0.8797437499999999,0.9914999999999999,40,0
e4_scaling,prior,3,100,bayes_direct,unseen_fraction,0.02025,0.01775,0.023,40,0
e4_scaling,prior,3,100,bayes_direct,switches,3.975,1.8,6.825,40,0
e4_scaling,prior,3,100,bayes_direct,arms_visited,2.025,1.775,2.3,40,0
e4_scaling,prior,3,100,bayes_direct,best_arm_fraction,0.6965,0.5605,0.8219999999999998,40,0
e4_scaling,prior,3,100,bayes_direct,suffix_failure,0.25,0.125,0.3756249999999909,40,0
e4_scaling,prior,3,100,bayes_direct,choice_mismatch_fraction,0.0,0.0,0.0,40,0
e4_scaling,prior,3,100,bayes_sample,pseudo_regret,5.667654151306154,4.267899616287486,7.365897264559991,40,0
e4_scaling,prior,3,100,bayes_sample,reward,64.025,56.874375,70.8,40,0
e4_scaling,prior,3,100,bayes_sample,posterior_mean_greedy,0.8935000000000001,0.8782500000000001,0.90825,40,0
e4_scaling,prior,3,100,bayes_sample,unseen_fraction,0.03,0.03,0.03,40,0
e4_scaling,prior,3,100,bayes_sample,switches,19.6,17.65,21.525,40,0
e4_scaling,prior,3,100,bayes_sample,arms_visited,3.0,3.0,3.0,40,0
e4_scaling,prior,3,100,bayes_sample,best_arm_fraction,0.73525,0.64349375,0.8150000000000001,40,0
e4_scaling,prior,3,100,bayes_sample,suffix_failure,0.0,0.0,0.0,40,0
e4_scaling,prior,3,100,bayes_sample,choice_mismatch_fraction,0.0,0.0,0.0,40,0
e4_scaling,prior,3,100,bayes_ucb,pseudo_regret,4.219869510658016,3.190054590665255,5.39490096542231,40,0
e4_scaling,prior,3,100,bayes_ucb,reward,65.35,58.2,72.275,40,0
e4_scaling,prior,3,100,bayes_ucb,posterior_mean_greedy,0.9185000000000001,0.89625,0.93875,40,0
e4_scaling,prior,3,100,bayes_ucb,unseen_fraction,0.028250000000000004,0.026500000000000003,0.02975,40,0
e4_scaling,prior,3,100,bayes_ucb,switches,11.825,8.85,15.05,40,0
e4_scaling,prior,3,100,bayes_ucb,arms_visited,2.825,2.65,2.975,40,0
e4_scaling,prior,3,100,bayes_ucb,best_arm_fraction,0.8039999999999999,0.74475,0.8584999999999999,40,0
e4_scaling,prior,3,100,bayes_ucb,suffix_failure,0.0,0.0,0.0,40,0
e4_scaling,prior,3,100,counts_direct,pseudo_regret,4.814757541519839,2.2569829805945485,8.093120141644462,40,0
e4_scaling,prior,3,100,counts_direct,reward,64.7,57.175,72.15,40,0
e4_scaling,prior,3,100,counts_direct,posterior_mean_greedy,0.8685,0.78124375,0.9455062499999999,40,0
e4_scaling,prior,3,100,counts_direct,unseen_fraction,0.019,0.016499999999999997,0.02175,40,0
e4_scaling,prior,3,100,counts_direct,switches,3.35,1.4,5.825,40,0
e4_scaling,prior,3,100,counts_direct,arms_visited,1.9,1.65,2.175,40,0
e4_scaling,prior,3,100,counts_direct,best_arm_fraction,0.7135,0.57749375,0.83925,40,0
e4_scaling,prior,3,100,counts_direct,suffix_failure,0.25,0.125,0.4,40,0
e4_scaling,prior,3,100,counts_direct,choice_mismatch_fraction,0.0,0.0,0.0,40,0
e4_scaling,prior,3,100,counts_sample,pseudo_regret,6.939236547913291,5.465553876349928,8.528267475356202,40,0
e4_scaling,prior,3,100,counts_sample,reward,62.875,56.05,69.725,40,0
e4_scaling,prior,3,100,counts_sample,posterior_mean_greedy,0.8392500000000002,0.80725,0.8692500000000001,40,0
e4_scaling,prior,3,100,counts_sample,unseen_fraction,0.03,0.03,0.03,40,0
e4_scaling,prior,3,100,counts_sample,switches,25.15,21.275,29.175,40,0
e4_scaling,prior,3,100,counts_sample,arms_visited,3.0,3.0,3.0,40,0
e4_scaling,prior,3,100,counts_sample,best_arm_fraction,0.65925,0.5594937500000001,0.74975,40,0
e4_scaling,prior,3,100,counts_sample,suffix_failure,0.025,0.0,0.075,40,0
e4_scaling,prior,3,100,counts_sample,choice_mismatch_fraction,0.0,0.0,0.0,40,0
e4_scaling,prior,3,100,finite_ap_index,pseudo_regret,4.3707254027977145,2.791990599783383,6.2295458171270335,40,0
e4_scaling,prior,3,100,finite_ap_index,reward,65.175,58.225,72.00062499999999,40,0
e4_scaling,prior,3,100,finite_ap_index,posterior_mean_greedy,0.9622499999999998,0.9504999999999999,0.97325,40,0
e4_scaling,prior,3,100,finite_ap_index,unseen_fraction,0.027500000000000004,0.025500000000000002,0.029000000000000005,40,0
e4_scaling,prior,3,100,finite_ap_index,switches,8.275,5.975,10.875,40,0
e4_scaling,prior,3,100,finite_ap_index,arms_visited,2.75,2.55,2.9,40,0
e4_scaling,prior,3,100,finite_ap_index,best_arm_fraction,0.7514999999999998,0.6439999999999999,0.84825,40,0
e4_scaling,prior,3,100,finite_ap_index,suffix_failure,0.175,0.075,0.3,40,0
e4_scaling,prior,3,100,finite_ap_index,index_ambiguous_ranking_fraction,0.0,0.0,0.0,40,0
e4_scaling,prior,3,100,greedy,pseudo_regret,6.334555401041554,3.581127632321953,9.628969543218941,40,0
e4_scaling,prior,3,100,greedy,reward,63.8,56.625,70.825,40,0
e4_scaling,prior,3,100,greedy,posterior_mean_greedy,1.0,1.0,1.0,40,0
e4_scaling,prior,3,100,greedy,unseen_fraction,0.02475,0.02225,0.027000000000000003,40,0
e4_scaling,prior,3,100,greedy,switches,4.825,2.7993750000000004,7.55,40,0
e4_scaling,prior,3,100,greedy,arms_visited,2.475,2.2,2.725,40,0
e4_scaling,prior,3,100,greedy,best_arm_fraction,0.6659999999999999,0.53125,0.79125,40,0
e4_scaling,prior,3,100,greedy,suffix_failure,0.275,0.15,0.425,40,0
e4_scaling,prior,3,100,ids,pseudo_regret,4.309467651443179,3.064256313692951,5.684754453078132,40,0
e4_scaling,prior,3,100,ids,reward,65.325,58.475,72.175,40,0
e4_scaling,prior,3,100,ids,posterior_mean_greedy,0.9515,0.938,0.9640000000000001,40,0
e4_scaling,prior,3,100,ids,unseen_fraction,0.027750000000000004,0.025750000000000002,0.029250000000000005,40,0
e4_scaling,prior,3,100,ids,switches,9.975,7.3,12.95,40,0
e4_scaling,prior,3,100,ids,arms_visited,2.775,2.6,2.925,40,0
e4_scaling,prior,3,100,ids,best_arm_fraction,0.7619999999999999,0.66625,0.8440000000000001,40,0
e4_scaling,prior,3,100,ids,suffix_failure,0.1,0.025,0.2,40,0
e4_scaling,prior,3,100,knowledge_gradient,pseudo_regret,4.411818038277832,2.718390192216733,6.392748302852596,40,0
e4_scaling,prior,3,100,knowledge_gradient,reward,64.95,57.725,71.65062499999999,40,0
e4_scaling,prior,3,100,knowledge_gradient,posterior_mean_greedy,0.94375,0.9102500000000001,0.96975,40,0
e4_scaling,prior,3,100,knowledge_gradient,unseen_fraction,0.025750000000000002,0.02325,0.028000000000000004,40,0
e4_scaling,prior,3,100,knowledge_gradient,switches,9.175,5.425,13.8,40,0
e4_scaling,prior,3,100,knowledge_gradient,arms_visited,2.575,2.325,2.8,40,0
e4_scaling,prior,3,100,knowledge_gradient,best_arm_fraction,0.7329999999999999,0.6137437499999999,0.8370062499999998,40,0
e4_scaling,prior,3,100,knowledge_gradient,suffix_failure,0.2,0.075,0.325,40,0
e4_scaling,prior,3,100,random,pseudo_regret,22.782747630364334,19.314454834113267,26.243629534875495,40,0
e4_scaling,prior,3,100,random,reward,47.4,41.025,54.025,40,0
e4_scaling,prior,3,100,random,posterior_mean_greedy,0.356,0.33875,0.374,40,0
e4_scaling,prior,3,100,random,unseen_fraction,0.03,0.03,0.03,40,0
e4_scaling,prior,3,100,random,switches,65.15,63.7,66.625,40,0
e4_scaling,prior,3,100,random,arms_visited,3.0,3.0,3.0,40,0
e4_scaling,prior,3,100,random,best_arm_fraction,0.33799999999999997,0.3195,0.356,40,0
e4_scaling,prior,3,100,random,suffix_failure,0.0,0.0,0.0,40,0
e4_scaling,prior,3,100,ts,pseudo_regret,5.833976323546374,4.736435138580006,7.006818498566899,40,0
e4_scaling,prior,3,100,ts,reward,63.725,56.649375,70.67562499999998,40,0
e4_scaling,prior,3,100,ts,posterior_mean_greedy,0.8230000000000001,0.7925,0.8522500000000001,40,0
e4_scaling,prior,3,100,ts,unseen_fraction,0.03,0.03,0.03,40,0
e4_scaling,prior,3,100,ts,switches,27.7,23.574375,31.975,40,0
e4_scaling,prior,3,100,ts,arms_visited,3.0,3.0,3.0,40,0
e4_scaling,prior,3,100,ts,best_arm_fraction,0.75325,0.69825,0.8032499999999999,40,0
e4_scaling,prior,3,100,ts,suffix_failure,0.0,0.0,0.0,40,0
e4_scaling,prior,3,100,ucb1,pseudo_regret,10.395396448009956,9.346572257016883,11.468104165143947,40,0
e4_scaling,prior,3,100,ucb1,reward,59.15,52.425,65.7,40,0
e4_scaling,prior,3,100,ucb1,posterior_mean_greedy,0.63575,0.60575,0.6650062499999999,40,0
e4_scaling,prior,3,100,ucb1,unseen_fraction,0.03,0.03,0.03,40,0
e4_scaling,prior,3,100,ucb1,switches,49.375,45.024375,53.9,40,0
e4_scaling,prior,3,100,ucb1,arms_visited,3.0,3.0,3.0,40,0
e4_scaling,prior,3,100,ucb1,best_arm_fraction,0.59075,0.55374375,0.6260062499999999,40,0
e4_scaling,prior,3,100,ucb1,suffix_failure,0.025,0.0,0.075,40,0
e4_scaling,prior,5,100,bayes_direct,pseudo_regret,11.812005526195282,6.543937046690307,17.68204092142877,40,0
e4_scaling,prior,5,100,bayes_direct,reward,72.1,66.625,77.275,40,0
e4_scaling,prior,5,100,bayes_direct,posterior_mean_greedy,0.8685,0.76875,0.95025625,40,0
e4_scaling,prior,5,100,bayes_direct,unseen_fraction,0.02,0.016999999999999998,0.02325,40,0
e4_scaling,prior,5,100,bayes_direct,switches,1.075,0.75,1.4,40,0
e4_scaling,prior,5,100,bayes_direct,arms_visited,2.0,1.7,2.325,40,0
e4_scaling,prior,5,100,bayes_direct,best_arm_fraction,0.5365,0.38624375,0.6849999999999999,40,0
e4_scaling,prior,5,100,bayes_direct,suffix_failure,0.425,0.275,0.575,40,0
e4_scaling,prior,5,100,bayes_direct,choice_mismatch_fraction,0.0,0.0,0.0,40,0
e4_scaling,prior,5,100,bayes_sample,pseudo_regret,8.139784712197878,6.07107368552618,10.526912191733567,40,0
e4_scaling,prior,5,100,bayes_sample,reward,76.075,71.975,79.95,40,0
e4_scaling,prior,5,100,bayes_sample,posterior_mean_greedy,0.8862500000000001,0.8542500000000001,0.9125,40,0
e4_scaling,prior,5,100,bayes_sample,unseen_fraction,0.048,0.04575,0.04975,40,0
e4_scaling,prior,5,100,bayes_sample,switches,17.45,14.85,20.175,40,0
e4_scaling,prior,5,100,bayes_sample,arms_visited,4.8,4.575,4.975,40,0
e4_scaling,prior,5,100,bayes_sample,best_arm_fraction,0.538,0.41325,0.6592499999999999,40,0
e4_scaling,prior,5,100,bayes_sample,suffix_failure,0.075,0.0,0.175,40,0
e4_scaling,prior,5,100,bayes_sample,choice_mismatch_fraction,0.00025,0.0,0.00075,40,0
e4_scaling,prior,5,100,bayes_ucb,pseudo_regret,5.81353844988851,4.949691161182064,6.729429970491958,40,0
e4_scaling,prior,5,100,bayes_ucb,reward,78.025,73.275,82.25,40,0
e4_scaling,prior,5,100,bayes_ucb,posterior_mean_greedy,0.85975,0.82825,0.88925,40,0
e4_scaling,prior,5,100,bayes_ucb,unseen_fraction,0.04875,0.04725,0.04975,40,0
e4_scaling,prior,5,100,bayes_ucb,switches,10.525,8.324375,13.0,40,0
e4_scaling,prior,5,100,bayes_ucb,arms_visited,4.875,4.725,4.975,40,0
e4_scaling,prior,5,100,bayes_ucb,best_arm_fraction,0.63275,0.54425,0.71325,40,0
e4_scaling,prior,5,100,bayes_ucb,suffix_failure,0.15,0.05,0.275,40,0
e4_scaling,prior,5,100,counts_direct,pseudo_regret,13.541646878926372,7.865812277294168,19.806989582573557,40,0
e4_scaling,prior,5,100,counts_direct,reward,70.25,64.45,75.75062499999999,40,0
e4_scaling,prior,5,100,counts_direct,posterior_mean_greedy,0.8372499999999998,0.735,0.9275062499999999,40,0
e4_scaling,prior,5,100,counts_direct,unseen_fraction,0.01875,0.015749999999999997,0.022,40,0
e4_scaling,prior,5,100,counts_direct,switches,0.9,0.575,1.25,40,0
e4_scaling,prior,5,100,counts_direct,arms_visited,1.875,1.575,2.2,40,0
e4_scaling,prior,5,100,counts_direct,best_arm_fraction,0.531,0.38125,0.6795,40,0
e4_scaling,prior,5,100,counts_direct,suffix_failure,0.45,0.3,0.6,40,0
e4_scaling,prior,5,100,counts_direct,choice_mismatch_fraction,0.0,0.0,0.0,40,0
e4_scaling,prior,5,100,counts_sample,pseudo_regret,8.231335990650082,6.575538211285502,9.972365418932537,40,0
e4_scaling,prior,5,100,counts_sample,reward,75.625,71.4,79.575,40,0
e4_scaling,prior,5,100,counts_sample,posterior_mean_greedy,0.833,0.799,0.86175,40,0
e4_scaling,prior,5,100,counts_sample,unseen_fraction,0.05,0.05,0.05,40,0
e4_scaling,prior,5,100,counts_sample,switches,25.325,22.475,28.375,40,0
e4_scaling,prior,5,100,counts_sample,arms_visited,5.0,5.0,5.0,40,0
e4_scaling,prior,5,100,counts_sample,best_arm_fraction,0.57225,0.46374374999999995,0.6775,40,0
e4_scaling,prior,5,100,counts_sample,suffix_failure,0.1,0.025,0.2,40,0
e4_scaling,prior,5,100,counts_sample,choice_mismatch_fraction,0.0,0.0,0.0,40,0
e4_scaling,prior,5,100,finite_ap_index,pseudo_regret,4.348818842351324,3.110923475959195,5.699791381987237,40,0
e4_scaling,prior,5,100,finite_ap_index,reward,79.825,75.4,83.875,40,0
e4_scaling,prior,5,100,finite_ap_index,posterior_mean_greedy,0.9592499999999999,0.9445,0.9717500000000001,40,0
e4_scaling,prior,5,100,finite_ap_index,unseen_fraction,0.0375,0.03225,0.0425,40,0
e4_scaling,prior,5,100,finite_ap_index,switches,5.3,3.7243750000000007,7.125,40,0
e4_scaling,prior,5,100,finite_ap_index,arms_visited,3.75,3.225,4.25,40,0
e4_scaling,prior,5,100,finite_ap_index,best_arm_fraction,0.6377499999999999,0.51324375,0.75575,40,0
e4_scaling,prior,5,100,finite_ap_index,suffix_failure,0.275,0.15,0.425,40,0
e4_scaling,prior,5,100,finite_ap_index,index_ambiguous_ranking_fraction,0.0,0.0,0.0,40,0
e4_scaling,prior,5,100,greedy,pseudo_regret,6.825907558655271,4.286312770677972,9.785907243556187,40,0
e4_scaling,prior,5,100,greedy,reward,77.4,72.875,81.65,40,0
e4_scaling,prior,5,100,greedy,posterior_mean_greedy,1.0,1.0,1.0,40,0
e4_scaling,prior,5,100,greedy,unseen_fraction,0.028250000000000004,0.024,0.0325,40,0
e4_scaling,prior,5,100,greedy,switches,2.1,1.55,2.675,40,0
e4_scaling,prior,5,100,greedy,arms_visited,2.825,2.4,3.25,40,0
e4_scaling,prior,5,100,greedy,best_arm_fraction,0.56375,0.418,0.70525,40,0
e4_scaling,prior,5,100,greedy,suffix_failure,0.4,0.25,0.55,40,0
e4_scaling,prior,5,100,ids,pseudo_regret,4.590722262448409,3.496532963991247,5.807364442224828,40,0
e4_scaling,prior,5,100,ids,reward,79.3,74.774375,83.525,40,0
e4_scaling,prior,5,100,ids,posterior_mean_greedy,0.9305,0.90725,0.9502499999999999,40,0
e4_scaling,prior,5,100,ids,unseen_fraction,0.04175,0.03775,0.04525,40,0
e4_scaling,prior,5,100,ids,switches,9.675,7.4,12.150624999999991,40,0
e4_scaling,prior,5,100,ids,arms_visited,4.175,3.775,4.55,40,0
e4_scaling,prior,5,100,ids,best_arm_fraction,0.6525000000000001,0.5347437500000001,0.75925,40,0
e4_scaling,prior,5,100,ids,suffix_failure,0.2,0.075,0.325,40,0
e4_scaling,prior,5,100,knowledge_gradient,pseudo_regret,5.249754482238651,3.607511096007464,7.068537222898662,40,0
e4_scaling,prior,5,100,knowledge_gradient,reward,78.35,74.075,82.175,40,0
e4_scaling,prior,5,100,knowledge_gradient,posterior_mean_greedy,0.9800000000000001,0.96225,0.9915,40,0
e4_scaling,prior,5,100,knowledge_gradient,unseen_fraction,0.033,0.028249999999999997,0.03775,40,0
e4_scaling,prior,5,100,knowledge_gradient,switches,3.875,2.275,6.175,40,0
e4_scaling,prior,5,100,knowledge_gradient,arms_visited,3.3,2.825,3.775,40,0
e4_scaling,prior,5,100,knowledge_gradient,best_arm_fraction,0.5824999999999999,0.4415000000000001,0.7182562499999999,40,0
e4_scaling,prior,5,100,knowledge_gradient,suffix_failure,0.35,0.2,0.5,40,0
e4_scaling,prior,5,100,random,pseudo_regret,32.090697893009725,29.744479111485646,34.384493304441065,40,0
e4_scaling,prior,5,100,random,reward,53.575,49.825,57.35,40,0
e4_scaling,prior,5,100,random,posterior_mean_greedy,0.23850000000000002,0.22725,0.2505,40,0
e4_scaling,prior,5,100,random,unseen_fraction,0.05,0.05,0.05,40,0
e4_scaling,prior,5,100,random,switches,79.6,78.375,80.825,40,0
e4_scaling,prior,5,100,random,arms_visited,5.0,5.0,5.0,40,0
e4_scaling,prior,5,100,random,best_arm_fraction,0.20374999999999996,0.19275,0.2145,40,0
e4_scaling,prior,5,100,random,suffix_failure,0.0,0.0,0.0,40,0
e4_scaling,prior,5,100,ts,pseudo_regret,8.036678368779887,7.06997609269626,9.014408396056973,40,0
e4_scaling,prior,5,100,ts,reward,76.225,71.8,80.40062499999999,40,0
e4_scaling,prior,5,100,ts,posterior_mean_greedy,0.7355,0.69825,0.77125,40,0
e4_scaling,prior,5,100,ts,unseen_fraction,0.05,0.05,0.05,40,0
e4_scaling,prior,5,100,ts,switches,38.5,34.3,42.725,40,0
e4_scaling,prior,5,100,ts,arms_visited,5.0,5.0,5.0,40,0
e4_scaling,prior,5,100,ts,best_arm_fraction,0.5972500000000001,0.52974375,0.6599999999999999,40,0
e4_scaling,prior,5,100,ts,suffix_failure,0.05,0.0,0.125,40,0
e4_scaling,prior,5,100,ucb1,pseudo_regret,17.498193778042804,16.17741412426782,18.770993022772434,40,0
e4_scaling,prior,5,100,ucb1,reward,67.575,63.275,71.45,40,0
e4_scaling,prior,5,100,ucb1,posterior_mean_greedy,0.43200000000000005,0.41174999999999995,0.45375,40,0
e4_scaling,prior,5,100,ucb1,unseen_fraction,0.05,0.05,0.05,40,0
e4_scaling,prior,5,100,ucb1,switches,70.4,66.025,74.775,40,0
e4_scaling,prior,5,100,ucb1,arms_visited,5.0,5.0,5.0,40,0
e4_scaling,prior,5,100,ucb1,best_arm_fraction,0.39974999999999994,0.37675000000000003,0.42400000000000004,40,0
e4_scaling,prior,5,100,ucb1,suffix_failure,0.0,0.0,0.0,40,0
e4_scaling,prior,10,100,bayes_direct,pseudo_regret,15.128051504631964,9.498309801652262,21.225732140851164,40,0
e4_scaling,prior,10,100,bayes_direct,reward,76.05,69.575,82.15,40,0
e4_scaling,prior,10,100,bayes_direct,posterior_mean_greedy,0.8850000000000001,0.8022500000000001,0.95775625,40,0
e4_scaling,prior,10,100,bayes_direct,unseen_fraction,0.0235,0.01825,0.02975,40,0
e4_scaling,prior,10,100,bayes_direct,switches,1.425,0.8993750000000006,2.05,40,0
e4_scaling,prior,10,100,bayes_direct,arms_visited,2.35,1.825,2.95,40,0
e4_scaling,prior,10,100,bayes_direct,best_arm_fraction,0.45200000000000007,0.30274999999999996,0.6027562499999999,40,0
e4_scaling,prior,10,100,bayes_direct,suffix_failure,0.5,0.35,0.65,40,0
e4_scaling,prior,10,100,bayes_direct,choice_mismatch_fraction,0.0,0.0,0.0,40,0
e4_scaling,prior,10,100,bayes_sample,pseudo_regret,10.302762105488195,7.769061938050671,12.945690818143355,40,0
e4_scaling,prior,10,100,bayes_sample,reward,80.65,76.75,84.47562499999998,40,0
e4_scaling,prior,10,100,bayes_sample,posterior_mean_greedy,0.8965,0.874,0.91625,40,0
e4_scaling,prior,10,100,bayes_sample,unseen_fraction,0.074,0.06725,0.0805,40,0
e4_scaling,prior,10,100,bayes_sample,switches,16.925,15.025,18.9,40,0
e4_scaling,prior,10,100,bayes_sample,arms_visited,7.4,6.725,8.075,40,0
e4_scaling,prior,10,100,bayes_sample,best_arm_fraction,0.50675,0.381,0.6300062499999999,40,0
e4_scaling,prior,10,100,bayes_sample,suffix_failure,0.25,0.125,0.4,40,0
e4_scaling,prior,10,100,bayes_sample,choice_mismatch_fraction,0.0,0.0,0.0,40,0
e4_scaling,prior,10,100,bayes_ucb,pseudo_regret,8.623812358433932,7.132860180568031,10.142288446823141,40,0
e4_scaling,prior,10,100,bayes_ucb,reward,83.075,79.3,86.45,40,0
e4_scaling,prior,10,100,bayes_ucb,posterior_mean_greedy,0.835,0.79099375,0.8775000000000001,40,0
e4_scaling,prior,10,100,bayes_ucb,unseen_fraction,0.08325,0.07375000000000001,0.0915,40,0
e4_scaling,prior,10,100,bayes_ucb,switches,11.75,9.25,14.475,40,0
e4_scaling,prior,10,100,bayes_ucb,arms_visited,8.325,7.375,9.15,40,0
e4_scaling,prior,10,100,bayes_ucb,best_arm_fraction,0.5672499999999999,0.46099375000000004,0.66925625,40,0
e4_scaling,prior,10,100,bayes_ucb,suffix_failure,0.175,0.075,0.3,40,0
e4_scaling,prior,10,100,counts_direct,pseudo_regret,20.096788442906636,13.178645132055662,27.568053193259384,40,0
e4_scaling,prior,10,100,counts_direct,reward,71.475,63.824375,78.875,40,0
e4_scaling,prior,10,100,counts_direct,posterior_mean_greedy,0.7855000000000001,0.6714875,0.8934999999999998,40,0
e4_scaling,prior,10,100,counts_direct,unseen_fraction,0.0195,0.01475,0.02525,40,0
e4_scaling,prior,10,100,counts_direct,switches,0.95,0.475,1.525,40,0
e4_scaling,prior,10,100,counts_direct,arms_visited,1.95,1.475,2.525,40,0
e4_scaling,prior,10,100,counts_direct,best_arm_fraction,0.3715,0.22275,0.5207499999999999,40,0
e4_scaling,prior,10,100,counts_direct,suffix_failure,0.625,0.475,0.775,40,0
e4_scaling,prior,10,100,counts_direct,choice_mismatch_fraction,0.0,0.0,0.0,40,0
e4_scaling,prior,10,100,counts_sample,pseudo_regret,11.841830436135094,8.93711307520965,15.006424608727295,40,0
e4_scaling,prior,10,100,counts_sample,reward,79.525,75.224375,83.75,40,0
e4_scaling,prior,10,100,counts_sample,posterior_mean_greedy,0.8147500000000001,0.7779999999999999,0.8467499999999999,40,0
e4_scaling,prior,10,100,counts_sample,unseen_fraction,0.07450000000000001,0.06725,0.08175,40,0
e4_scaling,prior,10,100,counts_sample,switches,25.5,23.05,28.15,40,0
e4_scaling,prior,10,100,counts_sample,arms_visited,7.45,6.725,8.15,40,0
e4_scaling,prior,10,100,counts_sample,best_arm_fraction,0.47375000000000006,0.35350000000000004,0.5925,40,0
e4_scaling,prior,10,100,counts_sample,suffix_failure,0.25,0.125,0.4,40,0
e4_scaling,prior,10,100,counts_sample,choice_mismatch_fraction,0.0,0.0,0.0,40,0
e4_scaling,prior,10,100,finite_ap_index,pseudo_regret,6.51887301778463,5.123407679072056,7.983978454864242,40,0
e4_scaling,prior,10,100,finite_ap_index,reward,84.125,80.625,87.4,40,0
e4_scaling,prior,10,100,finite_ap_index,posterior_mean_greedy,0.9469999999999998,0.9272500000000001,0.9647500000000001,40,0
e4_scaling,prior,10,100,finite_ap_index,unseen_fraction,0.063,0.053750000000000006,0.07275000000000001,40,0
e4_scaling,prior,10,100,finite_ap_index,switches,6.725,5.075,8.55,40,0
e4_scaling,prior,10,100,finite_ap_index,arms_visited,6.3,5.35,7.275,40,0
e4_scaling,prior,10,100,finite_ap_index,best_arm_fraction,0.5660000000000001,0.43624375,0.68925,40,0
e4_scaling,prior,10,100,finite_ap_index,suffix_failure,0.35,0.2,0.5,40,0
e4_scaling,prior,10,100,finite_ap_index,index_ambiguous_ranking_fraction,0.0,0.0,0.0,40,0
e4_scaling,prior,10,100,greedy,pseudo_regret,11.933367228610226,8.37610230904239,15.85091654579671,40,0
e4_scaling,prior,10,100,greedy,reward,79.475,75.55,83.22562499999998,40,0
e4_scaling,prior,10,100,greedy,posterior_mean_greedy,1.0,1.0,1.0,40,0
e4_scaling,prior,10,100,greedy,unseen_fraction,0.039,0.031000000000000007,0.0475,40,0
e4_scaling,prior,10,100,greedy,switches,3.225,2.275,4.275,40,0
e4_scaling,prior,10,100,greedy,arms_visited,3.9,3.1,4.775,40,0
e4_scaling,prior,10,100,greedy,best_arm_fraction,0.4125,0.27325,0.5560062499999999,40,0
e4_scaling,prior,10,100,greedy,suffix_failure,0.55,0.4,0.7,40,0
e4_scaling,prior,10,100,ids,pseudo_regret,7.130100674627625,5.68716234093105,8.681353048225088,40,0
e4_scaling,prior,10,100,ids,reward,83.575,80.0,86.875,40,0
e4_scaling,prior,10,100,ids,posterior_mean_greedy,0.9259999999999999,0.9022500000000001,0.9480000000000001,40,0
e4_scaling,prior,10,100,ids,unseen_fraction,0.06875,0.059250000000000004,0.078,40,0
e4_scaling,prior,10,100,ids,switches,10.7,8.325,13.275,40,0
e4_scaling,prior,10,100,ids,arms_visited,6.875,5.95,7.8,40,0
e4_scaling,prior,10,100,ids,best_arm_fraction,0.5145,0.38575,0.6385,40,0
e4_scaling,prior,10,100,ids,suffix_failure,0.35,0.2,0.5,40,0
e4_scaling,prior,10,100,knowledge_gradient,pseudo_regret,7.347666642223537,4.969847575220932,10.164491588361303,40,0
e4_scaling,prior,10,100,knowledge_gradient,reward,83.7,80.1,86.95,40,0
e4_scaling,prior,10,100,knowledge_gradient,posterior_mean_greedy,0.9795,0.96975,0.9884999999999998,40,0
e4_scaling,prior,10,100,knowledge_gradient,unseen_fraction,0.04625,0.0365,0.056499999999999995,40,0
e4_scaling,prior,10,100,knowledge_gradient,switches,4.175,2.95,5.5,40,0
e4_scaling,prior,10,100,knowledge_gradient,arms_visited,4.625,3.65,5.625,40,0
e4_scaling,prior,10,100,knowledge_gradient,best_arm_fraction,0.49350000000000005,0.35075,0.6315,40,0
e4_scaling,prior,10,100,knowledge_gradient,suffix_failure,0.45,0.3,0.6,40,0
e4_scaling,prior,10,100,random,pseudo_regret,39.689611494292215,36.72019279659099,42.59714921916301,40,0
e4_scaling,prior,10,100,random,reward,52.075,48.9,55.325,40,0
e4_scaling,prior,10,100,random,posterior_mean_greedy,0.14100000000000001,0.13175,0.15,40,0
e4_scaling,prior,10,100,random,unseen_fraction,0.1,0.1,0.1,40,0
e4_scaling,prior,10,100,random,switches,89.45,88.6,90.275,40,0
e4_scaling,prior,10,100,random,arms_visited,10.0,10.0,10.0,40,0
e4_scaling,prior,10,100,random,best_arm_fraction,0.11074999999999999,0.10175000000000001,0.11975,40,0
e4_scaling,prior,10,100,random,suffix_failure,0.125,0.025,0.225,40,0
e4_scaling,prior,10,100,ts,pseudo_regret,13.587563413214804,12.178619039204015,14.977195553846437,40,0
e4_scaling,prior,10,100,ts,reward,78.575,75.025,81.8,40,0
e4_scaling,prior,10,100,ts,posterior_mean_greedy,0.59375,0.55274375,0.6335,40,0
e4_scaling,prior,10,100,ts,unseen_fraction,0.09924999999999999,0.09824999999999999,0.1,40,0
e4_scaling,prior,10,100,ts,switches,55.65,51.375,59.9,40,0
e4_scaling,prior,10,100,ts,arms_visited,9.925,9.825,10.0,40,0
e4_scaling,prior,10,100,ts,best_arm_fraction,0.4605,0.38900000000000007,0.5287499999999999,40,0
e4_scaling,prior,10,100,ts,suffix_failure,0.025,0.0,0.075,40,0
e4_scaling,prior,10,100,ucb1,pseudo_regret,27.648532214464286,25.71706403684199,29.431007807735092,40,0
e4_scaling,prior,10,100,ucb1,reward,63.975,61.1,66.75,40,0
e4_scaling,prior,10,100,ucb1,posterior_mean_greedy,0.24175,0.22874999999999995,0.25525000000000003,40,0
e4_scaling,prior,10,100,ucb1,unseen_fraction,0.1,0.1,0.1,40,0
e4_scaling,prior,10,100,ucb1,switches,92.65,90.825,94.325,40,0
e4_scaling,prior,10,100,ucb1,arms_visited,10.0,10.0,10.0,40,0
e4_scaling,prior,10,100,ucb1,best_arm_fraction,0.20625,0.193,0.21974999999999997,40,0
e4_scaling,prior,10,100,ucb1,suffix_failure,0.0,0.0,0.0,40,0
e4_scaling,prior,15,100,bayes_direct,pseudo_regret,18.452522703231956,13.958715957831897,23.089387540388902,40,0
e4_scaling,prior,15,100,bayes_direct,reward,74.125,68.9,79.10062499999998,40,0
e4_scaling,prior,15,100,bayes_direct,posterior_mean_greedy,0.906,0.83299375,0.9682499999999999,40,0
e4_scaling,prior,15,100,bayes_direct,unseen_fraction,0.025500000000000002,0.01999375,0.032,40,0
e4_scaling,prior,15,100,bayes_direct,switches,1.85,1.125,2.7,40,0
e4_scaling,prior,15,100,bayes_direct,arms_visited,2.55,2.0,3.2,40,0
e4_scaling,prior,15,100,bayes_direct,best_arm_fraction,0.12425,0.025500000000000002,0.22424999999999998,40,0
e4_scaling,prior,15,100,bayes_direct,suffix_failure,0.85,0.725,0.95,40,0
e4_scaling,prior,15,100,bayes_direct,choice_mismatch_fraction,0.0,0.0,0.0,40,0
e4_scaling,prior,15,100,bayes_sample,pseudo_regret,14.452199463096571,11.778290205794558,17.18587597781132,40,0
e4_scaling,prior,15,100,bayes_sample,reward,78.25,75.3,81.125,40,0
e4_scaling,prior,15,100,bayes_sample,posterior_mean_greedy,0.89925,0.8780000000000001,0.9172499999999999,40,0
e4_scaling,prior,15,100,bayes_sample,unseen_fraction,0.08225,0.07425,0.09075,40,0
e4_scaling,prior,15,100,bayes_sample,switches,18.125,15.975,20.425,40,0
e4_scaling,prior,15,100,bayes_sample,arms_visited,8.225,7.45,9.05,40,0
e4_scaling,prior,15,100,bayes_sample,best_arm_fraction,0.19525,0.09599375,0.3047562499999999,40,0
e4_scaling,prior,15,100,bayes_sample,suffix_failure,0.6,0.45,0.75,40,0
e4_scaling,prior,15,100,bayes_sample,choice_mismatch_fraction,0.0,0.0,0.0,40,0
e4_scaling,prior,15,100,bayes_ucb,pseudo_regret,10.326224494356282,8.563397235765049,12.103357793344456,40,0
e4_scaling,prior,15,100,bayes_ucb,reward,81.55,78.25,84.825,40,0
e4_scaling,prior,15,100,bayes_ucb,posterior_mean_greedy,0.7697499999999999,0.7192500000000001,0.8192562499999999,40,0
e4_scaling,prior,15,100,bayes_ucb,unseen_fraction,0.11524999999999999,0.0995,0.13,40,0
e4_scaling,prior,15,100,bayes_ucb,switches,14.825,11.975,17.7,40,0
e4_scaling,prior,15,100,bayes_ucb,arms_visited,11.525,9.95,13.025,40,0
e4_scaling,prior,15,100,bayes_ucb,best_arm_fraction,0.441,0.33874375,0.5425062499999999,40,0
e4_scaling,prior,15,100,bayes_ucb,suffix_failure,0.3,0.175,0.45,40,0
e4_scaling,prior,15,100,counts_direct,pseudo_regret,20.608337546436026,15.4296443911099,26.131857325965612,40,0
e4_scaling,prior,15,100,counts_direct,reward,71.4,65.475,77.25,40,0
e4_scaling,prior,15,100,counts_direct,posterior_mean_greedy,0.861,0.7689999999999999,0.9390000000000001,40,0
e4_scaling,prior,15,100,counts_direct,unseen_fraction,0.01825,0.015000000000000003,0.02225,40,0
e4_scaling,prior,15,100,counts_direct,switches,0.875,0.525,1.325,40,0
e4_scaling,prior,15,100,counts_direct,arms_visited,1.825,1.475,2.225,40,0
e4_scaling,prior,15,100,counts_direct,best_arm_fraction,0.124,0.02525,0.22350000000000003,40,0
e4_scaling,prior,15,100,counts_direct,suffix_failure,0.875,0.775,0.975,40,0
e4_scaling,prior,15,100,counts_direct,choice_mismatch_fraction,0.0,0.0,0.0,40,0
e4_scaling,prior,15,100,counts_sample,pseudo_regret,15.656980100537595,12.966413442338897,18.569704979466724,40,0
e4_scaling,prior,15,100,counts_sample,reward,76.65,72.925,80.1,40,0
e4_scaling,prior,15,100,counts_sample,posterior_mean_greedy,0.8029999999999999,0.76925,0.8347562499999999,40,0
e4_scaling,prior,15,100,counts_sample,unseen_fraction,0.08175000000000002,0.07275000000000001,0.091,40,0
e4_scaling,prior,15,100,counts_sample,switches,27.875,24.675,31.175,40,0
e4_scaling,prior,15,100,counts_sample,arms_visited,8.175,7.275,9.1,40,0
e4_scaling,prior,15,100,counts_sample,best_arm_fraction,0.1945,0.10349375000000001,0.29825624999999995,40,0
e4_scaling,prior,15,100,counts_sample,suffix_failure,0.55,0.4,0.7,40,0
e4_scaling,prior,15,100,counts_sample,choice_mismatch_fraction,0.0,0.0,0.0,40,0
e4_scaling,prior,15,100,finite_ap_index,pseudo_regret,10.105134737860029,7.855993076744609,12.417237497125615,40,0
e4_scaling,prior,15,100,finite_ap_index,reward,82.025,79.275,84.775,40,0
e4_scaling,prior,15,100,finite_ap_index,posterior_mean_greedy,0.9269999999999999,0.9047499999999999,0.9480000000000001,40,0
e4_scaling,prior,15,100,finite_ap_index,unseen_fraction,0.07425000000000001,0.058750000000000004,0.0905,40,0
e4_scaling,prior,15,100,finite_ap_index,switches,7.75,5.625,10.075,40,0
e4_scaling,prior,15,100,finite_ap_index,arms_visited,7.425,5.875,9.0,40,0
e4_scaling,prior,15,100,finite_ap_index,best_arm_fraction,0.3335,0.21075,0.46325625,40,0
e4_scaling,prior,15,100,finite_ap_index,suffix_failure,0.6,0.45,0.75,40,0
e4_scaling,prior,15,100,finite_ap_index,index_ambiguous_ranking_fraction,0.0,0.0,0.0,40,0
e4_scaling,prior,15,100,greedy,pseudo_regret,15.358730340465627,11.49339326745626,19.46992869866036,40,0
e4_scaling,prior,15,100,greedy,reward,76.725,72.55,80.77562499999999,40,0
e4_scaling,prior,15,100,greedy,posterior_mean_greedy,1.0,1.0,1.0,40,0
e4_scaling,prior,15,100,greedy,unseen_fraction,0.03775,0.028000000000000004,0.04925,40,0
e4_scaling,prior,15,100,greedy,switches,3.35,2.0,5.0,40,0
e4_scaling,prior,15,100,greedy,arms_visited,3.775,2.8,4.9,40,0
e4_scaling,prior,15,100,greedy,best_arm_fraction,0.207,0.09749375,0.32800624999999994,40,0
e4_scaling,prior,15,100,greedy,suffix_failure,0.75,0.625,0.875,40,0
e4_scaling,prior,15,100,ids,pseudo_regret,10.638753349749598,8.684256924380364,12.72928985905134,40,0
e4_scaling,prior,15,100,ids,reward,81.4,78.5,84.2,40,0
e4_scaling,prior,15,100,ids,posterior_mean_greedy,0.8530000000000001,0.8245000000000001,0.88125,40,0
e4_scaling,prior,15,100,ids,unseen_fraction,0.095,0.08225,0.10774999999999998,40,0
e4_scaling,prior,15,100,ids,switches,15.4,12.675,18.125,40,0
e4_scaling,prior,15,100,ids,arms_visited,9.5,8.2,10.75,40,0
e4_scaling,prior,15,100,ids,best_arm_fraction,0.3685,0.25999999999999995,0.47825625,40,0
e4_scaling,prior,15,100,ids,suffix_failure,0.3,0.175,0.45,40,0
e4_scaling,prior,15,100,knowledge_gradient,pseudo_regret,9.019887742245675,6.934960354140372,11.315965114095905,40,0
e4_scaling,prior,15,100,knowledge_gradient,reward,83.125,80.325,85.9,40,0
e4_scaling,prior,15,100,knowledge_gradient,posterior_mean_greedy,0.9674999999999999,0.95425,0.9800000000000001,40,0
e4_scaling,prior,15,100,knowledge_gradient,unseen_fraction,0.05475,0.0415,0.06899999999999999,40,0
e4_scaling,prior,15,100,knowledge_gradient,switches,4.975,3.375,6.675,40,0
e4_scaling,prior,15,100,knowledge_gradient,arms_visited,5.475,4.125,6.875,40,0
e4_scaling,prior,15,100,knowledge_gradient,best_arm_fraction,0.327,0.19799375000000002,0.46125,40,0
e4_scaling,prior,15,100,knowledge_gradient,suffix_failure,0.625,0.475,0.775,40,0
e4_scaling,prior,15,100,random,pseudo_regret,40.723889535283284,38.483704598423174,42.98142167386339,40,0
e4_scaling,prior,15,100,random,reward,50.975,48.325,53.6,40,0
e4_scaling,prior,15,100,random,posterior_mean_greedy,0.11525,0.10925,0.121,40,0
e4_scaling,prior,15,100,random,unseen_fraction,0.14950000000000002,0.1485,0.15,40,0
e4_scaling,prior,15,100,random,switches,93.3,92.575,94.025,40,0
e4_scaling,prior,15,100,random,arms_visited,14.95,14.85,15.0,40,0
e4_scaling,prior,15,100,random,best_arm_fraction,0.06725,0.059250000000000004,0.076,40,0
e4_scaling,prior,15,100,random,suffix_failure,0.325,0.175,0.475,40,0
e4_scaling,prior,15,100,ts,pseudo_regret,18.049713274901528,16.62511031321307,19.57370577991518,40,0
e4_scaling,prior,15,100,ts,reward,74.175,71.35,76.825,40,0
e4_scaling,prior,15,100,ts,posterior_mean_greedy,0.46525,0.4375,0.49325624999999995,40,0
e4_scaling,prior,15,100,ts,unseen_fraction,0.14975,0.14925000000000002,0.15,40,0
e4_scaling,prior,15,100,ts,switches,70.6,67.65,73.325,40,0
e4_scaling,prior,15,100,ts,arms_visited,14.975,14.925,15.0,40,0
e4_scaling,prior,15,100,ts,best_arm_fraction,0.301,0.24675000000000002,0.3555,40,0
e4_scaling,prior,15,100,ts,suffix_failure,0.1,0.025,0.2,40,0
e4_scaling,prior,15,100,ucb1,pseudo_regret,31.02202765278046,29.293390320942663,32.78516285447587,40,0
e4_scaling,prior,15,100,ucb1,reward,61.175,58.625,63.625,40,0
e4_scaling,prior,15,100,ucb1,posterior_mean_greedy,0.15825,0.15,0.16675,40,0
e4_scaling,prior,15,100,ucb1,unseen_fraction,0.15,0.15,0.15,40,0
e4_scaling,prior,15,100,ucb1,switches,97.625,97.124375,98.075,40,0
e4_scaling,prior,15,100,ucb1,arms_visited,15.0,15.0,15.0,40,0
e4_scaling,prior,15,100,ucb1,best_arm_fraction,0.11850000000000001,0.1095,0.12725,40,0
e4_scaling,prior,15,100,ucb1,suffix_failure,0.05,0.0,0.125,40,0
e5_strategy,close,3,100,bayes_direct,pseudo_regret,3.4333333333333367,2.8616666666666695,3.99416666666667,60,0
e5_strategy,close,3,100,bayes_direct,reward,51.21666666666667,49.833333333333336,52.56666666666667,60,0
e5_strategy,close,3,100,bayes_direct,posterior_mean_greedy,0.8976666666666667,0.8391624999999999,0.9470041666666668,60,0
e5_strategy,close,3,100,bayes_direct,unseen_fraction,0.021166666666666667,0.019000000000000003,0.023333333333333334,60,0
e5_strategy,close,3,100,bayes_direct,switches,1.8833333333333333,1.3833333333333333,2.433333333333333,60,0
e5_strategy,close,3,100,bayes_direct,arms_visited,2.1166666666666667,1.9,2.3333333333333335,60,0
e5_strategy,close,3,100,bayes_direct,best_arm_fraction,0.31333333333333335,0.20133333333333334,0.4271708333333333,60,0
e5_strategy,close,3,100,bayes_direct,suffix_failure,0.6666666666666666,0.55,0.7833333333333333,60,0
e5_strategy,close,3,100,bayes_direct,choice_mismatch_fraction,0.0,0.0,0.0,60,0
e5_strategy,close,3,100,bayes_ucb,pseudo_regret,3.039166666666669,2.7458125000000027,3.319187500000003,60,0
e5_strategy,close,3,100,bayes_ucb,reward,52.06666666666667,50.833333333333336,53.25,60,0
e5_strategy,close,3,100,bayes_ucb,posterior_mean_greedy,0.7816666666666667,0.7579999999999999,0.8058333333333334,60,0
e5_strategy,close,3,100,bayes_ucb,unseen_fraction,0.030000000000000002,0.030000000000000002,0.030000000000000002,60,0
e5_strategy,close,3,100,bayes_ucb,switches,19.266666666666666,17.76625,20.783333333333335,60,0
e5_strategy,close,3,100,bayes_ucb,arms_visited,3.0,3.0,3.0,60,0
e5_strategy,close,3,100,bayes_ucb,best_arm_fraction,0.3921666666666666,0.33532916666666673,0.4488333333333333,60,0
e5_strategy,close,3,100,bayes_ucb,suffix_failure,0.18333333333333332,0.1,0.2833333333333333,60,0
e5_strategy,close,3,100,finite_ap_index,pseudo_regret,3.1900000000000035,2.7816458333333354,3.586687500000003,60,0
e5_strategy,close,3,100,finite_ap_index,reward,52.11666666666667,50.86666666666667,53.416666666666664,60,0
e5_strategy,close,3,100,finite_ap_index,posterior_mean_greedy,0.9158333333333333,0.9023333333333332,0.9285000000000001,60,0
e5_strategy,close,3,100,finite_ap_index,unseen_fraction,0.030000000000000002,0.030000000000000002,0.030000000000000002,60,0
e5_strategy,close,3,100,finite_ap_index,switches,12.416666666666666,11.116666666666667,13.733333333333333,60,0
e5_strategy,close,3,100,finite_ap_index,arms_visited,3.0,3.0,3.0,60,0
e5_strategy,close,3,100,finite_ap_index,best_arm_fraction,0.362,0.28349583333333334,0.44266666666666665,60,0
e5_strategy,close,3,100,finite_ap_index,suffix_failure,0.48333333333333334,0.35,0.6166666666666667,60,0
e5_strategy,close,3,100,finite_ap_index,index_ambiguous_ranking_fraction,0.0,0.0,0.0,60,0
e5_strategy,close,3,100,greedy,pseudo_regret,3.5808333333333366,3.0591458333333366,4.074166666666669,60,0
e5_strategy,close,3,100,greedy,reward,51.06666666666667,49.71666666666667,52.43333333333333,60,0
e5_strategy,close,3,100,greedy,posterior_mean_greedy,1.0,1.0,1.0,60,0
e5_strategy,close,3,100,greedy,unseen_fraction,0.02766666666666667,0.026166666666666668,0.029000000000000005,60,0
e5_strategy,close,3,100,greedy,switches,3.8333333333333335,3.15,4.566666666666666,60,0
e5_strategy,close,3,100,greedy,arms_visited,2.7666666666666666,2.6166666666666667,2.9,60,0
e5_strategy,close,3,100,greedy,best_arm_fraction,0.28383333333333344,0.18466666666666667,0.3895041666666666,60,0
e5_strategy,close,3,100,greedy,suffix_failure,0.65,0.5333333333333333,0.7666666666666667,60,0
e5_strategy,close,3,100,ids,pseudo_regret,3.0341666666666693,2.676645833333336,3.3841875000000035,60,0
e5_strategy,close,3,100,ids,reward,52.05,50.78333333333333,53.31666666666667,60,0
e5_strategy,close,3,100,ids,posterior_mean_greedy,0.8815000000000001,0.863,0.8986666666666666,60,0
e5_strategy,close,3,100,ids,unseen_fraction,0.030000000000000002,0.030000000000000002,0.030000000000000002,60,0
e5_strategy,close,3,100,ids,switches,15.366666666666667,14.032916666666667,16.766666666666666,60,0
e5_strategy,close,3,100,ids,arms_visited,3.0,3.0,3.0,60,0
e5_strategy,close,3,100,ids,best_arm_fraction,0.39316666666666666,0.32300000000000006,0.4636666666666667,60,0
e5_strategy,close,3,100,ids,suffix_failure,0.3,0.18333333333333332,0.4166666666666667,60,0
e5_strategy,close,3,100,knowledge_gradient,pseudo_regret,3.088333333333337,2.610812500000003,3.5500208333333365,60,0
e5_strategy,close,3,100,knowledge_gradient,reward,51.733333333333334,50.55,52.93333333333333,60,0
e5_strategy,close,3,100,knowledge_gradient,posterior_mean_greedy,0.9426666666666669,0.9289958333333331,0.9550000000000001,60,0
e5_strategy,close,3,100,knowledge_gradient,unseen_fraction,0.030000000000000002,0.030000000000000002,0.030000000000000002,60,0
e5_strategy,close,3,100,knowledge_gradient,switches,8.983333333333333,7.55,10.566666666666666,60,0
e5_strategy,close,3,100,knowledge_gradient,arms_visited,3.0,3.0,3.0,60,0
e5_strategy,close,3,100,knowledge_gradient,best_arm_fraction,0.3823333333333333,0.28833333333333333,0.47733749999999986,60,0
e5_strategy,close,3,100,knowledge_gradient,suffix_failure,0.5333333333333333,0.4,0.65,60,0
e5_strategy,close,3,100,neutral_direct,pseudo_regret,3.5850000000000026,3.0166666666666697,4.092562500000003,60,0
e5_strategy,close,3,100,neutral_direct,reward,51.13333333333333,49.733333333333334,52.5,60,0
e5_strategy,close,3,100,neutral_direct,posterior_mean_greedy,0.8818333333333334,0.8198333333333333,0.9371666666666667,60,0
e5_strategy,close,3,100,neutral_direct,unseen_fraction,0.020666666666666667,0.018333333333333333,0.023000000000000003,60,0
e5_strategy,close,3,100,neutral_direct,switches,1.75,1.2666666666666666,2.283333333333333,60,0
e5_strategy,close,3,100,neutral_direct,arms_visited,2.066666666666667,1.8333333333333333,2.3,60,0
e5_strategy,close,3,100,neutral_direct,best_arm_fraction,0.28300000000000003,0.17315833333333328,0.397,60,0
e5_strategy,close,3,100,neutral_direct,suffix_failure,0.6833333333333333,0.5666666666666667,0.8,60,0
e5_strategy,close,3,100,neutral_direct,choice_mismatch_fraction,0.0,0.0,0.0,60,0
e5_strategy,close,3,100,random,pseudo_regret,3.2916666666666696,3.2266666666666692,3.355000000000003,60,0
e5_strategy,close,3,100,random,reward,52.56666666666667,51.35,53.8,60,0
e5_strategy,close,3,100,random,posterior_mean_greedy,0.3575,0.34600000000000003,0.3686666666666667,60,0
e5_strategy,close,3,100,random,unseen_fraction,0.030000000000000002,0.030000000000000002,0.030000000000000002,60,0
e5_strategy,close,3,100,random,switches,65.8,64.5,67.15,60,0
e5_strategy,close,3,100,random,arms_visited,3.0,3.0,3.0,60,0
e5_strategy,close,3,100,random,best_arm_fraction,0.3416666666666666,0.32899999999999996,0.3546666666666667,60,0
e5_strategy,close,3,100,random,suffix_failure,0.0,0.0,0.0,60,0
e5_strategy,close,3,100,regret_direct,pseudo_regret,3.5816666666666697,3.005833333333336,4.1458333333333375,60,0
e5_strategy,close,3,100,regret_direct,reward,51.35,49.85,52.766666666666666,60,0
e5_strategy,close,3,100,regret_direct,posterior_mean_greedy,0.8055000000000001,0.7289958333333333,0.8746666666666667,60,0
e5_strategy,close,3,100,regret_direct,unseen_fraction,0.016666666666666666,0.014500000000000002,0.018833333333333334,60,0
e5_strategy,close,3,100,regret_direct,switches,1.1,0.65,1.6,60,0
e5_strategy,close,3,100,regret_direct,arms_visited,1.6666666666666667,1.45,1.9,60,0
e5_strategy,close,3,100,regret_direct,best_arm_fraction,0.2836666666666667,0.16966666666666666,0.3985,60,0
e5_strategy,close,3,100,regret_direct,suffix_failure,0.7166666666666667,0.6,0.8333333333333334,60,0
e5_strategy,close,3,100,regret_direct,choice_mismatch_fraction,0.0,0.0,0.0,60,0
e5_strategy,close,3,100,thompson_prompt,pseudo_regret,3.4333333333333362,2.8500000000000028,3.9900000000000033,60,0
e5_strategy,close,3,100,thompson_prompt,reward,51.18333333333333,49.8,52.53333333333333,60,0
e5_strategy,close,3,100,thompson_prompt,posterior_mean_greedy,0.9031666666666668,0.8505,0.9498375,60,0
e5_strategy,close,3,100,thompson_prompt,unseen_fraction,0.021000000000000005,0.018666666666666668,0.02316666666666667,60,0
e5_strategy,close,3,100,thompson_prompt,switches,1.9,1.4,2.45,60,0
e5_strategy,close,3,100,thompson_prompt,arms_visited,2.1,1.8666666666666667,2.316666666666667,60,0
e5_strategy,close,3,100,thompson_prompt,best_arm_fraction,0.31333333333333335,0.2009958333333333,0.42633333333333334,60,0
e5_strategy,close,3,100,thompson_prompt,suffix_failure,0.65,0.5333333333333333,0.7666666666666667,60,0
e5_strategy,close,3,100,thompson_prompt,choice_mismatch_fraction,0.0,0.0,0.0,60,0
e5_strategy,close,3,100,ts,pseudo_regret,3.17666666666667,2.9399791666666695,3.4100000000000033,60,0
e5_strategy,close,3,100,ts,reward,52.21666666666667,51.0,53.4,60,0
e5_strategy,close,3,100,ts,posterior_mean_greedy,0.6441666666666666,0.6204999999999999,0.669,60,0
e5_strategy,close,3,100,ts,unseen_fraction,0.030000000000000002,0.030000000000000002,0.030000000000000002,60,0
e5_strategy,close,3,100,ts,switches,47.96666666666667,45.4,50.53333333333333,60,0
e5_strategy,close,3,100,ts,arms_visited,3.0,3.0,3.0,60,0
e5_strategy,close,3,100,ts,best_arm_fraction,0.3646666666666667,0.3186666666666667,0.4124999999999999,60,0
e5_strategy,close,3,100,ts,suffix_failure,0.03333333333333333,0.0,0.08333333333333333,60,0
e5_strategy,close,3,100,ucb1,pseudo_regret,3.245000000000002,3.1400000000000023,3.3475000000000033,60,0
e5_strategy,close,3,100,ucb1,reward,52.45,51.25,53.7,60,0
e5_strategy,close,3,100,ucb1,posterior_mean_greedy,0.5105,0.49633333333333335,0.5251708333333333,60,0
e5_strategy,close,3,100,ucb1,unseen_fraction,0.030000000000000002,0.030000000000000002,0.030000000000000002,60,0
e5_strategy,close,3,100,ucb1,switches,48.233333333333334,46.71666666666667,49.75,60,0
e5_strategy,close,3,100,ucb1,arms_visited,3.0,3.0,3.0,60,0
e5_strategy,close,3,100,ucb1,best_arm_fraction,0.351,0.33,0.37166666666666676,60,0
e5_strategy,close,3,100,ucb1,suffix_failure,0.0,0.0,0.0,60,0
e5_strategy,close,3,100,ucb_direct,pseudo_regret,3.039166666666669,2.744979166666669,3.3250000000000024,60,0
e5_strategy,close,3,100,ucb_direct,reward,52.1,50.88333333333333,53.31666666666667,60,0
e5_strategy,close,3,100,ucb_direct,posterior_mean_greedy,0.7806666666666667,0.7560000000000001,0.8053333333333332,60,0
e5_strategy,close,3,100,ucb_direct,unseen_fraction,0.030000000000000002,0.030000000000000002,0.030000000000000002,60,0
e5_strategy,close,3,100,ucb_direct,switches,19.616666666666667,18.0,21.183333333333334,60,0
e5_strategy,close,3,100,ucb_direct,arms_visited,3.0,3.0,3.0,60,0
e5_strategy,close,3,100,ucb_direct,best_arm_fraction,0.3921666666666666,0.33483333333333337,0.4486666666666667,60,0
e5_strategy,close,3,100,ucb_direct,suffix_failure,0.18333333333333332,0.08333333333333333,0.2833333333333333,60,0
e5_strategy,close,3,100,ucb_direct,advice_adherence,0.9996666666666667,0.9991666666666668,1.0,60,0
e5_strategy,close,3,100,ucb_direct,choice_mismatch_fraction,0.00016666666666666666,0.0,0.0005,60,0
e5_strategy,close,10,100,bayes_direct,pseudo_regret,4.241666666666671,3.7566666666666704,4.655000000000004,60,0
e5_strategy,close,10,100,bayes_direct,reward,49.71666666666667,48.45,51.00041666666666,60,0
e5_strategy,close,10,100,bayes_direct,posterior_mean_greedy,0.7081666666666667,0.6363333333333333,0.7793375,60,0
e5_strategy,close,10,100,bayes_direct,unseen_fraction,0.03183333333333334,0.027500000000000007,0.03633749999999994,60,0
e5_strategy,close,10,100,bayes_direct,switches,2.35,1.8666666666666667,2.8333333333333335,60,0
e5_strategy,close,10,100,bayes_direct,arms_visited,3.183333333333333,2.75,3.65,60,0
e5_strategy,close,10,100,bayes_direct,best_arm_fraction,0.15166666666666667,0.06883333333333334,0.2478333333333333,60,0
e5_strategy,close,10,100,bayes_direct,suffix_failure,0.8166666666666667,0.7166666666666667,0.9166666666666666,60,0
e5_strategy,close,10,100,bayes_direct,choice_mismatch_fraction,0.0003333333333333333,0.0,0.0008333333333333334,60,0
e5_strategy,close,10,100,bayes_ucb,pseudo_regret,4.370833333333337,4.26666666666667,4.470000000000003,60,0
e5_strategy,close,10,100,bayes_ucb,reward,50.68333333333333,49.35,52.0,60,0
e5_strategy,close,10,100,bayes_ucb,posterior_mean_greedy,0.53,0.5108333333333334,0.5493333333333332,60,0
e5_strategy,close,10,100,bayes_ucb,unseen_fraction,0.09999999999999996,0.09999999999999996,0.09999999999999996,60,0
e5_strategy,close,10,100,bayes_ucb,switches,38.63333333333333,37.2,40.05,60,0
e5_strategy,close,10,100,bayes_ucb,arms_visited,10.0,10.0,10.0,60,0
e5_strategy,close,10,100,bayes_ucb,best_arm_fraction,0.12583333333333332,0.10683333333333332,0.14616666666666664,60,0
e5_strategy,close,10,100,bayes_ucb,suffix_failure,0.3333333333333333,0.21666666666666667,0.45,60,0
e5_strategy,close,10,100,finite_ap_index,pseudo_regret,4.355000000000004,4.150000000000004,4.544166666666671,60,0
e5_strategy,close,10,100,finite_ap_index,reward,50.333333333333336,49.03333333333333,51.666666666666664,60,0
e5_strategy,close,10,100,finite_ap_index,posterior_mean_greedy,0.7651666666666667,0.7473333333333333,0.7821666666666667,60,0
e5_strategy,close,10,100,finite_ap_index,unseen_fraction,0.09999999999999996,0.09999999999999996,0.09999999999999996,60,0
e5_strategy,close,10,100,finite_ap_index,switches,29.75,28.166666666666668,31.3,60,0
e5_strategy,close,10,100,finite_ap_index,arms_visited,10.0,10.0,10.0,60,0
e5_strategy,close,10,100,finite_ap_index,best_arm_fraction,0.12900000000000003,0.09216666666666667,0.16899999999999998,60,0
e5_strategy,close,10,100,finite_ap_index,suffix_failure,0.7166666666666667,0.6,0.8333333333333334,60,0
e5_strategy,close,10,100,finite_ap_index,index_ambiguous_ranking_fraction,0.0003333333333333333,0.0,0.0008333333333333334,60,0
e5_strategy,close,10,100,greedy,pseudo_regret,4.106666666666671,3.6991458333333367,4.477500000000004,60,0
e5_strategy,close,10,100,greedy,reward,51.166666666666664,50.066250000000004,52.21666666666667,60,0
e5_strategy,close,10,100,greedy,posterior_mean_greedy,1.0,1.0,1.0,60,0
e5_strategy,close,10,100,greedy,unseen_fraction,0.0705,0.06283333333333334,0.07783333333333332,60,0
e5_strategy,close,10,100,greedy,switches,8.883333333333333,7.466666666666667,10.3,60,0
e5_strategy,close,10,100,greedy,arms_visited,7.05,6.283333333333333,7.783333333333333,60,0
e5_strategy,close,10,100,greedy,best_arm_fraction,0.17866666666666667,0.10616666666666667,0.26,60,0
e5_strategy,close,10,100,greedy,suffix_failure,0.7833333333333333,0.6833333333333333,0.8833333333333333,60,0
e5_strategy,close,10,100,ids,pseudo_regret,4.334166666666671,4.175812500000003,4.480020833333338,60,0
e5_strategy,close,10,100,ids,reward,50.13333333333333,48.8,51.416666666666664,60,0
e5_strategy,close,10,100,ids,posterior_mean_greedy,0.6688333333333334,0.6488333333333333,0.6883333333333334,60,0
e5_strategy,close,10,100,ids,unseen_fraction,0.09999999999999996,0.09999999999999996,0.09999999999999996,60,0
e5_strategy,close,10,100,ids,switches,35.43333333333333,33.766666666666666,37.2,60,0
e5_strategy,close,10,100,ids,arms_visited,10.0,10.0,10.0,60,0
e5_strategy,close,10,100,ids,best_arm_fraction,0.13316666666666668,0.10300000000000001,0.16550000000000004,60,0
e5_strategy,close,10,100,ids,suffix_failure,0.5,0.38333333333333336,0.6333333333333333,60,0
e5_strategy,close,10,100,knowledge_gradient,pseudo_regret,4.29666666666667,4.005000000000004,4.549166666666669,60,0
e5_strategy,close,10,100,knowledge_gradient,reward,50.666666666666664,49.38333333333333,51.93333333333333,60,0
e5_strategy,close,10,100,knowledge_gradient,posterior_mean_greedy,0.8603333333333334,0.8441666666666665,0.8763333333333332,60,0
e5_strategy,close,10,100,knowledge_gradient,unseen_fraction,0.09999999999999996,0.09999999999999996,0.09999999999999996,60,0
e5_strategy,close,10,100,knowledge_gradient,switches,20.833333333333332,19.25,22.483333333333334,60,0
e5_strategy,close,10,100,knowledge_gradient,arms_visited,10.0,10.0,10.0,60,0
e5_strategy,close,10,100,knowledge_gradient,best_arm_fraction,0.14066666666666666,0.089,0.19833749999999994,60,0
e5_strategy,close,10,100,knowledge_gradient,suffix_failure,0.7333333333333333,0.6166666666666667,0.85,60,0
e5_strategy,close,10,100,neutral_direct,pseudo_regret,4.167500000000003,3.675000000000004,4.58166666666667,60,0
e5_strategy,close,10,100,neutral_direct,reward,49.65,48.333333333333336,50.96666666666667,60,0
e5_strategy,close,10,100,neutral_direct,posterior_mean_greedy,0.7096666666666666,0.635,0.7823375,60,0
e5_strategy,close,10,100,neutral_direct,unseen_fraction,0.03216666666666667,0.02766666666666667,0.037000000000000005,60,0
e5_strategy,close,10,100,neutral_direct,switches,2.4166666666666665,1.9,3.0,60,0
e5_strategy,close,10,100,neutral_direct,arms_visited,3.216666666666667,2.7666666666666666,3.716666666666667,60,0
e5_strategy,close,10,100,neutral_direct,best_arm_fraction,0.1665,0.08366666666666668,0.2650041666666666,60,0
e5_strategy,close,10,100,neutral_direct,suffix_failure,0.8,0.7,0.9,60,0
e5_strategy,close,10,100,neutral_direct,choice_mismatch_fraction,0.00016666666666666666,0.0,0.0005,60,0
e5_strategy,close,10,100,random,pseudo_regret,4.505000000000004,4.468333333333336,4.540833333333337,60,0
e5_strategy,close,10,100,random,reward,49.68333333333333,48.45,50.96666666666667,60,0
e5_strategy,close,10,100,random,posterior_mean_greedy,0.14999999999999997,0.14016666666666666,0.16016666666666668,60,0
e5_strategy,close,10,100,random,unseen_fraction,0.09999999999999996,0.09999999999999996,0.09999999999999996,60,0
e5_strategy,close,10,100,random,switches,89.28333333333333,88.3,90.18333333333334,60,0
e5_strategy,close,10,100,random,arms_visited,10.0,10.0,10.0,60,0
e5_strategy,close,10,100,random,best_arm_fraction,0.09899999999999999,0.09166666666666665,0.1065,60,0
e5_strategy,close,10,100,random,suffix_failure,0.06666666666666667,0.016666666666666666,0.13333333333333333,60,0
e5_strategy,close,10,100,regret_direct,pseudo_regret,4.247500000000004,3.7550000000000026,4.660000000000003,60,0
e5_strategy,close,10,100,regret_direct,reward,49.63333333333333,48.28333333333333,51.016666666666666,60,0
e5_strategy,close,10,100,regret_direct,posterior_mean_greedy,0.666,0.5843291666666666,0.7451708333333332,60,0
e5_strategy,close,10,100,regret_direct,unseen_fraction,0.027500000000000004,0.023000000000000003,0.03200416666666661,60,0
e5_strategy,close,10,100,regret_direct,switches,1.9166666666666667,1.4333333333333333,2.433333333333333,60,0
e5_strategy,close,10,100,regret_direct,arms_visited,2.75,2.3,3.2333333333333334,60,0
e5_strategy,close,10,100,regret_direct,best_arm_fraction,0.1505,0.06783333333333334,0.24833333333333335,60,0
e5_strategy,close,10,100,regret_direct,suffix_failure,0.85,0.75,0.9333333333333333,60,0
e5_strategy,close,10,100,regret_direct,choice_mismatch_fraction,0.0,0.0,0.0,60,0
e5_strategy,close,10,100,thompson_prompt,pseudo_regret,4.320833333333337,3.8925000000000036,4.7258333333333375,60,0
e5_strategy,close,10,100,thompson_prompt,reward,50.333333333333336,49.099583333333335,51.61666666666667,60,0
e5_strategy,close,10,100,thompson_prompt,posterior_mean_greedy,0.7538333333333334,0.6823291666666667,0.8215,60,0
e5_strategy,close,10,100,thompson_prompt,unseen_fraction,0.03449999999999999,0.02916666666666667,0.04016666666666666,60,0
e5_strategy,close,10,100,thompson_prompt,switches,2.85,2.283333333333333,3.45,60,0
e5_strategy,close,10,100,thompson_prompt,arms_visited,3.45,2.9166666666666665,4.033333333333333,60,0
e5_strategy,close,10,100,thompson_prompt,best_arm_fraction,0.1358333333333333,0.05466666666666667,0.21983333333333333,60,0
e5_strategy,close,10,100,thompson_prompt,suffix_failure,0.8666666666666667,0.7833333333333333,0.95,60,0
e5_strategy,close,10,100,thompson_prompt,choice_mismatch_fraction,0.0,0.0,0.0,60,0
e5_strategy,close,10,100,ts,pseudo_regret,4.34666666666667,4.235833333333337,4.451666666666671,60,0
e5_strategy,close,10,100,ts,reward,50.7,49.43333333333333,52.0,60,0
e5_strategy,close,10,100,ts,posterior_mean_greedy,0.37350000000000005,0.3591666666666667,0.38916666666666655,60,0
e5_strategy,close,10,100,ts,unseen_fraction,0.09999999999999996,0.09999999999999996,0.09999999999999996,60,0
e5_strategy,close,10,100,ts,switches,80.41666666666667,79.16666666666667,81.61666666666666,60,0
e5_strategy,close,10,100,ts,arms_visited,10.0,10.0,10.0,60,0
e5_strategy,close,10,100,ts,best_arm_fraction,0.13066666666666668,0.11000000000000001,0.15333333333333332,60,0
e5_strategy,close,10,100,ts,suffix_failure,0.11666666666666667,0.05,0.2,60,0
e5_strategy,close,10,100,ucb1,pseudo_regret,4.4408333333333365,4.40416666666667,4.478333333333337,60,0
e5_strategy,close,10,100,ucb1,reward,50.733333333333334,49.38333333333333,52.03333333333333,60,0
e5_strategy,close,10,100,ucb1,posterior_mean_greedy,0.207,0.19899999999999998,0.21549999999999997,60,0
e5_strategy,close,10,100,ucb1,unseen_fraction,0.09999999999999996,0.09999999999999996,0.09999999999999996,60,0
e5_strategy,close,10,100,ucb1,switches,88.11666666666666,86.86666666666666,89.38333333333334,60,0
e5_strategy,close,10,100,ucb1,arms_visited,10.0,10.0,10.0,60,0
e5_strategy,close,10,100,ucb1,best_arm_fraction,0.11183333333333333,0.10416666666666667,0.11916666666666667,60,0
e5_strategy,close,10,100,ucb1,suffix_failure,0.03333333333333333,0.0,0.08333333333333333,60,0
e5_strategy,close,10,100,ucb_direct,pseudo_regret,4.37416666666667,4.272500000000004,4.472500000000005,60,0
e5_strategy,close,10,100,ucb_direct,reward,50.7,49.38333333333333,52.016666666666666,60,0
e5_strategy,close,10,100,ucb_direct,posterior_mean_greedy,0.5335000000000001,0.5131666666666667,0.5549999999999999,60,0
e5_strategy,close,10,100,ucb_direct,unseen_fraction,0.09999999999999996,0.09999999999999996,0.09999999999999996,60,0
e5_strategy,close,10,100,ucb_direct,switches,38.916666666666664,37.5,40.3,60,0
e5_strategy,close,10,100,ucb_direct,arms_visited,10.0,10.0,10.0,60,0
e5_strategy,close,10,100,ucb_direct,best_arm_fraction,0.12516666666666668,0.10566666666666666,0.14616666666666667,60,0
e5_strategy,close,10,100,ucb_direct,suffix_failure,0.3333333333333333,0.21666666666666667,0.45,60,0
e5_strategy,close,10,100,ucb_direct,advice_adherence,0.9986666666666667,0.9975,0.9996666666666667,60,0
e5_strategy,close,10,100,ucb_direct,choice_mismatch_fraction,0.0,0.0,0.0,60,0
e5_strategy,prior,3,100,bayes_direct,pseudo_regret,3.5756788778814603,2.2570991842144155,5.042803652005781,60,0
e5_strategy,prior,3,100,bayes_direct,reward,68.45,62.81666666666667,73.9,60,0
e5_strategy,prior,3,100,bayes_direct,posterior_mean_greedy,0.9743333333333334,0.9401666666666666,0.9941666666666666,60,0
e5_strategy,prior,3,100,bayes_direct,unseen_fraction,0.021500000000000002,0.01933333333333333,0.023666666666666666,60,0
e5_strategy,prior,3,100,bayes_direct,switches,2.4,1.6333333333333333,3.35,60,0
e5_strategy,prior,3,100,bayes_direct,arms_visited,2.15,1.9333333333333333,2.3666666666666667,60,0
e5_strategy,prior,3,100,bayes_direct,best_arm_fraction,0.7233333333333333,0.6166625,0.8226666666666665,60,0
e5_strategy,prior,3,100,bayes_direct,suffix_failure,0.25,0.15,0.36666666666666664,60,0
e5_strategy,prior,3,100,bayes_direct,choice_mismatch_fraction,0.0,0.0,0.0,60,0
e5_strategy,prior,3,100,bayes_ucb,pseudo_regret,3.7987661420935686,3.099459049733817,4.541829898181632,60,0
e5_strategy,prior,3,100,bayes_ucb,reward,67.65,61.95,73.23375,60,0
e5_strategy,prior,3,100,bayes_ucb,posterior_mean_greedy,0.9013333333333334,0.8805,0.9211708333333334,60,0
e5_strategy,prior,3,100,bayes_ucb,unseen_fraction,0.02866666666666667,0.027333333333333334,0.02966666666666667,60,0
e5_strategy,prior,3,100,bayes_ucb,switches,10.75,8.633333333333333,12.983333333333333,60,0
e5_strategy,prior,3,100,bayes_ucb,arms_visited,2.8666666666666667,2.7333333333333334,2.966666666666667,60,0
e5_strategy,prior,3,100,bayes_ucb,best_arm_fraction,0.7491666666666668,0.6809999999999999,0.8115041666666667,60,0
e5_strategy,prior,3,100,bayes_ucb,suffix_failure,0.06666666666666667,0.016666666666666666,0.13333333333333333,60,0
e5_strategy,prior,3,100,finite_ap_index,pseudo_regret,3.3975279146069552,2.37520869684511,4.573635442285653,60,0
e5_strategy,prior,3,100,finite_ap_index,reward,68.18333333333334,62.5,73.61666666666666,60,0
e5_strategy,prior,3,100,finite_ap_index,posterior_mean_greedy,0.9616666666666667,0.9503333333333333,0.9721666666666666,60,0
e5_strategy,prior,3,100,finite_ap_index,unseen_fraction,0.026833333333333334,0.025166666666666667,0.028333333333333335,60,0
e5_strategy,prior,3,100,finite_ap_index,switches,6.866666666666666,5.2,8.75,60,0
e5_strategy,prior,3,100,finite_ap_index,arms_visited,2.683333333333333,2.5166666666666666,2.8333333333333335,60,0
e5_strategy,prior,3,100,finite_ap_index,best_arm_fraction,0.7639999999999999,0.6783333333333332,0.8431708333333333,60,0
e5_strategy,prior,3,100,finite_ap_index,suffix_failure,0.16666666666666666,0.08333333333333333,0.26666666666666666,60,0
e5_strategy,prior,3,100,finite_ap_index,index_ambiguous_ranking_fraction,0.0,0.0,0.0,60,0
e5_strategy,prior,3,100,greedy,pseudo_regret,4.353095828653043,2.715596461427658,6.172076601822875,60,0
e5_strategy,prior,3,100,greedy,reward,68.1,62.81666666666667,73.38333333333334,60,0
e5_strategy,prior,3,100,greedy,posterior_mean_greedy,1.0,1.0,1.0,60,0
e5_strategy,prior,3,100,greedy,unseen_fraction,0.022333333333333334,0.02016666666666667,0.024333333333333335,60,0
e5_strategy,prior,3,100,greedy,switches,2.8666666666666667,1.95,4.033333333333333,60,0
e5_strategy,prior,3,100,greedy,arms_visited,2.2333333333333334,2.0166666666666666,2.433333333333333,60,0
e5_strategy,prior,3,100,greedy,best_arm_fraction,0.7040000000000001,0.5938333333333332,0.8095,60,0
e5_strategy,prior,3,100,greedy,suffix_failure,0.2833333333333333,0.16666666666666666,0.4,60,0
e5_strategy,prior,3,100,ids,pseudo_regret,3.557907676055339,2.738973782703239,4.489260250882289,60,0
e5_strategy,prior,3,100,ids,reward,68.1,62.28333333333333,73.56666666666666,60,0
e5_strategy,prior,3,100,ids,posterior_mean_greedy,0.9403333333333332,0.9239999999999998,0.9553333333333333,60,0
e5_strategy,prior,3,100,ids,unseen_fraction,0.028000000000000004,0.02666666666666667,0.029166666666666667,60,0
e5_strategy,prior,3,100,ids,switches,9.15,7.249583333333334,11.183333333333334,60,0
e5_strategy,prior,3,100,ids,arms_visited,2.8,2.6666666666666665,2.9166666666666665,60,0
e5_strategy,prior,3,100,ids,best_arm_fraction,0.7503333333333334,0.6681583333333332,0.8233375,60,0
e5_strategy,prior,3,100,ids,suffix_failure,0.11666666666666667,0.05,0.2,60,0
e5_strategy,prior,3,100,knowledge_gradient,pseudo_regret,3.5673569764994064,2.3806980854882553,4.907783112373629,60,0
e5_strategy,prior,3,100,knowledge_gradient,reward,68.0,62.33291666666667,73.68333333333334,60,0
e5_strategy,prior,3,100,knowledge_gradient,posterior_mean_greedy,0.9633333333333333,0.9413333333333334,0.9813333333333333,60,0
e5_strategy,prior,3,100,knowledge_gradient,unseen_fraction,0.025500000000000002,0.023666666666666666,0.02716666666666667,60,0
e5_strategy,prior,3,100,knowledge_gradient,switches,6.283333333333333,4.033333333333333,8.983333333333333,60,0
e5_strategy,prior,3,100,knowledge_gradient,arms_visited,2.55,2.3666666666666667,2.716666666666667,60,0
e5_strategy,prior,3,100,knowledge_gradient,best_arm_fraction,0.767,0.6720000000000002,0.8550083333333333,60,0
e5_strategy,prior,3,100,knowledge_gradient,suffix_failure,0.2,0.1,0.3,60,0
e5_strategy,prior,3,100,neutral_direct,pseudo_regret,4.392378546661105,2.537434513722155,6.72516816892509,60,0
e5_strategy,prior,3,100,neutral_direct,reward,67.68333333333334,62.06666666666667,73.01708333333333,60,0
e5_strategy,prior,3,100,neutral_direct,posterior_mean_greedy,0.9481666666666667,0.8909958333333333,0.9918333333333335,60,0
e5_strategy,prior,3,100,neutral_direct,unseen_fraction,0.0205,0.018333333333333333,0.02266666666666667,60,0
e5_strategy,prior,3,100,neutral_direct,switches,2.2,1.45,3.1333333333333333,60,0
e5_strategy,prior,3,100,neutral_direct,arms_visited,2.05,1.8333333333333333,2.2666666666666666,60,0
e5_strategy,prior,3,100,neutral_direct,best_arm_fraction,0.6868333333333332,0.5751666666666666,0.7950041666666665,60,0
e5_strategy,prior,3,100,neutral_direct,suffix_failure,0.26666666666666666,0.15,0.38333333333333336,60,0
e5_strategy,prior,3,100,neutral_direct,choice_mismatch_fraction,0.0,0.0,0.0,60,0
e5_strategy,prior,3,100,random,pseudo_regret,23.02765348010167,19.93470308121818,26.118445569657354,60,0
e5_strategy,prior,3,100,random,reward,47.78333333333333,43.21666666666667,52.333333333333336,60,0
e5_strategy,prior,3,100,random,posterior_mean_greedy,0.3606666666666667,0.3458333333333334,0.37500000000000006,60,0
e5_strategy,prior,3,100,random,unseen_fraction,0.030000000000000002,0.030000000000000002,0.030000000000000002,60,0
e5_strategy,prior,3,100,random,switches,66.91666666666667,65.66666666666667,68.08333333333333,60,0
e5_strategy,prior,3,100,random,arms_visited,3.0,3.0,3.0,60,0
e5_strategy,prior,3,100,random,best_arm_fraction,0.33316666666666656,0.32066666666666677,0.3453333333333333,60,0
e5_strategy,prior,3,100,random,suffix_failure,0.0,0.0,0.0,60,0
e5_strategy,prior,3,100,regret_direct,pseudo_regret,5.157173163369048,2.993646567635583,7.848468314166581,60,0
e5_strategy,prior,3,100,regret_direct,reward,66.91666666666667,61.316250000000004,72.46666666666667,60,0
e5_strategy,prior,3,100,regret_direct,posterior_mean_greedy,0.9195,0.8569958333333332,0.9698333333333333,60,0
e5_strategy,prior,3,100,regret_direct,unseen_fraction,0.01983333333333333,0.017666666666666667,0.022000000000000006,60,0
e5_strategy,prior,3,100,regret_direct,switches,1.9,1.2666666666666666,2.6166666666666667,60,0
e5_strategy,prior,3,100,regret_direct,arms_visited,1.9833333333333334,1.7666666666666666,2.2,60,0
e5_strategy,prior,3,100,regret_direct,best_arm_fraction,0.6654999999999999,0.5501666666666666,0.7789999999999998,60,0
e5_strategy,prior,3,100,regret_direct,suffix_failure,0.31666666666666665,0.2,0.43333333333333335,60,0
e5_strategy,prior,3,100,regret_direct,choice_mismatch_fraction,0.0,0.0,0.0,60,0
e5_strategy,prior,3,100,thompson_prompt,pseudo_regret,4.293124440477025,2.459725689424098,6.561840912253408,60,0
e5_strategy,prior,3,100,thompson_prompt,reward,67.85,62.43333333333333,73.23333333333333,60,0
e5_strategy,prior,3,100,thompson_prompt,posterior_mean_greedy,0.9721666666666667,0.936,0.9951666666666665,60,0
e5_strategy,prior,3,100,thompson_prompt,unseen_fraction,0.021166666666666667,0.019000000000000003,0.023333333333333334,60,0
e5_strategy,prior,3,100,thompson_prompt,switches,2.466666666666667,1.65,3.433333333333333,60,0
e5_strategy,prior,3,100,thompson_prompt,arms_visited,2.1166666666666667,1.9,2.333749999999994,60,0
e5_strategy,prior,3,100,thompson_prompt,best_arm_fraction,0.7100000000000001,0.5994958333333333,0.8138416666666665,60,0
e5_strategy,prior,3,100,thompson_prompt,suffix_failure,0.26666666666666666,0.16666666666666666,0.38333333333333336,60,0
e5_strategy,prior,3,100,thompson_prompt,choice_mismatch_fraction,0.0,0.0,0.0,60,0
e5_strategy,prior,3,100,ts,pseudo_regret,5.182479025993094,4.410954849611178,5.9989814920960765,60,0
e5_strategy,prior,3,100,ts,reward,66.33333333333333,60.733333333333334,71.81708333333333,60,0
e5_strategy,prior,3,100,ts,posterior_mean_greedy,0.8151666666666667,0.7841666666666668,0.8458333333333333,60,0
e5_strategy,prior,3,100,ts,unseen_fraction,0.030000000000000002,0.030000000000000002,0.030000000000000002,60,0
e5_strategy,prior,3,100,ts,switches,27.916666666666668,23.983333333333334,31.9,60,0
e5_strategy,prior,3,100,ts,arms_visited,3.0,3.0,3.0,60,0
e5_strategy,prior,3,100,ts,best_arm_fraction,0.7060000000000002,0.6406666666666667,0.7676666666666666,60,0
e5_strategy,prior,3,100,ts,suffix_failure,0.016666666666666666,0.0,0.05,60,0
e5_strategy,prior,3,100,ucb1,pseudo_regret,9.781703717524426,8.914473897819168,10.654767747172963,60,0
e5_strategy,prior,3,100,ucb1,reward,61.166666666666664,55.9,66.03375,60,0
e5_strategy,prior,3,100,ucb1,posterior_mean_greedy,0.6456666666666668,0.618,0.674,60,0
e5_strategy,prior,3,100,ucb1,unseen_fraction,0.030000000000000002,0.030000000000000002,0.030000000000000002,60,0
e5_strategy,prior,3,100,ucb1,switches,46.78333333333333,43.2,50.5,60,0
e5_strategy,prior,3,100,ucb1,arms_visited,3.0,3.0,3.0,60,0
e5_strategy,prior,3,100,ucb1,best_arm_fraction,0.6013333333333334,0.5656666666666667,0.6358333333333334,60,0
e5_strategy,prior,3,100,ucb1,suffix_failure,0.0,0.0,0.0,60,0
e5_strategy,prior,3,100,ucb_direct,pseudo_regret,3.7500872169742667,3.046158871256712,4.507923083031489,60,0
e5_strategy,prior,3,100,ucb_direct,reward,67.65,61.96625,73.11708333333333,60,0
e5_strategy,prior,3,100,ucb_direct,posterior_mean_greedy,0.9031666666666668,0.8815000000000001,0.9235000000000001,60,0
e5_strategy,prior,3,100,ucb_direct,unseen_fraction,0.028833333333333332,0.02766666666666667,0.029833333333333333,60,0
e5_strategy,prior,3,100,ucb_direct,switches,11.033333333333333,8.816666666666666,13.433333333333334,60,0
e5_strategy,prior,3,100,ucb_direct,arms_visited,2.8833333333333333,2.75,2.9833333333333334,60,0
e5_strategy,prior,3,100,ucb_direct,best_arm_fraction,0.7518333333333334,0.6836666666666666,0.8156666666666667,60,0
e5_strategy,prior,3,100,ucb_direct,suffix_failure,0.05,0.0,0.11666666666666667,60,0
e5_strategy,prior,3,100,ucb_direct,advice_adherence,1.0,1.0,1.0,60,0
e5_strategy,prior,3,100,ucb_direct,choice_mismatch_fraction,0.0,0.0,0.0,60,0
e5_strategy,prior,10,100,bayes_direct,pseudo_regret,14.428648698876334,10.668132608006083,18.437267047047396,60,0
e5_strategy,prior,10,100,bayes_direct,reward,76.15,71.91666666666667,80.15,60,0
e5_strategy,prior,10,100,bayes_direct,posterior_mean_greedy,0.9255000000000001,0.8756666666666667,0.9678333333333333,60,0
e5_strategy,prior,10,100,bayes_direct,unseen_fraction,0.025833333333333333,0.02116666666666667,0.030833333333333338,60,0
e5_strategy,prior,10,100,bayes_direct,switches,1.6833333333333333,1.1833333333333333,2.2,60,0
e5_strategy,prior,10,100,bayes_direct,arms_visited,2.5833333333333335,2.1166666666666667,3.1,60,0
e5_strategy,prior,10,100,bayes_direct,best_arm_fraction,0.33499999999999996,0.22166249999999998,0.4525041666666666,60,0
e5_strategy,prior,10,100,bayes_direct,suffix_failure,0.65,0.5333333333333333,0.7666666666666667,60,0
e5_strategy,prior,10,100,bayes_direct,choice_mismatch_fraction,0.00016666666666666666,0.0,0.0005,60,0
e5_strategy,prior,10,100,bayes_ucb,pseudo_regret,7.496503719385066,6.597535333029604,8.414037582776436,60,0
e5_strategy,prior,10,100,bayes_ucb,reward,83.9,81.35,86.3,60,0
e5_strategy,prior,10,100,bayes_ucb,posterior_mean_greedy,0.8126666666666668,0.7771666666666668,0.8475000000000001,60,0
e5_strategy,prior,10,100,bayes_ucb,unseen_fraction,0.08466666666666667,0.07733333333333332,0.09116666666666666,60,0
e5_strategy,prior,10,100,bayes_ucb,switches,11.466666666666667,9.666666666666666,13.416666666666666,60,0
e5_strategy,prior,10,100,bayes_ucb,arms_visited,8.466666666666667,7.733333333333333,9.15,60,0
e5_strategy,prior,10,100,bayes_ucb,best_arm_fraction,0.5686666666666668,0.48966666666666664,0.6431708333333335,60,0
e5_strategy,prior,10,100,bayes_ucb,suffix_failure,0.21666666666666667,0.11666666666666667,0.3333333333333333,60,0
e5_strategy,prior,10,100,finite_ap_index,pseudo_regret,5.151137189460629,4.214655812187691,6.142626185051294,60,0
e5_strategy,prior,10,100,finite_ap_index,reward,85.73333333333333,83.53333333333333,87.85,60,0
e5_strategy,prior,10,100,finite_ap_index,posterior_mean_greedy,0.9576666666666668,0.9451624999999998,0.9696666666666666,60,0
e5_strategy,prior,10,100,finite_ap_index,unseen_fraction,0.05699999999999999,0.04866249999999999,0.06566666666666666,60,0
e5_strategy,prior,10,100,finite_ap_index,switches,5.55,4.45,6.716666666666667,60,0
e5_strategy,prior,10,100,finite_ap_index,arms_visited,5.7,4.883333333333334,6.55,60,0
e5_strategy,prior,10,100,finite_ap_index,best_arm_fraction,0.638,0.5378333333333334,0.7356666666666667,60,0
e5_strategy,prior,10,100,finite_ap_index,suffix_failure,0.2833333333333333,0.18291666666666703,0.4,60,0
e5_strategy,prior,10,100,finite_ap_index,index_ambiguous_ranking_fraction,0.00016666666666666666,0.0,0.0005,60,0
e5_strategy,prior,10,100,greedy,pseudo_regret,9.405558229441056,6.793309645872868,12.283822321617986,60,0
e5_strategy,prior,10,100,greedy,reward,80.91666666666667,78.16625,83.50041666666667,60,0
e5_strategy,prior,10,100,greedy,posterior_mean_greedy,1.0,1.0,1.0,60,0
e5_strategy,prior,10,100,greedy,unseen_fraction,0.03533333333333333,0.02916666666666667,0.041333333333333326,60,0
e5_strategy,prior,10,100,greedy,switches,2.75,2.066666666666667,3.466666666666667,60,0
e5_strategy,prior,10,100,greedy,arms_visited,3.533333333333333,2.9166666666666665,4.15,60,0
e5_strategy,prior,10,100,greedy,best_arm_fraction,0.38666666666666666,0.2711666666666667,0.5036666666666666,60,0
e5_strategy,prior,10,100,greedy,suffix_failure,0.5833333333333334,0.4666666666666667,0.7,60,0
e5_strategy,prior,10,100,ids,pseudo_regret,5.853891994239916,4.910577963911838,6.853644254018436,60,0
e5_strategy,prior,10,100,ids,reward,85.33333333333333,82.9,87.66666666666667,60,0
e5_strategy,prior,10,100,ids,posterior_mean_greedy,0.9254999999999999,0.9083333333333333,0.9418333333333333,60,0
e5_strategy,prior,10,100,ids,unseen_fraction,0.06083333333333333,0.05283333333333333,0.06866666666666665,60,0
e5_strategy,prior,10,100,ids,switches,9.583333333333334,7.816666666666666,11.466666666666667,60,0
e5_strategy,prior,10,100,ids,arms_visited,6.083333333333333,5.283333333333333,6.866666666666666,60,0
e5_strategy,prior,10,100,ids,best_arm_fraction,0.5528333333333334,0.4551625,0.6493333333333333,60,0
e5_strategy,prior,10,100,ids,suffix_failure,0.2833333333333333,0.16666666666666666,0.4,60,0
e5_strategy,prior,10,100,knowledge_gradient,pseudo_regret,6.740989850390317,5.092063498785831,8.517697975059953,60,0
e5_strategy,prior,10,100,knowledge_gradient,reward,84.4,82.14958333333334,86.58333333333333,60,0
e5_strategy,prior,10,100,knowledge_gradient,posterior_mean_greedy,0.9793333333333333,0.9711666666666667,0.9866666666666666,60,0
e5_strategy,prior,10,100,knowledge_gradient,unseen_fraction,0.04533333333333333,0.03783333333333332,0.053,60,0
e5_strategy,prior,10,100,knowledge_gradient,switches,3.8,2.933333333333333,4.666666666666667,60,0
e5_strategy,prior,10,100,knowledge_gradient,arms_visited,4.533333333333333,3.8,5.3,60,0
e5_strategy,prior,10,100,knowledge_gradient,best_arm_fraction,0.5083333333333333,0.3915,0.6241749999999999,60,0
e5_strategy,prior,10,100,knowledge_gradient,suffix_failure,0.45,0.31666666666666665,0.5833333333333334,60,0
e5_strategy,prior,10,100,neutral_direct,pseudo_regret,14.48109400871251,10.774732167858884,18.60082516810127,60,0
e5_strategy,prior,10,100,neutral_direct,reward,76.06666666666666,71.85,80.00041666666667,60,0
e5_strategy,prior,10,100,neutral_direct,posterior_mean_greedy,0.9246666666666666,0.8733333333333333,0.9681666666666667,60,0
e5_strategy,prior,10,100,neutral_direct,unseen_fraction,0.026000000000000006,0.021500000000000002,0.031000000000000003,60,0
e5_strategy,prior,10,100,neutral_direct,switches,1.6666666666666667,1.2,2.2,60,0
e5_strategy,prior,10,100,neutral_direct,arms_visited,2.6,2.1333333333333333,3.1,60,0
e5_strategy,prior,10,100,neutral_direct,best_arm_fraction,0.3348333333333333,0.2229958333333333,0.4531666666666666,60,0
e5_strategy,prior,10,100,neutral_direct,suffix_failure,0.65,0.5333333333333333,0.7666666666666667,60,0
e5_strategy,prior,10,100,neutral_direct,choice_mismatch_fraction,0.00016666666666666666,0.0,0.0005,60,0
e5_strategy,prior,10,100,random,pseudo_regret,41.82134915821871,39.51475583556726,43.98873521777492,60,0
e5_strategy,prior,10,100,random,reward,48.86666666666667,46.95,50.75041666666666,60,0
e5_strategy,prior,10,100,random,posterior_mean_greedy,0.14133333333333334,0.13383333333333336,0.14916666666666664,60,0
e5_strategy,prior,10,100,random,unseen_fraction,0.09999999999999996,0.09999999999999996,0.09999999999999996,60,0
e5_strategy,prior,10,100,random,switches,89.43333333333334,88.66666666666667,90.18333333333334,60,0
e5_strategy,prior,10,100,random,arms_visited,10.0,10.0,10.0,60,0
e5_strategy,prior,10,100,random,best_arm_fraction,0.09866666666666667,0.0915,0.10566666666666667,60,0
e5_strategy,prior,10,100,random,suffix_failure,0.13333333333333333,0.05,0.21666666666666667,60,0
e5_strategy,prior,10,100,regret_direct,pseudo_regret,15.745384343416301,11.701832492140342,19.960150255057034,60,0
e5_strategy,prior,10,100,regret_direct,reward,74.73333333333333,70.11666666666666,79.00041666666667,60,0
e5_strategy,prior,10,100,regret_direct,posterior_mean_greedy,0.8903333333333333,0.8221624999999998,0.9480041666666665,60,0
e5_strategy,prior,10,100,regret_direct,unseen_fraction,0.0235,0.01916666666666667,0.02816666666666667,60,0
e5_strategy,prior,10,100,regret_direct,switches,1.4833333333333334,1.0,2.0166666666666666,60,0
e5_strategy,prior,10,100,regret_direct,arms_visited,2.35,1.9333333333333333,2.816666666666667,60,0
e5_strategy,prior,10,100,regret_direct,best_arm_fraction,0.3196666666666667,0.20899583333333333,0.43683333333333335,60,0
e5_strategy,prior,10,100,regret_direct,suffix_failure,0.6666666666666666,0.55,0.7833333333333333,60,0
e5_strategy,prior,10,100,regret_direct,choice_mismatch_fraction,0.0,0.0,0.0,60,0
e5_strategy,prior,10,100,thompson_prompt,pseudo_regret,13.889059962379294,10.109892721322359,17.9627000165953,60,0
e5_strategy,prior,10,100,thompson_prompt,reward,76.73333333333333,72.43333333333334,80.78333333333333,60,0
e5_strategy,prior,10,100,thompson_prompt,posterior_mean_greedy,0.9255,0.8753333333333334,0.9695,60,0
e5_strategy,prior,10,100,thompson_prompt,unseen_fraction,0.026666666666666672,0.022000000000000006,0.03166666666666667,60,0
e5_strategy,prior,10,100,thompson_prompt,switches,1.8666666666666667,1.3333333333333333,2.466666666666667,60,0
e5_strategy,prior,10,100,thompson_prompt,arms_visited,2.6666666666666665,2.216666666666667,3.1666666666666665,60,0
e5_strategy,prior,10,100,thompson_prompt,best_arm_fraction,0.3358333333333334,0.22266666666666665,0.45283333333333337,60,0
e5_strategy,prior,10,100,thompson_prompt,suffix_failure,0.65,0.5333333333333333,0.7666666666666667,60,0
e5_strategy,prior,10,100,thompson_prompt,choice_mismatch_fraction,0.0,0.0,0.0,60,0
e5_strategy,prior,10,100,ts,pseudo_regret,12.849688450386347,11.97147539205403,13.728792763933964,60,0
e5_strategy,prior,10,100,ts,reward,78.15,75.76666666666667,80.25,60,0
e5_strategy,prior,10,100,ts,posterior_mean_greedy,0.5986666666666666,0.5678333333333333,0.6301666666666667,60,0
e5_strategy,prior,10,100,ts,unseen_fraction,0.09999999999999996,0.09999999999999996,0.09999999999999996,60,0
e5_strategy,prior,10,100,ts,switches,55.45,51.8,58.81666666666667,60,0
e5_strategy,prior,10,100,ts,arms_visited,10.0,10.0,10.0,60,0
e5_strategy,prior,10,100,ts,best_arm_fraction,0.46199999999999997,0.4103291666666667,0.5123375,60,0
e5_strategy,prior,10,100,ts,suffix_failure,0.016666666666666666,0.0,0.05,60,0
e5_strategy,prior,10,100,ucb1,pseudo_regret,27.23465714960296,25.861896763118207,28.58533812428524,60,0
e5_strategy,prior,10,100,ucb1,reward,63.733333333333334,61.93333333333333,65.45,60,0
e5_strategy,prior,10,100,ucb1,posterior_mean_greedy,0.25,0.24032916666666665,0.2598333333333333,60,0
e5_strategy,prior,10,100,ucb1,unseen_fraction,0.09999999999999996,0.09999999999999996,0.09999999999999996,60,0
e5_strategy,prior,10,100,ucb1,switches,92.68333333333334,91.25,93.95,60,0
e5_strategy,prior,10,100,ucb1,arms_visited,10.0,10.0,10.0,60,0
e5_strategy,prior,10,100,ucb1,best_arm_fraction,0.21383333333333335,0.2025,0.225,60,0
e5_strategy,prior,10,100,ucb1,suffix_failure,0.0,0.0,0.0,60,0
e5_strategy,prior,10,100,ucb_direct,pseudo_regret,7.444323677553424,6.508898539398261,8.399692703000909,60,0
e5_strategy,prior,10,100,ucb_direct,reward,83.7,81.13333333333334,86.15,60,0
e5_strategy,prior,10,100,ucb_direct,posterior_mean_greedy,0.8140000000000001,0.7766624999999999,0.8496666666666665,60,0
e5_strategy,prior,10,100,ucb_direct,unseen_fraction,0.08499999999999998,0.07749999999999999,0.0918333333333333,60,0
e5_strategy,prior,10,100,ucb_direct,switches,11.683333333333334,9.9,13.566666666666666,60,0
e5_strategy,prior,10,100,ucb_direct,arms_visited,8.5,7.766666666666667,9.166666666666666,60,0
e5_strategy,prior,10,100,ucb_direct,best_arm_fraction,0.5668333333333334,0.4911666666666667,0.6399999999999999,60,0
e5_strategy,prior,10,100,ucb_direct,suffix_failure,0.2,0.1,0.3,60,0
e5_strategy,prior,10,100,ucb_direct,advice_adherence,0.9988333333333334,0.998,0.9995,60,0
e5_strategy,prior,10,100,ucb_direct,choice_mismatch_fraction,0.0,0.0,0.0,60,0
pilot,clear,2,20,bayes_direct,pseudo_regret,0.13333333333333333,0.0,0.39999999999999997,3,0
pilot,clear,2,20,bayes_direct,reward,12.333333333333334,9.0,16.0,3,0
pilot,clear,2,20,bayes_direct,posterior_mean_greedy,1.0,1.0,1.0,3,0
pilot,clear,2,20,bayes_direct,unseen_fraction,0.06666666666666667,0.05000000000000001,0.10000000000000002,3,0
pilot,clear,2,20,bayes_direct,switches,0.6666666666666666,0.0,2.0,3,0
pilot,clear,2,20,bayes_direct,arms_visited,1.3333333333333333,1.0,2.0,3,0
pilot,clear,2,20,bayes_direct,best_arm_fraction,0.9833333333333334,0.9499999999999998,1.0,3,0
pilot,clear,2,20,bayes_direct,suffix_failure,0.0,0.0,0.0,3,0
pilot,clear,2,20,bayes_direct,choice_mismatch_fraction,0.0,0.0,0.0,3,0
pilot,clear,2,20,bayes_sample,pseudo_regret,1.0666666666666667,0.39999999999999997,1.5999999999999999,3,0
pilot,clear,2,20,bayes_sample,reward,11.0,8.0,15.0,3,0
pilot,clear,2,20,bayes_sample,posterior_mean_greedy,0.8833333333333333,0.85,0.9499999999999998,3,0
pilot,clear,2,20,bayes_sample,unseen_fraction,0.10000000000000002,0.10000000000000002,0.10000000000000002,3,0
pilot,clear,2,20,bayes_sample,switches,4.666666666666667,2.0,6.0,3,0
pilot,clear,2,20,bayes_sample,arms_visited,2.0,2.0,2.0,3,0
pilot,clear,2,20,bayes_sample,best_arm_fraction,0.8666666666666666,0.8000000000000002,0.9499999999999998,3,0
pilot,clear,2,20,bayes_sample,suffix_failure,0.0,0.0,0.0,3,0
pilot,clear,2,20,bayes_sample,choice_mismatch_fraction,0.0,0.0,0.0,3,0
pilot,clear,2,20,bayes_ucb,pseudo_regret,0.6666666666666666,0.39999999999999997,0.7999999999999999,3,0
pilot,clear,2,20,bayes_ucb,reward,11.333333333333334,8.0,15.0,3,0
pilot,clear,2,20,bayes_ucb,posterior_mean_greedy,0.9500000000000001,0.9,1.0,3,0
pilot,clear,2,20,bayes_ucb,unseen_fraction,0.10000000000000002,0.10000000000000002,0.10000000000000002,3,0
pilot,clear,2,20,bayes_ucb,switches,2.6666666666666665,1.0,4.0,3,0
pilot,clear,2,20,bayes_ucb,arms_visited,2.0,2.0,2.0,3,0
pilot,clear,2,20,bayes_ucb,best_arm_fraction,0.9166666666666666,0.9,0.9499999999999998,3,0
pilot,clear,2,20,bayes_ucb,suffix_failure,0.0,0.0,0.0,3,0
pilot,clear,2,20,counts_direct,pseudo_regret,0.13333333333333333,0.0,0.39999999999999997,3,0
pilot,clear,2,20,counts_direct,reward,12.333333333333334,9.0,16.0,3,0
pilot,clear,2,20,counts_direct,posterior_mean_greedy,0.9666666666666667,0.9,1.0,3,0
pilot,clear,2,20,counts_direct,unseen_fraction,0.06666666666666667,0.05000000000000001,0.10000000000000002,3,0
pilot,clear,2,20,counts_direct,switches,0.6666666666666666,0.0,2.0,3,0
pilot,clear,2,20,counts_direct,arms_visited,1.3333333333333333,1.0,2.0,3,0
pilot,clear,2,20,counts_direct,best_arm_fraction,0.9833333333333334,0.9499999999999998,1.0,3,0
pilot,clear,2,20,counts_direct,suffix_failure,0.0,0.0,0.0,3,0
pilot,clear,2,20,counts_direct,choice_mismatch_fraction,0.0,0.0,0.0,3,0
pilot,clear,2,20,counts_sample,pseudo_regret,0.5333333333333333,0.39999999999999997,0.7999999999999999,3,0
pilot,clear,2,20,counts_sample,reward,11.333333333333334,8.0,15.0,3,0
pilot,clear,2,20,counts_sample,posterior_mean_greedy,0.9333333333333332,0.9,0.9499999999999998,3,0
pilot,clear,2,20,counts_sample,unseen_fraction,0.10000000000000002,0.10000000000000002,0.10000000000000002,3,0
pilot,clear,2,20,counts_sample,switches,2.6666666666666665,2.0,4.0,3,0
pilot,clear,2,20,counts_sample,arms_visited,2.0,2.0,2.0,3,0
pilot,clear,2,20,counts_sample,best_arm_fraction,0.9333333333333332,0.9,0.9499999999999998,3,0
pilot,clear,2,20,counts_sample,suffix_failure,0.0,0.0,0.0,3,0
pilot,clear,2,20,counts_sample,choice_mismatch_fraction,0.0,0.0,0.0,3,0
pilot,clear,2,20,greedy,pseudo_regret,0.13333333333333333,0.0,0.39999999999999997,3,0
pilot,clear,2,20,greedy,reward,12.333333333333334,9.0,16.0,3,0
pilot,clear,2,20,greedy,posterior_mean_greedy,1.0,1.0,1.0,3,0
pilot,clear,2,20,greedy,unseen_fraction,0.06666666666666667,0.05000000000000001,0.10000000000000002,3,0
pilot,clear,2,20,greedy,switches,0.3333333333333333,0.0,1.0,3,0
pilot,clear,2,20,greedy,arms_visited,1.3333333333333333,1.0,2.0,3,0
pilot,clear,2,20,greedy,best_arm_fraction,0.9833333333333334,0.9499999999999998,1.0,3,0
pilot,clear,2,20,greedy,suffix_failure,0.0,0.0,0.0,3,0
pilot,clear,2,20,ids,pseudo_regret,0.5333333333333333,0.39999999999999997,0.7999999999999999,3,0
pilot,clear,2,20,ids,reward,11.333333333333334,8.0,15.0,3,0
pilot,clear,2,20,ids,posterior_mean_greedy,0.9833333333333334,0.9499999999999998,1.0,3,0
pilot,clear,2,20,ids,unseen_fraction,0.10000000000000002,0.10000000000000002,0.10000000000000002,3,0
pilot,clear,2,20,ids,switches,1.6666666666666667,1.0,3.0,3,0
pilot,clear,2,20,ids,arms_visited,2.0,2.0,2.0,3,0
pilot,clear,2,20,ids,best_arm_fraction,0.9333333333333332,0.9,0.9499999999999998,3,0
pilot,clear,2,20,ids,suffix_failure,0.0,0.0,0.0,3,0
pilot,clear,2,20,knowledge_gradient,pseudo_regret,0.5333333333333333,0.39999999999999997,0.7999999999999999,3,0
pilot,clear,2,20,knowledge_gradient,reward,11.333333333333334,8.0,15.0,3,0
pilot,clear,2,20,knowledge_gradient,posterior_mean_greedy,0.9666666666666667,0.9499999999999998,1.0,3,0
pilot,clear,2,20,knowledge_gradient,unseen_fraction,0.10000000000000002,0.10000000000000002,0.10000000000000002,3,0
pilot,clear,2,20,knowledge_gradient,switches,2.0,1.0,3.0,3,0
pilot,clear,2,20,knowledge_gradient,arms_visited,2.0,2.0,2.0,3,0
pilot,clear,2,20,knowledge_gradient,best_arm_fraction,0.9333333333333332,0.9,0.9499999999999998,3,0
pilot,clear,2,20,knowledge_gradient,suffix_failure,0.0,0.0,0.0,3,0
pilot,clear,2,20,random,pseudo_regret,4.8,4.8,4.8,3,0
pilot,clear,2,20,random,reward,9.0,8.0,10.0,3,0
pilot,clear,2,20,random,posterior_mean_greedy,0.43333333333333335,0.4000000000000001,0.45,3,0
pilot,clear,2,20,random,unseen_fraction,0.10000000000000002,0.10000000000000002,0.10000000000000002,3,0
pilot,clear,2,20,random,switches,8.0,7.0,9.0,3,0
pilot,clear,2,20,random,arms_visited,2.0,2.0,2.0,3,0
pilot,clear,2,20,random,best_arm_fraction,0.4000000000000001,0.4000000000000001,0.4000000000000001,3,0
pilot,clear,2,20,random,suffix_failure,0.0,0.0,0.0,3,0
pilot,clear,2,20,ts,pseudo_regret,1.2,0.7999999999999999,1.5999999999999999,3,0
pilot,clear,2,20,ts,reward,10.666666666666666,8.0,14.0,3,0
pilot,clear,2,20,ts,posterior_mean_greedy,0.8833333333333333,0.85,0.9,3,0
pilot,clear,2,20,ts,unseen_fraction,0.10000000000000002,0.10000000000000002,0.10000000000000002,3,0
pilot,clear,2,20,ts,switches,4.666666666666667,3.0,7.0,3,0
pilot,clear,2,20,ts,arms_visited,2.0,2.0,2.0,3,0
pilot,clear,2,20,ts,best_arm_fraction,0.85,0.8000000000000002,0.9,3,0
pilot,clear,2,20,ts,suffix_failure,0.0,0.0,0.0,3,0
pilot,clear,2,20,ucb1,pseudo_regret,1.8666666666666665,1.2,2.7999999999999994,3,0
pilot,clear,2,20,ucb1,reward,10.333333333333334,7.0,14.0,3,0
pilot,clear,2,20,ucb1,posterior_mean_greedy,0.7999999999999999,0.6999999999999998,0.85,3,0
pilot,clear,2,20,ucb1,unseen_fraction,0.10000000000000002,0.10000000000000002,0.10000000000000002,3,0
pilot,clear,2,20,ucb1,switches,8.0,6.0,11.0,3,0
pilot,clear,2,20,ucb1,arms_visited,2.0,2.0,2.0,3,0
pilot,clear,2,20,ucb1,best_arm_fraction,0.7666666666666667,0.65,0.85,3,0
pilot,clear,2,20,ucb1,suffix_failure,0.0,0.0,0.0,3,0
pilot,clear,5,20,bayes_direct,pseudo_regret,4.8,2.4,7.999999999999999,3,0
pilot,clear,5,20,bayes_direct,reward,8.333333333333334,5.0,13.0,3,0
pilot,clear,5,20,bayes_direct,posterior_mean_greedy,0.8666666666666667,0.65,1.0,3,0
pilot,clear,5,20,bayes_direct,unseen_fraction,0.18333333333333335,0.15,0.25,3,0
pilot,clear,5,20,bayes_direct,switches,4.333333333333333,2.0,7.0,3,0
pilot,clear,5,20,bayes_direct,arms_visited,3.6666666666666665,3.0,5.0,3,0
pilot,clear,5,20,bayes_direct,best_arm_fraction,0.39999999999999997,0.0,0.6999999999999998,3,0
pilot,clear,5,20,bayes_direct,suffix_failure,0.3333333333333333,0.0,1.0,3,0
pilot,clear,5,20,bayes_direct,choice_mismatch_fraction,0.0,0.0,0.0,3,0
pilot,clear,5,20,bayes_sample,pseudo_regret,3.866666666666666,3.1999999999999997,4.8,3,0
pilot,clear,5,20,bayes_sample,reward,10.0,5.0,13.0,3,0
pilot,clear,5,20,bayes_sample,posterior_mean_greedy,0.85,0.75,1.0,3,0
pilot,clear,5,20,bayes_sample,unseen_fraction,0.25,0.25,0.25,3,0
pilot,clear,5,20,bayes_sample,switches,7.0,5.0,8.0,3,0
pilot,clear,5,20,bayes_sample,arms_visited,5.0,5.0,5.0,3,0
pilot,clear,5,20,bayes_sample,best_arm_fraction,0.5166666666666667,0.4000000000000001,0.6,3,0
pilot,clear,5,20,bayes_sample,suffix_failure,0.0,0.0,0.0,3,0
pilot,clear,5,20,bayes_sample,choice_mismatch_fraction,0.0,0.0,0.0,3,0
pilot,clear,5,20,bayes_ucb,pseudo_regret,3.4666666666666663,2.7999999999999994,4.8,3,0
pilot,clear,5,20,bayes_ucb,reward,10.666666666666666,5.0,14.0,3,0
pilot,clear,5,20,bayes_ucb,posterior_mean_greedy,0.8166666666666668,0.65,0.9499999999999998,3,0
pilot,clear,5,20,bayes_ucb,unseen_fraction,0.2333333333333333,0.20000000000000004,0.25,3,0
pilot,clear,5,20,bayes_ucb,switches,7.333333333333333,3.0,13.0,3,0
pilot,clear,5,20,bayes_ucb,arms_visited,4.666666666666667,4.0,5.0,3,0
pilot,clear,5,20,bayes_ucb,best_arm_fraction,0.5666666666666668,0.4000000000000001,0.65,3,0
pilot,clear,5,20,bayes_ucb,suffix_failure,0.0,0.0,0.0,3,0
pilot,clear,5,20,counts_direct,pseudo_regret,3.9999999999999996,0.0,7.999999999999999,3,0
pilot,clear,5,20,counts_direct,reward,9.333333333333334,5.0,16.0,3,0
pilot,clear,5,20,counts_direct,posterior_mean_greedy,0.8333333333333334,0.65,1.0,3,0
pilot,clear,5,20,counts_direct,unseen_fraction,0.15,0.05000000000000001,0.25,3,0
pilot,clear,5,20,counts_direct,switches,2.6666666666666665,0.0,6.0,3,0
pilot,clear,5,20,counts_direct,arms_visited,3.0,1.0,5.0,3,0
pilot,clear,5,20,counts_direct,best_arm_fraction,0.5,0.0,1.0,3,0
pilot,clear,5,20,counts_direct,suffix_failure,0.3333333333333333,0.0,1.0,3,0
pilot,clear,5,20,counts_direct,choice_mismatch_fraction,0.0,0.0,0.0,3,0
pilot,clear,5,20,counts_sample,pseudo_regret,3.0666666666666664,0.0,4.8,3,0
pilot,clear,5,20,counts_sample,reward,11.0,5.0,16.0,3,0
pilot,clear,5,20,counts_sample,posterior_mean_greedy,0.7999999999999999,0.55,1.0,3,0
pilot,clear,5,20,counts_sample,unseen_fraction,0.18333333333333335,0.05000000000000001,0.25,3,0
pilot,clear,5,20,counts_sample,switches,7.0,0.0,12.0,3,0
pilot,clear,5,20,counts_sample,arms_visited,3.6666666666666665,1.0,5.0,3,0
pilot,clear,5,20,counts_sample,best_arm_fraction,0.6166666666666667,0.4000000000000001,1.0,3,0
pilot,clear,5,20,counts_sample,suffix_failure,0.0,0.0,0.0,3,0
pilot,clear,5,20,counts_sample,choice_mismatch_fraction,0.0,0.0,0.0,3,0
pilot,clear,5,20,greedy,pseudo_regret,2.933333333333333,1.2,3.9999999999999996,3,0
pilot,clear,5,20,greedy,reward,10.666666666666666,5.0,14.0,3,0
pilot,clear,5,20,greedy,posterior_mean_greedy,1.0,1.0,1.0,3,0
pilot,clear,5,20,greedy,unseen_fraction,0.2333333333333333,0.20000000000000004,0.25,3,0
pilot,clear,5,20,greedy,switches,6.333333333333333,4.0,10.0,3,0
pilot,clear,5,20,greedy,arms_visited,4.666666666666667,4.0,5.0,3,0
pilot,clear,5,20,greedy,best_arm_fraction,0.6333333333333333,0.5,0.85,3,0
pilot,clear,5,20,greedy,suffix_failure,0.0,0.0,0.0,3,0
pilot,clear,5,20,ids,pseudo_regret,2.6666666666666665,0.39999999999999997,4.8,3,0
pilot,clear,5,20,ids,reward,11.0,5.0,15.0,3,0
pilot,clear,5,20,ids,posterior_mean_greedy,0.9,0.6999999999999998,1.0,3,0
pilot,clear,5,20,ids,unseen_fraction,0.19999999999999998,0.10000000000000002,0.25,3,0
pilot,clear,5,20,ids,switches,6.333333333333333,1.0,13.0,3,0
pilot,clear,5,20,ids,arms_visited,4.0,2.0,5.0,3,0
pilot,clear,5,20,ids,best_arm_fraction,0.6666666666666666,0.4000000000000001,0.9499999999999998,3,0
pilot,clear,5,20,ids,suffix_failure,0.0,0.0,0.0,3,0
pilot,clear,5,20,knowledge_gradient,pseudo_regret,2.6666666666666665,1.2,3.9999999999999996,3,0
pilot,clear,5,20,knowledge_gradient,reward,11.0,5.0,15.0,3,0
pilot,clear,5,20,knowledge_gradient,posterior_mean_greedy,0.8166666666666665,0.6,0.9499999999999998,3,0
pilot,clear,5,20,knowledge_gradient,unseen_fraction,0.19999999999999998,0.10000000000000002,0.25,3,0
pilot,clear,5,20,knowledge_gradient,switches,5.333333333333333,1.0,9.0,3,0
pilot,clear,5,20,knowledge_gradient,arms_visited,4.0,2.0,5.0,3,0
pilot,clear,5,20,knowledge_gradient,best_arm_fraction,0.6666666666666666,0.5,0.85,3,0
pilot,clear,5,20,knowledge_gradient,suffix_failure,0.0,0.0,0.0,3,0
pilot,clear,5,20,random,pseudo_regret,6.266666666666666,5.199999999999999,7.199999999999999,3,0
pilot,clear,5,20,random,reward,7.333333333333333,5.0,10.0,3,0
pilot,clear,5,20,random,posterior_mean_greedy,0.3166666666666667,0.15,0.5,3,0
pilot,clear,5,20,random,unseen_fraction,0.25,0.25,0.25,3,0
pilot,clear,5,20,random,switches,16.0,15.0,17.0,3,0
pilot,clear,5,20,random,arms_visited,5.0,5.0,5.0,3,0
pilot,clear,5,20,random,best_arm_fraction,0.21666666666666667,0.10000000000000002,0.3499999999999999,3,0
pilot,clear,5,20,random,suffix_failure,0.0,0.0,0.0,3,0
pilot,clear,5,20,ts,pseudo_regret,4.266666666666667,3.5999999999999996,4.8,3,0
pilot,clear,5,20,ts,reward,9.666666666666666,5.0,12.0,3,0
pilot,clear,5,20,ts,posterior_mean_greedy,0.5833333333333334,0.5,0.65,3,0
pilot,clear,5,20,ts,unseen_fraction,0.25,0.25,0.25,3,0
pilot,clear,5,20,ts,switches,12.0,8.0,16.0,3,0
pilot,clear,5,20,ts,arms_visited,5.0,5.0,5.0,3,0
pilot,clear,5,20,ts,best_arm_fraction,0.46666666666666673,0.4000000000000001,0.55,3,0
pilot,clear,5,20,ts,suffix_failure,0.0,0.0,0.0,3,0
pilot,clear,5,20,ucb1,pseudo_regret,5.333333333333333,4.8,5.999999999999999,3,0
pilot,clear,5,20,ucb1,reward,9.0,6.0,11.0,3,0
pilot,clear,5,20,ucb1,posterior_mean_greedy,0.39999999999999997,0.3499999999999999,0.45,3,0
pilot,clear,5,20,ucb1,unseen_fraction,0.25,0.25,0.25,3,0
pilot,clear,5,20,ucb1,switches,15.333333333333334,14.0,17.0,3,0
pilot,clear,5,20,ucb1,arms_visited,5.0,5.0,5.0,3,0
pilot,clear,5,20,ucb1,best_arm_fraction,0.3333333333333333,0.25,0.4000000000000001,3,0
pilot,clear,5,20,ucb1,suffix_failure,0.0,0.0,0.0,3,0
pilot,clear,15,20,bayes_direct,pseudo_regret,7.466666666666666,7.199999999999999,7.599999999999999,3,0
pilot,clear,15,20,bayes_direct,reward,9.333333333333334,7.0,13.0,3,0
pilot,clear,15,20,bayes_direct,posterior_mean_greedy,0.9333333333333332,0.8000000000000002,1.0,3,0
pilot,clear,15,20,bayes_direct,unseen_fraction,0.26666666666666666,0.20000000000000004,0.4000000000000001,3,0
pilot,clear,15,20,bayes_direct,switches,4.333333333333333,3.0,7.0,3,0
pilot,clear,15,20,bayes_direct,arms_visited,5.333333333333333,4.0,8.0,3,0
pilot,clear,15,20,bayes_direct,best_arm_fraction,0.06666666666666667,0.05000000000000001,0.10000000000000002,3,0
pilot,clear,15,20,bayes_direct,suffix_failure,0.0,0.0,0.0,3,0
pilot,clear,15,20,bayes_direct,choice_mismatch_fraction,0.0,0.0,0.0,3,0
pilot,clear,15,20,bayes_sample,pseudo_regret,4.533333333333333,0.39999999999999997,7.599999999999999,3,0
pilot,clear,15,20,bayes_sample,reward,10.666666666666666,7.0,15.0,3,0
pilot,clear,15,20,bayes_sample,posterior_mean_greedy,0.8999999999999999,0.85,0.9499999999999998,3,0
pilot,clear,15,20,bayes_sample,unseen_fraction,0.2833333333333334,0.10000000000000002,0.45,3,0
pilot,clear,15,20,bayes_sample,switches,7.0,2.0,10.0,3,0
pilot,clear,15,20,bayes_sample,arms_visited,5.666666666666667,2.0,9.0,3,0
pilot,clear,15,20,bayes_sample,best_arm_fraction,0.43333333333333335,0.05000000000000001,0.9499999999999998,3,0
pilot,clear,15,20,bayes_sample,suffix_failure,0.0,0.0,0.0,3,0
pilot,clear,15,20,bayes_sample,choice_mismatch_fraction,0.0,0.0,0.0,3,0
pilot,clear,15,20,bayes_ucb,pseudo_regret,7.066666666666666,6.3999999999999995,7.599999999999999,3,0
pilot,clear,15,20,bayes_ucb,reward,8.666666666666666,6.0,11.0,3,0
pilot,clear,15,20,bayes_ucb,posterior_mean_greedy,0.7333333333333334,0.55,1.0,3,0
pilot,clear,15,20,bayes_ucb,unseen_fraction,0.5666666666666667,0.45,0.75,3,0
pilot,clear,15,20,bayes_ucb,switches,10.333333333333334,8.0,14.0,3,0
pilot,clear,15,20,bayes_ucb,arms_visited,11.333333333333334,9.0,15.0,3,0
pilot,clear,15,20,bayes_ucb,best_arm_fraction,0.11666666666666668,0.05000000000000001,0.20000000000000004,3,0
pilot,clear,15,20,bayes_ucb,suffix_failure,0.0,0.0,0.0,3,0
pilot,clear,15,20,counts_direct,pseudo_regret,5.199999999999999,0.0,7.999999999999999,3,0
pilot,clear,15,20,counts_direct,reward,9.333333333333334,5.0,15.0,3,0
pilot,clear,15,20,counts_direct,posterior_mean_greedy,0.75,0.25,1.0,3,0
pilot,clear,15,20,counts_direct,unseen_fraction,0.18333333333333335,0.05000000000000001,0.4000000000000001,3,0
pilot,clear,15,20,counts_direct,switches,2.6666666666666665,0.0,7.0,3,0
pilot,clear,15,20,counts_direct,arms_visited,3.6666666666666665,1.0,8.0,3,0
pilot,clear,15,20,counts_direct,best_arm_fraction,0.35000000000000003,0.0,1.0,3,0
pilot,clear,15,20,counts_direct,suffix_failure,0.3333333333333333,0.0,1.0,3,0
pilot,clear,15,20,counts_direct,choice_mismatch_fraction,0.0,0.0,0.0,3,0
pilot,clear,15,20,counts_sample,pseudo_regret,5.199999999999999,0.0,7.999999999999999,3,0
pilot,clear,15,20,counts_sample,reward,9.666666666666666,4.0,15.0,3,0
pilot,clear,15,20,counts_sample,posterior_mean_greedy,0.85,0.6999999999999998,1.0,3,0
pilot,clear,15,20,counts_sample,unseen_fraction,0.2833333333333334,0.05000000000000001,0.6,3,0
pilot,clear,15,20,counts_sample,switches,6.333333333333333,0.0,13.0,3,0
pilot,clear,15,20,counts_sample,arms_visited,5.666666666666667,1.0,12.0,3,0
pilot,clear,15,20,counts_sample,best_arm_fraction,0.35000000000000003,0.0,1.0,3,0
pilot,clear,15,20,counts_sample,suffix_failure,0.3333333333333333,0.0,1.0,3,0
pilot,clear,15,20,counts_sample,choice_mismatch_fraction,0.0,0.0,0.0,3,0
pilot,clear,15,20,greedy,pseudo_regret,7.866666666666666,7.599999999999999,7.999999999999999,3,0
pilot,clear,15,20,greedy,reward,9.666666666666666,7.0,12.0,3,0
pilot,clear,15,20,greedy,posterior_mean_greedy,1.0,1.0,1.0,3,0
pilot,clear,15,20,greedy,unseen_fraction,0.26666666666666666,0.05000000000000001,0.45,3,0
pilot,clear,15,20,greedy,switches,5.0,0.0,9.0,3,0
pilot,clear,15,20,greedy,arms_visited,5.333333333333333,1.0,9.0,3,0
pilot,clear,15,20,greedy,best_arm_fraction,0.016666666666666666,0.0,0.05000000000000001,3,0
pilot,clear,15,20,greedy,suffix_failure,0.6666666666666666,0.0,1.0,3,0
pilot,clear,15,20,ids,pseudo_regret,7.466666666666666,7.199999999999999,7.599999999999999,3,0
pilot,clear,15,20,ids,reward,7.666666666666667,6.0,10.0,3,0
pilot,clear,15,20,ids,posterior_mean_greedy,0.6666666666666666,0.5,1.0,3,0
pilot,clear,15,20,ids,unseen_fraction,0.6333333333333334,0.55,0.6999999999999998,3,0
pilot,clear,15,20,ids,switches,11.666666666666666,10.0,13.0,3,0
pilot,clear,15,20,ids,arms_visited,12.666666666666666,11.0,14.0,3,0
pilot,clear,15,20,ids,best_arm_fraction,0.06666666666666667,0.05000000000000001,0.10000000000000002,3,0
pilot,clear,15,20,ids,suffix_failure,0.0,0.0,0.0,3,0
pilot,clear,15,20,knowledge_gradient,pseudo_regret,7.0666666666666655,5.599999999999999,7.999999999999999,3,0
pilot,clear,15,20,knowledge_gradient,reward,8.666666666666666,6.0,12.0,3,0
pilot,clear,15,20,knowledge_gradient,posterior_mean_greedy,0.7666666666666666,0.55,1.0,3,0
pilot,clear,15,20,knowledge_gradient,unseen_fraction,0.39999999999999997,0.15,0.6,3,0
pilot,clear,15,20,knowledge_gradient,switches,8.0,2.0,12.0,3,0
pilot,clear,15,20,knowledge_gradient,arms_visited,8.0,3.0,12.0,3,0
pilot,clear,15,20,knowledge_gradient,best_arm_fraction,0.11666666666666665,0.0,0.3,3,0
pilot,clear,15,20,knowledge_gradient,suffix_failure,0.3333333333333333,0.0,1.0,3,0
pilot,clear,15,20,random,pseudo_regret,7.599999999999999,7.199999999999999,7.999999999999999,3,0
pilot,clear,15,20,random,reward,7.0,5.0,9.0,3,0
pilot,clear,15,20,random,posterior_mean_greedy,0.26666666666666666,0.15,0.3499999999999999,3,0
pilot,clear,15,20,random,unseen_fraction,0.5499999999999999,0.5,0.6,3,0
pilot,clear,15,20,random,switches,17.666666666666668,17.0,19.0,3,0
pilot,clear,15,20,random,arms_visited,11.0,10.0,12.0,3,0
pilot,clear,15,20,random,best_arm_fraction,0.05000000000000001,0.0,0.10000000000000002,3,0
pilot,clear,15,20,random,suffix_failure,0.3333333333333333,0.0,1.0,3,0
pilot,clear,15,20,ts,pseudo_regret,7.066666666666666,5.999999999999999,7.999999999999999,3,0
pilot,clear,15,20,ts,reward,8.0,6.0,11.0,3,0
pilot,clear,15,20,ts,posterior_mean_greedy,0.3833333333333333,0.3499999999999999,0.4000000000000001,3,0
pilot,clear,15,20,ts,unseen_fraction,0.6,0.5,0.6999999999999998,3,0
pilot,clear,15,20,ts,switches,18.0,18.0,18.0,3,0
pilot,clear,15,20,ts,arms_visited,12.0,10.0,14.0,3,0
pilot,clear,15,20,ts,best_arm_fraction,0.11666666666666665,0.0,0.25,3,0
pilot,clear,15,20,ts,suffix_failure,0.3333333333333333,0.0,1.0,3,0
pilot,clear,15,20,ucb1,pseudo_regret,7.466666666666666,7.199999999999999,7.599999999999999,3,0
pilot,clear,15,20,ucb1,reward,8.0,6.0,11.0,3,0
pilot,clear,15,20,ucb1,posterior_mean_greedy,0.18333333333333332,0.10000000000000002,0.3499999999999999,3,0
pilot,clear,15,20,ucb1,unseen_fraction,0.75,0.75,0.75,3,0
pilot,clear,15,20,ucb1,switches,19.0,19.0,19.0,3,0
pilot,clear,15,20,ucb1,arms_visited,15.0,15.0,15.0,3,0
pilot,clear,15,20,ucb1,best_arm_fraction,0.06666666666666667,0.05000000000000001,0.10000000000000002,3,0
pilot,clear,15,20,ucb1,suffix_failure,0.0,0.0,0.0,3,0
pilot,close,2,20,bayes_direct,pseudo_regret,0.3500000000000003,0.0,1.0000000000000009,3,0
pilot,close,2,20,bayes_direct,reward,13.0,13.0,13.0,3,0
pilot,close,2,20,bayes_direct,posterior_mean_greedy,1.0,1.0,1.0,3,0
pilot,close,2,20,bayes_direct,unseen_fraction,0.06666666666666667,0.05000000000000001,0.10000000000000002,3,0
pilot,close,2,20,bayes_direct,switches,0.6666666666666666,0.0,2.0,3,0
pilot,close,2,20,bayes_direct,arms_visited,1.3333333333333333,1.0,2.0,3,0
pilot,close,2,20,bayes_direct,best_arm_fraction,0.65,0.0,1.0,3,0
pilot,close,2,20,bayes_direct,suffix_failure,0.3333333333333333,0.0,1.0,3,0
pilot,close,2,20,bayes_direct,choice_mismatch_fraction,0.0,0.0,0.0,3,0
pilot,close,2,20,bayes_sample,pseudo_regret,0.40000000000000036,0.10000000000000009,0.8500000000000009,3,0
pilot,close,2,20,bayes_sample,reward,13.0,12.0,14.0,3,0
pilot,close,2,20,bayes_sample,posterior_mean_greedy,0.7999999999999999,0.75,0.9,3,0
pilot,close,2,20,bayes_sample,unseen_fraction,0.10000000000000002,0.10000000000000002,0.10000000000000002,3,0
pilot,close,2,20,bayes_sample,switches,6.333333333333333,4.0,10.0,3,0
pilot,close,2,20,bayes_sample,arms_visited,2.0,2.0,2.0,3,0
pilot,close,2,20,bayes_sample,best_arm_fraction,0.6,0.15,0.9,3,0
pilot,close,2,20,bayes_sample,suffix_failure,0.0,0.0,0.0,3,0
pilot,close,2,20,bayes_sample,choice_mismatch_fraction,0.0,0.0,0.0,3,0
pilot,close,2,20,bayes_ucb,pseudo_regret,0.33333333333333365,0.10000000000000009,0.8000000000000007,3,0
pilot,close,2,20,bayes_ucb,reward,12.0,11.0,13.0,3,0
pilot,close,2,20,bayes_ucb,posterior_mean_greedy,0.9166666666666666,0.85,0.9499999999999998,3,0
pilot,close,2,20,bayes_ucb,unseen_fraction,0.10000000000000002,0.10000000000000002,0.10000000000000002,3,0
pilot,close,2,20,bayes_ucb,switches,3.0,2.0,4.0,3,0
pilot,close,2,20,bayes_ucb,arms_visited,2.0,2.0,2.0,3,0
pilot,close,2,20,bayes_ucb,best_arm_fraction,0.6666666666666666,0.20000000000000004,0.9,3,0
pilot,close,2,20,bayes_ucb,suffix_failure,0.0,0.0,0.0,3,0
pilot,close,2,20,counts_direct,pseudo_regret,0.33333333333333365,0.0,1.0000000000000009,3,0
pilot,close,2,20,counts_direct,reward,13.0,13.0,13.0,3,0
pilot,close,2,20,counts_direct,posterior_mean_greedy,1.0,1.0,1.0,3,0
pilot,close,2,20,counts_direct,unseen_fraction,0.05000000000000001,0.05000000000000001,0.05000000000000001,3,0
pilot,close,2,20,counts_direct,switches,0.0,0.0,0.0,3,0
pilot,close,2,20,counts_direct,arms_visited,1.0,1.0,1.0,3,0
pilot,close,2,20,counts_direct,best_arm_fraction,0.6666666666666666,0.0,1.0,3,0
pilot,close,2,20,counts_direct,suffix_failure,0.3333333333333333,0.0,1.0,3,0
pilot,close,2,20,counts_direct,choice_mismatch_fraction,0.0,0.0,0.0,3,0
pilot,close,2,20,counts_sample,pseudo_regret,0.40000000000000036,0.15000000000000013,0.8500000000000009,3,0
pilot,close,2,20,counts_sample,reward,12.333333333333334,11.0,14.0,3,0
pilot,close,2,20,counts_sample,posterior_mean_greedy,0.8166666666666668,0.8000000000000002,0.85,3,0
pilot,close,2,20,counts_sample,unseen_fraction,0.10000000000000002,0.10000000000000002,0.10000000000000002,3,0
pilot,close,2,20,counts_sample,switches,6.0,6.0,6.0,3,0
pilot,close,2,20,counts_sample,arms_visited,2.0,2.0,2.0,3,0
pilot,close,2,20,counts_sample,best_arm_fraction,0.6,0.15,0.85,3,0
pilot,close,2,20,counts_sample,suffix_failure,0.0,0.0,0.0,3,0
pilot,close,2,20,counts_sample,choice_mismatch_fraction,0.0,0.0,0.0,3,0
pilot,close,2,20,greedy,pseudo_regret,0.366666666666667,0.050000000000000044,1.0000000000000009,3,0
pilot,close,2,20,greedy,reward,12.666666666666666,12.0,13.0,3,0
pilot,close,2,20,greedy,posterior_mean_greedy,1.0,1.0,1.0,3,0
pilot,close,2,20,greedy,unseen_fraction,0.08333333333333333,0.05000000000000001,0.10000000000000002,3,0
pilot,close,2,20,greedy,switches,1.0,0.0,2.0,3,0
pilot,close,2,20,greedy,arms_visited,1.6666666666666667,1.0,2.0,3,0
pilot,close,2,20,greedy,best_arm_fraction,0.6333333333333333,0.0,0.9499999999999998,3,0
pilot,close,2,20,greedy,suffix_failure,0.3333333333333333,0.0,1.0,3,0
pilot,close,2,20,ids,pseudo_regret,0.30000000000000027,0.050000000000000044,0.8000000000000007,3,0
pilot,close,2,20,ids,reward,12.666666666666666,12.0,13.0,3,0
pilot,close,2,20,ids,posterior_mean_greedy,0.9666666666666667,0.9,1.0,3,0
pilot,close,2,20,ids,unseen_fraction,0.10000000000000002,0.10000000000000002,0.10000000000000002,3,0
pilot,close,2,20,ids,switches,1.6666666666666667,1.0,3.0,3,0
pilot,close,2,20,ids,arms_visited,2.0,2.0,2.0,3,0
pilot,close,2,20,ids,best_arm_fraction,0.6999999999999998,0.20000000000000004,0.9499999999999998,3,0
pilot,close,2,20,ids,suffix_failure,0.0,0.0,0.0,3,0
pilot,close,2,20,knowledge_gradient,pseudo_regret,0.31666666666666693,0.050000000000000044,0.8500000000000009,3,0
pilot,close,2,20,knowledge_gradient,reward,13.0,12.0,14.0,3,0
pilot,close,2,20,knowledge_gradient,posterior_mean_greedy,0.9833333333333334,0.9499999999999998,1.0,3,0
pilot,close,2,20,knowledge_gradient,unseen_fraction,0.10000000000000002,0.10000000000000002,0.10000000000000002,3,0
pilot,close,2,20,knowledge_gradient,switches,1.0,1.0,1.0,3,0
pilot,close,2,20,knowledge_gradient,arms_visited,2.0,2.0,2.0,3,0
pilot,close,2,20,knowledge_gradient,best_arm_fraction,0.6833333333333332,0.15,0.9499999999999998,3,0
pilot,close,2,20,knowledge_gradient,suffix_failure,0.0,0.0,0.0,3,0
pilot,close,2,20,random,pseudo_regret,0.5333333333333338,0.4500000000000004,0.6500000000000006,3,0
pilot,close,2,20,random,reward,11.666666666666666,11.0,12.0,3,0
pilot,close,2,20,random,posterior_mean_greedy,0.6,0.5,0.6999999999999998,3,0
pilot,close,2,20,random,unseen_fraction,0.10000000000000002,0.10000000000000002,0.10000000000000002,3,0
pilot,close,2,20,random,switches,10.333333333333334,10.0,11.0,3,0
pilot,close,2,20,random,arms_visited,2.0,2.0,2.0,3,0
pilot,close,2,20,random,best_arm_fraction,0.4666666666666666,0.3499999999999999,0.55,3,0
pilot,close,2,20,random,suffix_failure,0.0,0.0,0.0,3,0
pilot,close,2,20,ts,pseudo_regret,0.2833333333333336,0.050000000000000044,0.7000000000000006,3,0
pilot,close,2,20,ts,reward,12.333333333333334,11.0,13.0,3,0
pilot,close,2,20,ts,posterior_mean_greedy,0.8833333333333333,0.75,0.9499999999999998,3,0
pilot,close,2,20,ts,unseen_fraction,0.10000000000000002,0.10000000000000002,0.10000000000000002,3,0
pilot,close,2,20,ts,switches,3.6666666666666665,2.0,6.0,3,0
pilot,close,2,20,ts,arms_visited,2.0,2.0,2.0,3,0
pilot,close,2,20,ts,best_arm_fraction,0.7166666666666667,0.3,0.9499999999999998,3,0
pilot,close,2,20,ts,suffix_failure,0.0,0.0,0.0,3,0
pilot,close,2,20,ucb1,pseudo_regret,0.5000000000000004,0.3500000000000003,0.6500000000000006,3,0
pilot,close,2,20,ucb1,reward,11.666666666666666,11.0,12.0,3,0
pilot,close,2,20,ucb1,posterior_mean_greedy,0.6666666666666666,0.65,0.6999999999999998,3,0
pilot,close,2,20,ucb1,unseen_fraction,0.10000000000000002,0.10000000000000002,0.10000000000000002,3,0
pilot,close,2,20,ucb1,switches,8.333333333333334,7.0,11.0,3,0
pilot,close,2,20,ucb1,arms_visited,2.0,2.0,2.0,3,0
pilot,close,2,20,ucb1,best_arm_fraction,0.5,0.3499999999999999,0.65,3,0
pilot,close,2,20,ucb1,suffix_failure,0.0,0.0,0.0,3,0
pilot,close,5,20,bayes_direct,pseudo_regret,0.43333333333333374,0.15000000000000013,0.9500000000000007,3,0
pilot,close,5,20,bayes_direct,reward,7.666666666666667,6.0,9.0,3,0
pilot,close,5,20,bayes_direct,posterior_mean_greedy,0.7166666666666668,0.65,0.8000000000000002,3,0
pilot,close,5,20,bayes_direct,unseen_fraction,0.16666666666666666,0.10000000000000002,0.25,3,0
pilot,close,5,20,bayes_direct,switches,2.6666666666666665,1.0,5.0,3,0
pilot,close,5,20,bayes_direct,arms_visited,3.3333333333333335,2.0,5.0,3,0
pilot,close,5,20,bayes_direct,best_arm_fraction,0.5666666666666668,0.05000000000000001,0.85,3,0
pilot,close,5,20,bayes_direct,suffix_failure,0.0,0.0,0.0,3,0
pilot,close,5,20,bayes_direct,choice_mismatch_fraction,0.0,0.0,0.0,3,0
pilot,close,5,20,bayes_sample,pseudo_regret,0.833333333333334,0.5500000000000005,1.0000000000000009,3,0
pilot,close,5,20,bayes_sample,reward,9.333333333333334,7.0,12.0,3,0
pilot,close,5,20,bayes_sample,posterior_mean_greedy,0.7833333333333333,0.6999999999999998,0.9,3,0
pilot,close,5,20,bayes_sample,unseen_fraction,0.21666666666666667,0.15,0.25,3,0
pilot,close,5,20,bayes_sample,switches,9.333333333333334,5.0,12.0,3,0
pilot,close,5,20,bayes_sample,arms_visited,4.333333333333333,3.0,5.0,3,0
pilot,close,5,20,bayes_sample,best_arm_fraction,0.16666666666666666,0.0,0.45,3,0
pilot,close,5,20,bayes_sample,suffix_failure,0.3333333333333333,0.0,1.0,3,0
pilot,close,5,20,bayes_sample,choice_mismatch_fraction,0.0,0.0,0.0,3,0
pilot,close,5,20,bayes_ucb,pseudo_regret,0.7166666666666673,0.5000000000000004,0.8500000000000009,3,0
pilot,close,5,20,bayes_ucb,reward,9.333333333333334,8.0,12.0,3,0
pilot,close,5,20,bayes_ucb,posterior_mean_greedy,0.8166666666666668,0.75,0.85,3,0
pilot,close,5,20,bayes_ucb,unseen_fraction,0.25,0.25,0.25,3,0
pilot,close,5,20,bayes_ucb,switches,8.333333333333334,7.0,11.0,3,0
pilot,close,5,20,bayes_ucb,arms_visited,5.0,5.0,5.0,3,0
pilot,close,5,20,bayes_ucb,best_arm_fraction,0.2833333333333334,0.15,0.5,3,0
pilot,close,5,20,bayes_ucb,suffix_failure,0.0,0.0,0.0,3,0
pilot,close,5,20,counts_direct,pseudo_regret,0.7166666666666673,0.20000000000000018,1.0000000000000009,3,0
pilot,close,5,20,counts_direct,reward,7.666666666666667,6.0,9.0,3,0
pilot,close,5,20,counts_direct,posterior_mean_greedy,0.5833333333333334,0.15,0.9499999999999998,3,0
pilot,close,5,20,counts_direct,unseen_fraction,0.15,0.05000000000000001,0.25,3,0
pilot,close,5,20,counts_direct,switches,2.3333333333333335,0.0,5.0,3,0
pilot,close,5,20,counts_direct,arms_visited,3.0,1.0,5.0,3,0
pilot,close,5,20,counts_direct,best_arm_fraction,0.2833333333333334,0.0,0.8000000000000002,3,0
pilot,close,5,20,counts_direct,suffix_failure,0.3333333333333333,0.0,1.0,3,0
pilot,close,5,20,counts_direct,choice_mismatch_fraction,0.0,0.0,0.0,3,0
pilot,close,5,20,counts_sample,pseudo_regret,0.8000000000000007,0.6500000000000006,0.9500000000000007,3,0
pilot,close,5,20,counts_sample,reward,8.333333333333334,6.0,10.0,3,0
pilot,close,5,20,counts_sample,posterior_mean_greedy,0.5333333333333333,0.25,0.6999999999999998,3,0
pilot,close,5,20,counts_sample,unseen_fraction,0.25,0.25,0.25,3,0
pilot,close,5,20,counts_sample,switches,9.0,7.0,10.0,3,0
pilot,close,5,20,counts_sample,arms_visited,5.0,5.0,5.0,3,0
pilot,close,5,20,counts_sample,best_arm_fraction,0.20000000000000004,0.05000000000000001,0.3499999999999999,3,0
pilot,close,5,20,counts_sample,suffix_failure,0.0,0.0,0.0,3,0
pilot,close,5,20,counts_sample,choice_mismatch_fraction,0.0,0.0,0.0,3,0
pilot,close,5,20,greedy,pseudo_regret,0.6500000000000006,0.20000000000000018,0.9500000000000007,3,0
pilot,close,5,20,greedy,reward,8.666666666666666,6.0,12.0,3,0
pilot,close,5,20,greedy,posterior_mean_greedy,1.0,1.0,1.0,3,0
pilot,close,5,20,greedy,unseen_fraction,0.19999999999999998,0.10000000000000002,0.25,3,0
pilot,close,5,20,greedy,switches,4.333333333333333,1.0,7.0,3,0
pilot,close,5,20,greedy,arms_visited,4.0,2.0,5.0,3,0
pilot,close,5,20,greedy,best_arm_fraction,0.35000000000000003,0.05000000000000001,0.8000000000000002,3,0
pilot,close,5,20,greedy,suffix_failure,0.0,0.0,0.0,3,0
pilot,close,5,20,ids,pseudo_regret,0.7500000000000006,0.4500000000000004,0.9500000000000007,3,0
pilot,close,5,20,ids,reward,10.0,8.0,13.0,3,0
pilot,close,5,20,ids,posterior_mean_greedy,0.7666666666666666,0.75,0.8000000000000002,3,0
pilot,close,5,20,ids,unseen_fraction,0.2333333333333333,0.20000000000000004,0.25,3,0
pilot,close,5,20,ids,switches,7.666666666666667,5.0,10.0,3,0
pilot,close,5,20,ids,arms_visited,4.666666666666667,4.0,5.0,3,0
pilot,close,5,20,ids,best_arm_fraction,0.25000000000000006,0.05000000000000001,0.55,3,0
pilot,close,5,20,ids,suffix_failure,0.0,0.0,0.0,3,0
pilot,close,5,20,knowledge_gradient,pseudo_regret,0.7166666666666673,0.20000000000000018,1.0000000000000009,3,0
pilot,close,5,20,knowledge_gradient,reward,8.333333333333334,6.0,11.0,3,0
pilot,close,5,20,knowledge_gradient,posterior_mean_greedy,0.9166666666666666,0.9,0.9499999999999998,3,0
pilot,close,5,20,knowledge_gradient,unseen_fraction,0.21666666666666667,0.15,0.25,3,0
pilot,close,5,20,knowledge_gradient,switches,5.0,2.0,8.0,3,0
pilot,close,5,20,knowledge_gradient,arms_visited,4.333333333333333,3.0,5.0,3,0
pilot,close,5,20,knowledge_gradient,best_arm_fraction,0.2833333333333334,0.0,0.8000000000000002,3,0
pilot,close,5,20,knowledge_gradient,suffix_failure,0.3333333333333333,0.0,1.0,3,0
pilot,close,5,20,random,pseudo_regret,0.733333333333334,0.7000000000000006,0.7500000000000006,3,0
pilot,close,5,20,random,reward,9.0,9.0,9.0,3,0
pilot,close,5,20,random,posterior_mean_greedy,0.25,0.20000000000000004,0.3,3,0
pilot,close,5,20,random,unseen_fraction,0.25,0.25,0.25,3,0
pilot,close,5,20,random,switches,14.333333333333334,13.0,15.0,3,0
pilot,close,5,20,random,arms_visited,5.0,5.0,5.0,3,0
pilot,close,5,20,random,best_arm_fraction,0.26666666666666666,0.25,0.3,3,0
pilot,close,5,20,random,suffix_failure,0.0,0.0,0.0,3,0
pilot,close,5,20,ts,pseudo_regret,0.7500000000000006,0.6000000000000005,0.8500000000000009,3,0
pilot,close,5,20,ts,reward,9.0,7.0,12.0,3,0
pilot,close,5,20,ts,posterior_mean_greedy,0.5666666666666667,0.5,0.6,3,0
pilot,close,5,20,ts,unseen_fraction,0.25,0.25,0.25,3,0
pilot,close,5,20,ts,switches,13.666666666666666,11.0,16.0,3,0
pilot,close,5,20,ts,arms_visited,5.0,5.0,5.0,3,0
pilot,close,5,20,ts,best_arm_fraction,0.25000000000000006,0.15,0.4000000000000001,3,0
pilot,close,5,20,ts,suffix_failure,0.0,0.0,0.0,3,0
pilot,close,5,20,ucb1,pseudo_regret,0.7500000000000006,0.6500000000000006,0.8000000000000007,3,0
pilot,close,5,20,ucb1,reward,9.0,8.0,10.0,3,0
pilot,close,5,20,ucb1,posterior_mean_greedy,0.4666666666666666,0.3499999999999999,0.55,3,0
pilot,close,5,20,ucb1,unseen_fraction,0.25,0.25,0.25,3,0
pilot,close,5,20,ucb1,switches,15.333333333333334,13.0,18.0,3,0
pilot,close,5,20,ucb1,arms_visited,5.0,5.0,5.0,3,0
pilot,close,5,20,ucb1,best_arm_fraction,0.25,0.20000000000000004,0.3499999999999999,3,0
pilot,close,5,20,ucb1,suffix_failure,0.0,0.0,0.0,3,0
pilot,close,15,20,bayes_direct,pseudo_regret,1.0000000000000009,1.0000000000000009,1.0000000000000009,3,0
pilot,close,15,20,bayes_direct,reward,12.0,9.0,16.0,3,0
pilot,close,15,20,bayes_direct,posterior_mean_greedy,0.9500000000000001,0.9,1.0,3,0
pilot,close,15,20,bayes_direct,unseen_fraction,0.13333333333333333,0.05000000000000001,0.25,3,0
pilot,close,15,20,bayes_direct,switches,1.6666666666666667,0.0,4.0,3,0
pilot,close,15,20,bayes_direct,arms_visited,2.6666666666666665,1.0,5.0,3,0
pilot,close,15,20,bayes_direct,best_arm_fraction,0.0,0.0,0.0,3,0
pilot,close,15,20,bayes_direct,suffix_failure,1.0,1.0,1.0,3,0
pilot,close,15,20,bayes_direct,choice_mismatch_fraction,0.0,0.0,0.0,3,0
pilot,close,15,20,bayes_sample,pseudo_regret,1.0000000000000009,1.0000000000000009,1.0000000000000009,3,0
pilot,close,15,20,bayes_sample,reward,11.666666666666666,9.0,13.0,3,0
pilot,close,15,20,bayes_sample,posterior_mean_greedy,0.7999999999999999,0.75,0.85,3,0
pilot,close,15,20,bayes_sample,unseen_fraction,0.26666666666666666,0.25,0.3,3,0
pilot,close,15,20,bayes_sample,switches,8.666666666666666,7.0,11.0,3,0
pilot,close,15,20,bayes_sample,arms_visited,5.333333333333333,5.0,6.0,3,0
pilot,close,15,20,bayes_sample,best_arm_fraction,0.0,0.0,0.0,3,0
pilot,close,15,20,bayes_sample,suffix_failure,1.0,1.0,1.0,3,0
pilot,close,15,20,bayes_sample,choice_mismatch_fraction,0.0,0.0,0.0,3,0
pilot,close,15,20,bayes_ucb,pseudo_regret,0.9000000000000008,0.8500000000000009,1.0000000000000009,3,0
pilot,close,15,20,bayes_ucb,reward,9.666666666666666,9.0,11.0,3,0
pilot,close,15,20,bayes_ucb,posterior_mean_greedy,0.6333333333333334,0.5,0.8000000000000002,3,0
pilot,close,15,20,bayes_ucb,unseen_fraction,0.5333333333333333,0.45,0.6,3,0
pilot,close,15,20,bayes_ucb,switches,9.666666666666666,8.0,11.0,3,0
pilot,close,15,20,bayes_ucb,arms_visited,10.666666666666666,9.0,12.0,3,0
pilot,close,15,20,bayes_ucb,best_arm_fraction,0.09999999999999999,0.0,0.15,3,0
pilot,close,15,20,bayes_ucb,suffix_failure,0.3333333333333333,0.0,1.0,3,0
pilot,close,15,20,counts_direct,pseudo_regret,1.0000000000000009,1.0000000000000009,1.0000000000000009,3,0
pilot,close,15,20,counts_direct,reward,12.333333333333334,10.0,16.0,3,0
pilot,close,15,20,counts_direct,posterior_mean_greedy,0.9500000000000001,0.9,1.0,3,0
pilot,close,15,20,counts_direct,unseen_fraction,0.11666666666666668,0.05000000000000001,0.20000000000000004,3,0
pilot,close,15,20,counts_direct,switches,1.3333333333333333,0.0,3.0,3,0
pilot,close,15,20,counts_direct,arms_visited,2.3333333333333335,1.0,4.0,3,0
pilot,close,15,20,counts_direct,best_arm_fraction,0.0,0.0,0.0,3,0
pilot,close,15,20,counts_direct,suffix_failure,1.0,1.0,1.0,3,0
pilot,close,15,20,counts_direct,choice_mismatch_fraction,0.0,0.0,0.0,3,0
pilot,close,15,20,counts_sample,pseudo_regret,1.0000000000000009,1.0000000000000009,1.0000000000000009,3,0
pilot,close,15,20,counts_sample,reward,11.0,7.0,14.0,3,0
pilot,close,15,20,counts_sample,posterior_mean_greedy,0.8166666666666668,0.8000000000000002,0.85,3,0
pilot,close,15,20,counts_sample,unseen_fraction,0.25,0.15,0.3499999999999999,3,0
pilot,close,15,20,counts_sample,switches,9.333333333333334,6.0,12.0,3,0
pilot,close,15,20,counts_sample,arms_visited,5.0,3.0,7.0,3,0
pilot,close,15,20,counts_sample,best_arm_fraction,0.0,0.0,0.0,3,0
pilot,close,15,20,counts_sample,suffix_failure,1.0,1.0,1.0,3,0
pilot,close,15,20,counts_sample,choice_mismatch_fraction,0.0,0.0,0.0,3,0
pilot,close,15,20,greedy,pseudo_regret,1.0000000000000009,1.0000000000000009,1.0000000000000009,3,0
pilot,close,15,20,greedy,reward,11.333333333333334,11.0,12.0,3,0
pilot,close,15,20,greedy,posterior_mean_greedy,1.0,1.0,1.0,3,0
pilot,close,15,20,greedy,unseen_fraction,0.16666666666666666,0.05000000000000001,0.3,3,0
pilot,close,15,20,greedy,switches,3.0,0.0,7.0,3,0
pilot,close,15,20,greedy,arms_visited,3.3333333333333335,1.0,6.0,3,0
pilot,close,15,20,greedy,best_arm_fraction,0.0,0.0,0.0,3,0
pilot,close,15,20,greedy,suffix_failure,1.0,1.0,1.0,3,0
pilot,close,15,20,ids,pseudo_regret,0.9000000000000008,0.8500000000000009,1.0000000000000009,3,0
pilot,close,15,20,ids,reward,10.666666666666666,9.0,13.0,3,0
pilot,close,15,20,ids,posterior_mean_greedy,0.65,0.45,0.75,3,0
pilot,close,15,20,ids,unseen_fraction,0.5,0.3499999999999999,0.6,3,0
pilot,close,15,20,ids,switches,9.0,6.0,11.0,3,0
pilot,close,15,20,ids,arms_visited,10.0,7.0,12.0,3,0
pilot,close,15,20,ids,best_arm_fraction,0.09999999999999999,0.0,0.15,3,0
pilot,close,15,20,ids,suffix_failure,0.3333333333333333,0.0,1.0,3,0
pilot,close,15,20,knowledge_gradient,pseudo_regret,0.7833333333333341,0.5000000000000004,1.0000000000000009,3,0
pilot,close,15,20,knowledge_gradient,reward,10.333333333333334,10.0,11.0,3,0
pilot,close,15,20,knowledge_gradient,posterior_mean_greedy,0.8166666666666668,0.65,0.9499999999999998,3,0
pilot,close,15,20,knowledge_gradient,unseen_fraction,0.4166666666666667,0.25,0.55,3,0
pilot,close,15,20,knowledge_gradient,switches,8.666666666666666,8.0,10.0,3,0
pilot,close,15,20,knowledge_gradient,arms_visited,8.333333333333334,5.0,11.0,3,0
pilot,close,15,20,knowledge_gradient,best_arm_fraction,0.21666666666666667,0.0,0.5,3,0
pilot,close,15,20,knowledge_gradient,suffix_failure,0.3333333333333333,0.0,1.0,3,0
pilot,close,15,20,random,pseudo_regret,0.9000000000000008,0.8500000000000009,0.9500000000000007,3,0
pilot,close,15,20,random,reward,12.0,11.0,13.0,3,0
pilot,close,15,20,random,posterior_mean_greedy,0.25,0.20000000000000004,0.3,3,0
pilot,close,15,20,random,unseen_fraction,0.6,0.55,0.6999999999999998,3,0
pilot,close,15,20,random,switches,19.0,19.0,19.0,3,0
pilot,close,15,20,random,arms_visited,12.0,11.0,14.0,3,0
pilot,close,15,20,random,best_arm_fraction,0.10000000000000002,0.05000000000000001,0.15,3,0
pilot,close,15,20,random,suffix_failure,0.0,0.0,0.0,3,0
pilot,close,15,20,ts,pseudo_regret,0.9166666666666675,0.9000000000000008,0.9500000000000007,3,0
pilot,close,15,20,ts,reward,10.333333333333334,9.0,11.0,3,0
pilot,close,15,20,ts,posterior_mean_greedy,0.3666666666666667,0.3499999999999999,0.4000000000000001,3,0
pilot,close,15,20,ts,unseen_fraction,0.6,0.55,0.65,3,0
pilot,close,15,20,ts,switches,18.0,17.0,19.0,3,0
pilot,close,15,20,ts,arms_visited,12.0,11.0,13.0,3,0
pilot,close,15,20,ts,best_arm_fraction,0.08333333333333333,0.05000000000000001,0.10000000000000002,3,0
pilot,close,15,20,ts,suffix_failure,0.0,0.0,0.0,3,0
pilot,close,15,20,ucb1,pseudo_regret,0.9333333333333341,0.9000000000000008,0.9500000000000007,3,0
pilot,close,15,20,ucb1,reward,10.666666666666666,10.0,11.0,3,0
pilot,close,15,20,ucb1,posterior_mean_greedy,0.18333333333333335,0.10000000000000002,0.3,3,0
pilot,close,15,20,ucb1,unseen_fraction,0.75,0.75,0.75,3,0
pilot,close,15,20,ucb1,switches,19.0,19.0,19.0,3,0
pilot,close,15,20,ucb1,arms_visited,15.0,15.0,15.0,3,0
pilot,close,15,20,ucb1,best_arm_fraction,0.06666666666666667,0.05000000000000001,0.10000000000000002,3,0
pilot,close,15,20,ucb1,suffix_failure,0.0,0.0,0.0,3,0
pilot,prior,2,20,bayes_direct,pseudo_regret,0.1488507736741374,0.11330133588042846,0.21757154368580026,3,0
pilot,prior,2,20,bayes_direct,reward,8.333333333333334,2.0,17.0,3,0
pilot,prior,2,20,bayes_direct,posterior_mean_greedy,1.0,1.0,1.0,3,0
pilot,prior,2,20,bayes_direct,unseen_fraction,0.10000000000000002,0.10000000000000002,0.10000000000000002,3,0
pilot,prior,2,20,bayes_direct,switches,5.333333333333333,1.0,8.0,3,0
pilot,prior,2,20,bayes_direct,arms_visited,2.0,2.0,2.0,3,0
pilot,prior,2,20,bayes_direct,best_arm_fraction,0.85,0.8000000000000002,0.9499999999999998,3,0
pilot,prior,2,20,bayes_direct,suffix_failure,0.0,0.0,0.0,3,0
pilot,prior,2,20,bayes_direct,choice_mismatch_fraction,0.0,0.0,0.0,3,0
pilot,prior,2,20,bayes_sample,pseudo_regret,0.3539558643591965,0.1735191621842752,0.4532053435217138,3,0
pilot,prior,2,20,bayes_sample,reward,8.333333333333334,3.0,16.0,3,0
pilot,prior,2,20,bayes_sample,posterior_mean_greedy,0.8666666666666667,0.85,0.9,3,0
pilot,prior,2,20,bayes_sample,unseen_fraction,0.10000000000000002,0.10000000000000002,0.10000000000000002,3,0
pilot,prior,2,20,bayes_sample,switches,8.666666666666666,3.0,14.0,3,0
pilot,prior,2,20,bayes_sample,arms_visited,2.0,2.0,2.0,3,0
pilot,prior,2,20,bayes_sample,best_arm_fraction,0.6999999999999998,0.6,0.8000000000000002,3,0
pilot,prior,2,20,bayes_sample,suffix_failure,0.0,0.0,0.0,3,0
pilot,prior,2,20,bayes_sample,choice_mismatch_fraction,0.0,0.0,0.0,3,0
pilot,prior,2,20,bayes_ucb,pseudo_regret,0.19324746306394328,0.0,0.4351430873716005,3,0
pilot,prior,2,20,bayes_ucb,reward,9.0,3.0,18.0,3,0
pilot,prior,2,20,bayes_ucb,posterior_mean_greedy,0.9,0.85,1.0,3,0
pilot,prior,2,20,bayes_ucb,unseen_fraction,0.08333333333333333,0.05000000000000001,0.10000000000000002,3,0
pilot,prior,2,20,bayes_ucb,switches,6.0,0.0,10.0,3,0
pilot,prior,2,20,bayes_ucb,arms_visited,1.6666666666666667,1.0,2.0,3,0
pilot,prior,2,20,bayes_ucb,best_arm_fraction,0.7833333333333333,0.6,1.0,3,0
pilot,prior,2,20,bayes_ucb,suffix_failure,0.0,0.0,0.0,3,0
pilot,prior,2,20,counts_direct,pseudo_regret,0.2984942492068598,0.11330133588042846,0.4351430873716005,3,0
pilot,prior,2,20,counts_direct,reward,8.333333333333334,3.0,17.0,3,0
pilot,prior,2,20,counts_direct,posterior_mean_greedy,0.9,0.8000000000000002,1.0,3,0
pilot,prior,2,20,counts_direct,unseen_fraction,0.10000000000000002,0.10000000000000002,0.10000000000000002,3,0
pilot,prior,2,20,counts_direct,switches,6.666666666666667,1.0,10.0,3,0
pilot,prior,2,20,counts_direct,arms_visited,2.0,2.0,2.0,3,0
pilot,prior,2,20,counts_direct,best_arm_fraction,0.6499999999999999,0.4000000000000001,0.9499999999999998,3,0
pilot,prior,2,20,counts_direct,suffix_failure,0.0,0.0,0.0,3,0
pilot,prior,2,20,counts_direct,choice_mismatch_fraction,0.0,0.0,0.0,3,0
pilot,prior,2,20,counts_sample,pseudo_regret,0.259141733529547,0.11567944145618347,0.4351430873716005,3,0
pilot,prior,2,20,counts_sample,reward,8.666666666666666,3.0,17.0,3,0
pilot,prior,2,20,counts_sample,posterior_mean_greedy,0.9,0.8000000000000002,0.9499999999999998,3,0
pilot,prior,2,20,counts_sample,unseen_fraction,0.10000000000000002,0.10000000000000002,0.10000000000000002,3,0
pilot,prior,2,20,counts_sample,switches,7.333333333333333,3.0,14.0,3,0
pilot,prior,2,20,counts_sample,arms_visited,2.0,2.0,2.0,3,0
pilot,prior,2,20,counts_sample,best_arm_fraction,0.7666666666666666,0.6,0.9,3,0
pilot,prior,2,20,counts_sample,suffix_failure,0.0,0.0,0.0,3,0
pilot,prior,2,20,counts_sample,choice_mismatch_fraction,0.0,0.0,0.0,3,0
pilot,prior,2,20,greedy,pseudo_regret,0.10144370825931263,0.0,0.21757154368580026,3,0
pilot,prior,2,20,greedy,reward,8.666666666666666,2.0,18.0,3,0
pilot,prior,2,20,greedy,posterior_mean_greedy,1.0,1.0,1.0,3,0
pilot,prior,2,20,greedy,unseen_fraction,0.08333333333333333,0.05000000000000001,0.10000000000000002,3,0
pilot,prior,2,20,greedy,switches,3.3333333333333335,0.0,6.0,3,0
pilot,prior,2,20,greedy,arms_visited,1.6666666666666667,1.0,2.0,3,0
pilot,prior,2,20,greedy,best_arm_fraction,0.8833333333333333,0.8000000000000002,1.0,3,0
pilot,prior,2,20,greedy,suffix_failure,0.0,0.0,0.0,3,0
pilot,prior,2,20,ids,pseudo_regret,0.19324746306394328,0.0,0.4351430873716005,3,0
pilot,prior,2,20,ids,reward,9.0,3.0,18.0,3,0
pilot,prior,2,20,ids,posterior_mean_greedy,0.9166666666666666,0.85,1.0,3,0
pilot,prior,2,20,ids,unseen_fraction,0.08333333333333333,0.05000000000000001,0.10000000000000002,3,0
pilot,prior,2,20,ids,switches,5.0,0.0,8.0,3,0
pilot,prior,2,20,ids,arms_visited,1.6666666666666667,1.0,2.0,3,0
pilot,prior,2,20,ids,best_arm_fraction,0.7833333333333333,0.6,1.0,3,0
pilot,prior,2,20,ids,suffix_failure,0.0,0.0,0.0,3,0
pilot,prior,2,20,knowledge_gradient,pseudo_regret,0.15849072712881937,0.11330133588042846,0.21757154368580026,3,0
pilot,prior,2,20,knowledge_gradient,reward,8.333333333333334,2.0,17.0,3,0
pilot,prior,2,20,knowledge_gradient,posterior_mean_greedy,0.8833333333333333,0.8000000000000002,1.0,3,0
pilot,prior,2,20,knowledge_gradient,unseen_fraction,0.10000000000000002,0.10000000000000002,0.10000000000000002,3,0
pilot,prior,2,20,knowledge_gradient,switches,5.0,1.0,7.0,3,0
pilot,prior,2,20,knowledge_gradient,arms_visited,2.0,2.0,2.0,3,0
pilot,prior,2,20,knowledge_gradient,best_arm_fraction,0.8333333333333334,0.75,0.9499999999999998,3,0
pilot,prior,2,20,knowledge_gradient,suffix_failure,0.0,0.0,0.0,3,0
pilot,prior,2,20,random,pseudo_regret,0.5597734411981802,0.11567944145618347,1.019712022923856,3,0
pilot,prior,2,20,random,reward,8.333333333333334,3.0,16.0,3,0
pilot,prior,2,20,random,posterior_mean_greedy,0.6,0.55,0.65,3,0
pilot,prior,2,20,random,unseen_fraction,0.10000000000000002,0.10000000000000002,0.10000000000000002,3,0
pilot,prior,2,20,random,switches,9.0,6.0,13.0,3,0
pilot,prior,2,20,random,arms_visited,2.0,2.0,2.0,3,0
pilot,prior,2,20,random,best_arm_fraction,0.6166666666666667,0.5,0.8000000000000002,3,0
pilot,prior,2,20,random,suffix_failure,0.0,0.0,0.0,3,0
pilot,prior,2,20,ts,pseudo_regret,0.34510861276309956,0.2602787432764128,0.4351430873716005,3,0
pilot,prior,2,20,ts,reward,7.666666666666667,3.0,16.0,3,0
pilot,prior,2,20,ts,posterior_mean_greedy,0.7000000000000001,0.5,0.9,3,0
pilot,prior,2,20,ts,unseen_fraction,0.10000000000000002,0.10000000000000002,0.10000000000000002,3,0
pilot,prior,2,20,ts,switches,10.0,3.0,14.0,3,0
pilot,prior,2,20,ts,arms_visited,2.0,2.0,2.0,3,0
pilot,prior,2,20,ts,best_arm_fraction,0.6666666666666666,0.55,0.85,3,0
pilot,prior,2,20,ts,suffix_failure,0.0,0.0,0.0,3,0
pilot,prior,2,20,ucb1,pseudo_regret,0.5809949949016763,0.3470383243685504,0.9064106870434276,3,0
pilot,prior,2,20,ucb1,reward,8.0,3.0,16.0,3,0
pilot,prior,2,20,ucb1,posterior_mean_greedy,0.7333333333333334,0.65,0.85,3,0
pilot,prior,2,20,ucb1,unseen_fraction,0.10000000000000002,0.10000000000000002,0.10000000000000002,3,0
pilot,prior,2,20,ucb1,switches,10.666666666666666,8.0,12.0,3,0
pilot,prior,2,20,ucb1,arms_visited,2.0,2.0,2.0,3,0
pilot,prior,2,20,ucb1,best_arm_fraction,0.5166666666666666,0.4000000000000001,0.6,3,0
pilot,prior,2,20,ucb1,suffix_failure,0.0,0.0,0.0,3,0
pilot,prior,5,20,bayes_direct,pseudo_regret,5.054989687948034,2.381276596402695,7.700348160703153,3,0
pilot,prior,5,20,bayes_direct,reward,10.333333333333334,9.0,13.0,3,0
pilot,prior,5,20,bayes_direct,posterior_mean_greedy,0.9166666666666666,0.85,0.9499999999999998,3,0
pilot,prior,5,20,bayes_direct,unseen_fraction,0.15,0.15,0.15,3,0
pilot,prior,5,20,bayes_direct,switches,2.6666666666666665,2.0,3.0,3,0
pilot,prior,5,20,bayes_direct,arms_visited,3.0,3.0,3.0,3,0
pilot,prior,5,20,bayes_direct,best_arm_fraction,0.25,0.0,0.75,3,0
pilot,prior,5,20,bayes_direct,suffix_failure,0.6666666666666666,0.0,1.0,3,0
pilot,prior,5,20,bayes_direct,choice_mismatch_fraction,0.0,0.0,0.0,3,0
pilot,prior,5,20,bayes_sample,pseudo_regret,5.200570726129153,3.880741464699259,7.563899720518251,3,0
pilot,prior,5,20,bayes_sample,reward,9.0,7.0,11.0,3,0
pilot,prior,5,20,bayes_sample,posterior_mean_greedy,0.7333333333333334,0.65,0.9,3,0
pilot,prior,5,20,bayes_sample,unseen_fraction,0.25,0.25,0.25,3,0
pilot,prior,5,20,bayes_sample,switches,9.333333333333334,9.0,10.0,3,0
pilot,prior,5,20,bayes_sample,arms_visited,5.0,5.0,5.0,3,0
pilot,prior,5,20,bayes_sample,best_arm_fraction,0.21666666666666667,0.15,0.3499999999999999,3,0
pilot,prior,5,20,bayes_sample,suffix_failure,0.0,0.0,0.0,3,0
pilot,prior,5,20,bayes_sample,choice_mismatch_fraction,0.0,0.0,0.0,3,0
pilot,prior,5,20,bayes_ucb,pseudo_regret,3.6282984149306983,2.8679017300604657,4.557368054169074,3,0
pilot,prior,5,20,bayes_ucb,reward,10.333333333333334,9.0,12.0,3,0
pilot,prior,5,20,bayes_ucb,posterior_mean_greedy,0.7833333333333332,0.6,0.9499999999999998,3,0
pilot,prior,5,20,bayes_ucb,unseen_fraction,0.25,0.25,0.25,3,0
pilot,prior,5,20,bayes_ucb,switches,8.333333333333334,6.0,10.0,3,0
pilot,prior,5,20,bayes_ucb,arms_visited,5.0,5.0,5.0,3,0
pilot,prior,5,20,bayes_ucb,best_arm_fraction,0.3833333333333333,0.25,0.5,3,0
pilot,prior,5,20,bayes_ucb,suffix_failure,0.0,0.0,0.0,3,0
pilot,prior,5,20,counts_direct,pseudo_regret,8.277479572428227,6.3681574115809,9.332073170170341,3,0
pilot,prior,5,20,counts_direct,reward,7.333333333333333,7.0,8.0,3,0
pilot,prior,5,20,counts_direct,posterior_mean_greedy,0.5833333333333334,0.3,0.75,3,0
pilot,prior,5,20,counts_direct,unseen_fraction,0.13333333333333333,0.10000000000000002,0.15,3,0
pilot,prior,5,20,counts_direct,switches,1.6666666666666667,1.0,2.0,3,0
pilot,prior,5,20,counts_direct,arms_visited,2.6666666666666665,2.0,3.0,3,0
pilot,prior,5,20,counts_direct,best_arm_fraction,0.0,0.0,0.0,3,0
pilot,prior,5,20,counts_direct,suffix_failure,1.0,1.0,1.0,3,0
pilot,prior,5,20,counts_direct,choice_mismatch_fraction,0.0,0.0,0.0,3,0
pilot,prior,5,20,counts_sample,pseudo_regret,7.268830201487989,4.879178839076196,10.104206031932092,3,0
pilot,prior,5,20,counts_sample,reward,8.666666666666666,8.0,10.0,3,0
pilot,prior,5,20,counts_sample,posterior_mean_greedy,0.5666666666666667,0.3,0.75,3,0
pilot,prior,5,20,counts_sample,unseen_fraction,0.16666666666666666,0.10000000000000002,0.25,3,0
pilot,prior,5,20,counts_sample,switches,6.333333333333333,2.0,10.0,3,0
pilot,prior,5,20,counts_sample,arms_visited,3.3333333333333335,2.0,5.0,3,0
pilot,prior,5,20,counts_sample,best_arm_fraction,0.09999999999999999,0.0,0.3,3,0
pilot,prior,5,20,counts_sample,suffix_failure,0.6666666666666666,0.0,1.0,3,0
pilot,prior,5,20,counts_sample,choice_mismatch_fraction,0.0,0.0,0.0,3,0
pilot,prior,5,20,greedy,pseudo_regret,2.6869484680617592,2.0859541456931376,3.335413362474584,3,0
pilot,prior,5,20,greedy,reward,11.333333333333334,8.0,13.0,3,0
pilot,prior,5,20,greedy,posterior_mean_greedy,1.0,1.0,1.0,3,0
pilot,prior,5,20,greedy,unseen_fraction,0.16666666666666666,0.10000000000000002,0.25,3,0
pilot,prior,5,20,greedy,switches,4.0,1.0,6.0,3,0
pilot,prior,5,20,greedy,arms_visited,3.3333333333333335,2.0,5.0,3,0
pilot,prior,5,20,greedy,best_arm_fraction,0.3833333333333333,0.0,0.6999999999999998,3,0
pilot,prior,5,20,greedy,suffix_failure,0.3333333333333333,0.0,1.0,3,0
pilot,prior,5,20,ids,pseudo_regret,3.5666479049844866,3.02691055281179,4.14423458367721,3,0
pilot,prior,5,20,ids,reward,10.666666666666666,9.0,12.0,3,0
pilot,prior,5,20,ids,posterior_mean_greedy,0.8833333333333334,0.8000000000000002,0.9499999999999998,3,0
pilot,prior,5,20,ids,unseen_fraction,0.25,0.25,0.25,3,0
pilot,prior,5,20,ids,switches,6.333333333333333,5.0,8.0,3,0
pilot,prior,5,20,ids,arms_visited,5.0,5.0,5.0,3,0
pilot,prior,5,20,ids,best_arm_fraction,0.3666666666666667,0.15,0.55,3,0
pilot,prior,5,20,ids,suffix_failure,0.0,0.0,0.0,3,0
pilot,prior,5,20,knowledge_gradient,pseudo_regret,3.35913174612388,2.4043620762299702,4.14423458367721,3,0
pilot,prior,5,20,knowledge_gradient,reward,10.666666666666666,9.0,12.0,3,0
pilot,prior,5,20,knowledge_gradient,posterior_mean_greedy,0.8666666666666666,0.8000000000000002,0.9499999999999998,3,0
pilot,prior,5,20,knowledge_gradient,unseen_fraction,0.21666666666666667,0.15,0.25,3,0
pilot,prior,5,20,knowledge_gradient,switches,6.333333333333333,3.0,8.0,3,0
pilot,prior,5,20,knowledge_gradient,arms_visited,4.333333333333333,3.0,5.0,3,0
pilot,prior,5,20,knowledge_gradient,best_arm_fraction,0.4000000000000001,0.25,0.55,3,0
pilot,prior,5,20,knowledge_gradient,suffix_failure,0.0,0.0,0.0,3,0
pilot,prior,5,20,random,pseudo_regret,5.62256402414592,3.304547277255454,7.261527061791537,3,0
pilot,prior,5,20,random,reward,9.666666666666666,6.0,13.0,3,0
pilot,prior,5,20,random,posterior_mean_greedy,0.35000000000000003,0.20000000000000004,0.45,3,0
pilot,prior,5,20,random,unseen_fraction,0.25,0.25,0.25,3,0
pilot,prior,5,20,random,switches,14.666666666666666,13.0,17.0,3,0
pilot,prior,5,20,random,arms_visited,5.0,5.0,5.0,3,0
pilot,prior,5,20,random,best_arm_fraction,0.16666666666666666,0.05000000000000001,0.4000000000000001,3,0
pilot,prior,5,20,random,suffix_failure,0.0,0.0,0.0,3,0
pilot,prior,5,20,ts,pseudo_regret,5.580467084404341,4.318210869782492,7.361696290852066,3,0
pilot,prior,5,20,ts,reward,9.0,6.0,12.0,3,0
pilot,prior,5,20,ts,posterior_mean_greedy,0.5,0.3499999999999999,0.65,3,0
pilot,prior,5,20,ts,unseen_fraction,0.25,0.25,0.25,3,0
pilot,prior,5,20,ts,switches,12.333333333333334,9.0,14.0,3,0
pilot,prior,5,20,ts,arms_visited,5.0,5.0,5.0,3,0
pilot,prior,5,20,ts,best_arm_fraction,0.15,0.10000000000000002,0.20000000000000004,3,0
pilot,prior,5,20,ts,suffix_failure,0.0,0.0,0.0,3,0
pilot,prior,5,20,ucb1,pseudo_regret,5.25481959714934,3.7365845246247926,7.17775756617245,3,0
pilot,prior,5,20,ucb1,reward,9.666666666666666,8.0,13.0,3,0
pilot,prior,5,20,ucb1,posterior_mean_greedy,0.4166666666666667,0.4000000000000001,0.45,3,0
pilot,prior,5,20,ucb1,unseen_fraction,0.25,0.25,0.25,3,0
pilot,prior,5,20,ucb1,switches,18.333333333333332,18.0,19.0,3,0
pilot,prior,5,20,ucb1,arms_visited,5.0,5.0,5.0,3,0
pilot,prior,5,20,ucb1,best_arm_fraction,0.2333333333333333,0.20000000000000004,0.25,3,0
pilot,prior,5,20,ucb1,suffix_failure,0.0,0.0,0.0,3,0
pilot,prior,15,20,bayes_direct,pseudo_regret,8.29977110704971,5.09889059042548,10.791899609644366,3,0
pilot,prior,15,20,bayes_direct,reward,10.333333333333334,5.0,14.0,3,0
pilot,prior,15,20,bayes_direct,posterior_mean_greedy,0.9833333333333334,0.9499999999999998,1.0,3,0
pilot,prior,15,20,bayes_direct,unseen_fraction,0.31666666666666665,0.10000000000000002,0.6999999999999998,3,0
pilot,prior,15,20,bayes_direct,switches,5.333333333333333,1.0,13.0,3,0
pilot,prior,15,20,bayes_direct,arms_visited,6.333333333333333,2.0,14.0,3,0
pilot,prior,15,20,bayes_direct,best_arm_fraction,0.06666666666666667,0.0,0.20000000000000004,3,0
pilot,prior,15,20,bayes_direct,suffix_failure,0.6666666666666666,0.0,1.0,3,0
pilot,prior,15,20,bayes_direct,choice_mismatch_fraction,0.0,0.0,0.0,3,0
pilot,prior,15,20,bayes_sample,pseudo_regret,6.928024258136047,4.296425831683636,11.704028917642487,3,0
pilot,prior,15,20,bayes_sample,reward,11.666666666666666,4.0,16.0,3,0
pilot,prior,15,20,bayes_sample,posterior_mean_greedy,0.7666666666666667,0.65,0.85,3,0
pilot,prior,15,20,bayes_sample,unseen_fraction,0.31666666666666665,0.20000000000000004,0.5,3,0
pilot,prior,15,20,bayes_sample,switches,9.333333333333334,7.0,12.0,3,0
pilot,prior,15,20,bayes_sample,arms_visited,6.333333333333333,4.0,10.0,3,0
pilot,prior,15,20,bayes_sample,best_arm_fraction,0.21666666666666667,0.0,0.6,3,0
pilot,prior,15,20,bayes_sample,suffix_failure,0.3333333333333333,0.0,1.0,3,0
pilot,prior,15,20,bayes_sample,choice_mismatch_fraction,0.0,0.0,0.0,3,0
pilot,prior,15,20,bayes_ucb,pseudo_regret,7.359978720563667,4.815705569666697,8.893309254746255,3,0
pilot,prior,15,20,bayes_ucb,reward,10.0,8.0,14.0,3,0
pilot,prior,15,20,bayes_ucb,posterior_mean_greedy,0.8166666666666668,0.5,1.0,3,0
pilot,prior,15,20,bayes_ucb,unseen_fraction,0.46666666666666673,0.20000000000000004,0.65,3,0
pilot,prior,15,20,bayes_ucb,switches,8.333333333333334,3.0,12.0,3,0
pilot,prior,15,20,bayes_ucb,arms_visited,9.333333333333334,4.0,13.0,3,0
pilot,prior,15,20,bayes_ucb,best_arm_fraction,0.11666666666666665,0.0,0.3499999999999999,3,0
pilot,prior,15,20,bayes_ucb,suffix_failure,0.6666666666666666,0.0,1.0,3,0
pilot,prior,15,20,counts_direct,pseudo_regret,11.011555884722469,9.008523121079282,12.030250987738109,3,0
pilot,prior,15,20,counts_direct,reward,6.333333333333333,3.0,12.0,3,0
pilot,prior,15,20,counts_direct,posterior_mean_greedy,0.7166666666666667,0.3,1.0,3,0
pilot,prior,15,20,counts_direct,unseen_fraction,0.3,0.05000000000000001,0.6999999999999998,3,0
pilot,prior,15,20,counts_direct,switches,5.0,0.0,13.0,3,0
pilot,prior,15,20,counts_direct,arms_visited,6.0,1.0,14.0,3,0
pilot,prior,15,20,counts_direct,best_arm_fraction,0.03333333333333333,0.0,0.10000000000000002,3,0
pilot,prior,15,20,counts_direct,suffix_failure,0.6666666666666666,0.0,1.0,3,0
pilot,prior,15,20,counts_direct,choice_mismatch_fraction,0.0,0.0,0.0,3,0
pilot,prior,15,20,counts_sample,pseudo_regret,8.428747878206964,4.680625021727289,11.99589354535002,3,0
pilot,prior,15,20,counts_sample,reward,10.333333333333334,3.0,15.0,3,0
pilot,prior,15,20,counts_sample,posterior_mean_greedy,0.8333333333333334,0.8000000000000002,0.85,3,0
pilot,prior,15,20,counts_sample,unseen_fraction,0.36666666666666664,0.15,0.6999999999999998,3,0
pilot,prior,15,20,counts_sample,switches,8.333333333333334,3.0,14.0,3,0
pilot,prior,15,20,counts_sample,arms_visited,7.333333333333333,3.0,14.0,3,0
pilot,prior,15,20,counts_sample,best_arm_fraction,0.11666666666666665,0.10000000000000002,0.15,3,0
pilot,prior,15,20,counts_sample,suffix_failure,0.0,0.0,0.0,3,0
pilot,prior,15,20,counts_sample,choice_mismatch_fraction,0.0,0.0,0.0,3,0
pilot,prior,15,20,greedy,pseudo_regret,6.453325806481165,1.4101578744351915,10.189902641791535,3,0
pilot,prior,15,20,greedy,reward,12.333333333333334,6.0,16.0,3,0
pilot,prior,15,20,greedy,posterior_mean_greedy,1.0,1.0,1.0,3,0
pilot,prior,15,20,greedy,unseen_fraction,0.2833333333333333,0.05000000000000001,0.6999999999999998,3,0
pilot,prior,15,20,greedy,switches,5.0,0.0,14.0,3,0
pilot,prior,15,20,greedy,arms_visited,5.666666666666667,1.0,14.0,3,0
pilot,prior,15,20,greedy,best_arm_fraction,0.08333333333333333,0.0,0.25,3,0
pilot,prior,15,20,greedy,suffix_failure,0.6666666666666666,0.0,1.0,3,0
pilot,prior,15,20,ids,pseudo_regret,2.833934240904941,0.7254657416236623,3.993023062319123,3,0
pilot,prior,15,20,ids,reward,17.0,15.0,19.0,3,0
pilot,prior,15,20,ids,posterior_mean_greedy,0.9833333333333334,0.9499999999999998,1.0,3,0
pilot,prior,15,20,ids,unseen_fraction,0.18333333333333335,0.10000000000000002,0.3,3,0
pilot,prior,15,20,ids,switches,2.6666666666666665,1.0,5.0,3,0
pilot,prior,15,20,ids,arms_visited,3.6666666666666665,2.0,6.0,3,0
pilot,prior,15,20,ids,best_arm_fraction,0.5666666666666667,0.0,0.9499999999999998,3,0
pilot,prior,15,20,ids,suffix_failure,0.3333333333333333,0.0,1.0,3,0
pilot,prior,15,20,knowledge_gradient,pseudo_regret,3.549071942577978,0.7836992778869597,8.294289472457468,3,0
pilot,prior,15,20,knowledge_gradient,reward,16.0,10.0,19.0,3,0
pilot,prior,15,20,knowledge_gradient,posterior_mean_greedy,0.9333333333333332,0.8000000000000002,1.0,3,0
pilot,prior,15,20,knowledge_gradient,unseen_fraction,0.21666666666666667,0.10000000000000002,0.45,3,0
pilot,prior,15,20,knowledge_gradient,switches,3.3333333333333335,1.0,8.0,3,0
pilot,prior,15,20,knowledge_gradient,arms_visited,4.333333333333333,2.0,9.0,3,0
pilot,prior,15,20,knowledge_gradient,best_arm_fraction,0.31666666666666665,0.0,0.9499999999999998,3,0
pilot,prior,15,20,knowledge_gradient,suffix_failure,0.6666666666666666,0.0,1.0,3,0
pilot,prior,15,20,random,pseudo_regret,10.416803223334883,8.112569125108145,12.353559315609845,3,0
pilot,prior,15,20,random,reward,8.666666666666666,3.0,14.0,3,0
pilot,prior,15,20,random,posterior_mean_greedy,0.2833333333333333,0.15,0.3499999999999999,3,0
pilot,prior,15,20,random,unseen_fraction,0.5833333333333334,0.55,0.6,3,0
pilot,prior,15,20,random,switches,16.666666666666668,15.0,18.0,3,0
pilot,prior,15,20,random,arms_visited,11.666666666666666,11.0,12.0,3,0
pilot,prior,15,20,random,best_arm_fraction,0.05000000000000001,0.0,0.10000000000000002,3,0
pilot,prior,15,20,random,suffix_failure,0.3333333333333333,0.0,1.0,3,0
pilot,prior,15,20,ts,pseudo_regret,7.613251269312809,4.999047309000075,11.829013880413067,3,0
pilot,prior,15,20,ts,reward,10.666666666666666,5.0,14.0,3,0
pilot,prior,15,20,ts,posterior_mean_greedy,0.4666666666666666,0.3499999999999999,0.6,3,0
pilot,prior,15,20,ts,unseen_fraction,0.5,0.4000000000000001,0.65,3,0
pilot,prior,15,20,ts,switches,15.0,13.0,18.0,3,0
pilot,prior,15,20,ts,arms_visited,10.0,8.0,13.0,3,0
pilot,prior,15,20,ts,best_arm_fraction,0.25,0.10000000000000002,0.4000000000000001,3,0
pilot,prior,15,20,ts,suffix_failure,0.0,0.0,0.0,3,0
pilot,prior,15,20,ucb1,pseudo_regret,9.242657816830027,6.220501869172915,11.6917212761873,3,0
pilot,prior,15,20,ucb1,reward,9.333333333333334,5.0,15.0,3,0
pilot,prior,15,20,ucb1,posterior_mean_greedy,0.19999999999999998,0.10000000000000002,0.3,3,0
pilot,prior,15,20,ucb1,unseen_fraction,0.75,0.75,0.75,3,0
pilot,prior,15,20,ucb1,switches,19.0,19.0,19.0,3,0
pilot,prior,15,20,ucb1,arms_visited,15.0,15.0,15.0,3,0
pilot,prior,15,20,ucb1,best_arm_fraction,0.11666666666666665,0.10000000000000002,0.15,3,0
pilot,prior,15,20,ucb1,suffix_failure,0.0,0.0,0.0,3,0
