experiment,comparison_role,family,k,horizon,left,right,metric,mean_difference,ci_low,ci_high,n_pairs,n_left,n_right,unit
e3_exact_online,secondary_baseline,prior,2,20,bayes_direct,bayes_ucb,pseudo_regret,0.03284191158427396,-0.10198057809520655,0.17940777235674338,200,200,200,episode
e3_exact_online,secondary_baseline,prior,2,20,bayes_direct,bayes_ucb,reward,0.005,-0.17,0.17,200,200,200,episode
e3_exact_online,secondary_baseline,prior,2,20,bayes_direct,bayes_ucb,exact_loss,0.006853745414746941,-0.014267516849966024,0.028659699673416805,200,200,200,episode
e3_exact_online,primary_assistance,prior,2,20,bayes_direct,counts_direct,pseudo_regret,-0.05027002130087478,-0.17943652099857402,0.06414517682147819,200,200,200,episode
e3_exact_online,primary_assistance,prior,2,20,bayes_direct,counts_direct,reward,0.11,-0.02,0.255,200,200,200,episode
e3_exact_online,primary_assistance,prior,2,20,bayes_direct,counts_direct,exact_loss,-0.1202830658122067,-0.15974375889146136,-0.08367894947690639,200,200,200,episode
e3_exact_online,planned_comparison,prior,2,20,bayes_direct,exact,pseudo_regret,0.06515275218595563,-0.05471369749558958,0.19372476480499407,200,200,200,episode
e3_exact_online,planned_comparison,prior,2,20,bayes_direct,exact,reward,-0.07,-0.235,0.09,200,200,200,episode
e3_exact_online,planned_comparison,prior,2,20,bayes_direct,exact,exact_loss,0.06488700468448272,0.04670012827320292,0.0855221932911964,200,200,200,episode
e3_exact_online,secondary_baseline,prior,2,20,bayes_direct,finite_ap_index,pseudo_regret,0.07317313616752222,-0.050464399913288896,0.20715786359375574,200,200,200,episode
e3_exact_online,secondary_baseline,prior,2,20,bayes_direct,finite_ap_index,reward,-0.05,-0.22,0.11,200,200,200,episode
e3_exact_online,secondary_baseline,prior,2,20,bayes_direct,finite_ap_index,exact_loss,0.06324370235071367,0.04459146672398542,0.08374639639318292,200,200,200,episode
e3_exact_online,secondary_baseline,prior,2,20,bayes_direct,greedy,pseudo_regret,0.16645909203266832,0.031032373676792006,0.31217241035540444,200,200,200,episode
e3_exact_online,secondary_baseline,prior,2,20,bayes_direct,greedy,reward,-0.125,-0.285,0.03,200,200,200,episode
e3_exact_online,secondary_baseline,prior,2,20,bayes_direct,greedy,exact_loss,0.0025378107088263203,-0.018952127120695692,0.02405616353325451,200,200,200,episode
e3_exact_online,secondary_baseline,prior,2,20,bayes_direct,ids,pseudo_regret,0.041589601827525725,-0.06738582134198286,0.15818130484847454,200,200,200,episode
e3_exact_online,secondary_baseline,prior,2,20,bayes_direct,ids,reward,-0.035,-0.185,0.11,200,200,200,episode
e3_exact_online,secondary_baseline,prior,2,20,bayes_direct,ids,exact_loss,0.028736299268914273,0.009996663230717564,0.04841100614524456,200,200,200,episode
e3_exact_online,secondary_baseline,prior,2,20,bayes_direct,knowledge_gradient,pseudo_regret,-0.0010181839348273015,-0.12920288025745863,0.13193021762370108,200,200,200,episode
e3_exact_online,secondary_baseline,prior,2,20,bayes_direct,knowledge_gradient,reward,0.03,-0.155,0.21,200,200,200,episode
e3_exact_online,secondary_baseline,prior,2,20,bayes_direct,knowledge_gradient,exact_loss,0.03328841378536038,0.012242654339325861,0.05699891016125407,200,200,200,episode
e3_exact_online,primary_vs_ts,prior,2,20,bayes_direct,ts,pseudo_regret,-0.5114066038270029,-0.6538885687219083,-0.365499183980444,200,200,200,episode
e3_exact_online,primary_vs_ts,prior,2,20,bayes_direct,ts,reward,0.625,0.4,0.84,200,200,200,episode
e3_exact_online,primary_vs_ts,prior,2,20,bayes_direct,ts,exact_loss,-0.43762775406430604,-0.486159822885651,-0.38929545914660946,200,200,200,episode
e3_exact_online,secondary_baseline,prior,2,20,bayes_direct,ucb1,pseudo_regret,-0.8988740988678791,-1.0885549438408795,-0.7053926756503083,200,200,200,episode
e3_exact_online,secondary_baseline,prior,2,20,bayes_direct,ucb1,reward,0.975,0.714875,1.215,200,200,200,episode
e3_exact_online,secondary_baseline,prior,2,20,bayes_direct,ucb1,exact_loss,-0.8676410600763441,-0.9402499875053065,-0.7961165263381107,200,200,200,episode
e3_exact_online,planned_comparison,prior,2,20,bayes_sample,bayes_direct,pseudo_regret,0.39986639219476294,0.2759682815848337,0.5219057793223387,200,200,200,episode
e3_exact_online,planned_comparison,prior,2,20,bayes_sample,bayes_direct,reward,-0.56,-0.725,-0.39,200,200,200,episode
e3_exact_online,planned_comparison,prior,2,20,bayes_sample,bayes_direct,exact_loss,0.350326624264593,0.29541207049959767,0.4084389910840468,200,200,200,episode
e3_exact_online,secondary_baseline,prior,2,20,bayes_sample,bayes_ucb,pseudo_regret,0.4327083037790369,0.3065907956056797,0.5605654302506371,200,200,200,episode
e3_exact_online,secondary_baseline,prior,2,20,bayes_sample,bayes_ucb,reward,-0.555,-0.72,-0.39,200,200,200,episode
e3_exact_online,secondary_baseline,prior,2,20,bayes_sample,bayes_ucb,exact_loss,0.3571803696793399,0.30639239192071427,0.411087174528709,200,200,200,episode
e3_exact_online,planned_comparison,prior,2,20,bayes_sample,exact,pseudo_regret,0.4650191443807186,0.34905677416123004,0.5828100830926068,200,200,200,episode
e3_exact_online,planned_comparison,prior,2,20,bayes_sample,exact,reward,-0.63,-0.795,-0.47,200,200,200,episode
e3_exact_online,planned_comparison,prior,2,20,bayes_sample,exact,exact_loss,0.4152136289490757,0.3645006451720885,0.46813799891845587,200,200,200,episode
e3_exact_online,secondary_baseline,prior,2,20,bayes_sample,finite_ap_index,pseudo_regret,0.4730395283622852,0.3586122147333383,0.5895950044373163,200,200,200,episode
e3_exact_online,secondary_baseline,prior,2,20,bayes_sample,finite_ap_index,reward,-0.61,-0.775,-0.445,200,200,200,episode
e3_exact_online,secondary_baseline,prior,2,20,bayes_sample,finite_ap_index,exact_loss,0.41357032661530657,0.3641648079321605,0.4675810338586298,200,200,200,episode
e3_exact_online,secondary_baseline,prior,2,20,bayes_sample,greedy,pseudo_regret,0.5663254842274312,0.4293212930704829,0.7109792031757236,200,200,200,episode
e3_exact_online,secondary_baseline,prior,2,20,bayes_sample,greedy,reward,-0.685,-0.865,-0.51,200,200,200,episode
e3_exact_online,secondary_baseline,prior,2,20,bayes_sample,greedy,exact_loss,0.3528644349734192,0.29964875029315163,0.4088324693817397,200,200,200,episode
e3_exact_online,secondary_baseline,prior,2,20,bayes_sample,ids,pseudo_regret,0.4414559940222887,0.3329309428980307,0.5528772925244907,200,200,200,episode
e3_exact_online,secondary_baseline,prior,2,20,bayes_sample,ids,reward,-0.595,-0.75,-0.445,200,200,200,episode
e3_exact_online,secondary_baseline,prior,2,20,bayes_sample,ids,exact_loss,0.37906292353350723,0.32826156814425705,0.43336941449732924,200,200,200,episode
e3_exact_online,secondary_baseline,prior,2,20,bayes_sample,knowledge_gradient,pseudo_regret,0.3988482082599357,0.2817753237829652,0.5146104534654683,200,200,200,episode
e3_exact_online,secondary_baseline,prior,2,20,bayes_sample,knowledge_gradient,reward,-0.53,-0.705,-0.36,200,200,200,episode
e3_exact_online,secondary_baseline,prior,2,20,bayes_sample,knowledge_gradient,exact_loss,0.3836150380499534,0.32966287746455075,0.439411873561623,200,200,200,episode
e3_exact_online,planned_comparison,prior,2,20,bayes_sample,ts,pseudo_regret,-0.11154021163223993,-0.22106750731908525,-0.005066960070276123,200,200,200,episode
e3_exact_online,planned_comparison,prior,2,20,bayes_sample,ts,reward,0.065,-0.105,0.235,200,200,200,episode
e3_exact_online,planned_comparison,prior,2,20,bayes_sample,ts,exact_loss,-0.08730112979971309,-0.14859374964270328,-0.023510329051795852,200,200,200,episode
e3_exact_online,secondary_baseline,prior,2,20,bayes_sample,ucb1,pseudo_regret,-0.49900770667311606,-0.6409355060877435,-0.35704422579567485,200,200,200,episode
e3_exact_online,secondary_baseline,prior,2,20,bayes_sample,ucb1,reward,0.415,0.22,0.605,200,200,200,episode
e3_exact_online,secondary_baseline,prior,2,20,bayes_sample,ucb1,exact_loss,-0.5173144358117512,-0.5926752902905033,-0.4439931919259964,200,200,200,episode
e3_exact_online,secondary_baseline,prior,2,20,counts_direct,bayes_ucb,pseudo_regret,0.08311193288514876,-0.0984725185164592,0.28137720328059546,200,200,200,episode
e3_exact_online,secondary_baseline,prior,2,20,counts_direct,bayes_ucb,reward,-0.105,-0.34,0.115,200,200,200,episode
e3_exact_online,secondary_baseline,prior,2,20,counts_direct,bayes_ucb,exact_loss,0.12713681122695367,0.08472117742114604,0.17137237655126372,200,200,200,episode
e3_exact_online,planned_comparison,prior,2,20,counts_direct,exact,pseudo_regret,0.11542277348683044,-0.061091744239357856,0.3104524079318417,200,200,200,episode
e3_exact_online,planned_comparison,prior,2,20,counts_direct,exact,reward,-0.18,-0.42,0.045,200,200,200,episode
e3_exact_online,planned_comparison,prior,2,20,counts_direct,exact,exact_loss,0.18517007049668943,0.1405135092101882,0.23216467441812935,200,200,200,episode
e3_exact_online,secondary_baseline,prior,2,20,counts_direct,finite_ap_index,pseudo_regret,0.12344315746839701,-0.057752216572177446,0.32716583324526316,200,200,200,episode
e3_exact_online,secondary_baseline,prior,2,20,counts_direct,finite_ap_index,reward,-0.16,-0.4001249999999999,0.065,200,200,200,episode
e3_exact_online,secondary_baseline,prior,2,20,counts_direct,finite_ap_index,exact_loss,0.18352676816292038,0.13969547129591411,0.23088560695317853,200,200,200,episode
e3_exact_online,secondary_baseline,prior,2,20,counts_direct,greedy,pseudo_regret,0.2167291133335431,0.03131008872043495,0.416366015060465,200,200,200,episode
e3_exact_online,secondary_baseline,prior,2,20,counts_direct,greedy,reward,-0.235,-0.455,-0.03,200,200,200,episode
e3_exact_online,secondary_baseline,prior,2,20,counts_direct,greedy,exact_loss,0.12282087652103303,0.0795089433009576,0.16950770056383188,200,200,200,episode
e3_exact_online,secondary_baseline,prior,2,20,counts_direct,ids,pseudo_regret,0.09185962312840051,-0.0640256096791194,0.27008270954227676,200,200,200,episode
e3_exact_online,secondary_baseline,prior,2,20,counts_direct,ids,reward,-0.145,-0.36512499999999987,0.06,200,200,200,episode
e3_exact_online,secondary_baseline,prior,2,20,counts_direct,ids,exact_loss,0.149019365081121,0.10736801070515066,0.19310741470727769,200,200,200,episode
e3_exact_online,secondary_baseline,prior,2,20,counts_direct,knowledge_gradient,pseudo_regret,0.049251837366047484,-0.12960743408825195,0.24455515652954593,200,200,200,episode
e3_exact_online,secondary_baseline,prior,2,20,counts_direct,knowledge_gradient,reward,-0.08,-0.325,0.15,200,200,200,episode
e3_exact_online,secondary_baseline,prior,2,20,counts_direct,knowledge_gradient,exact_loss,0.1535714795975671,0.10740928742350749,0.20345554294287896,200,200,200,episode
e3_exact_online,primary_vs_ts,prior,2,20,counts_direct,ts,pseudo_regret,-0.46113658252612816,-0.6449123055016989,-0.259848033158289,200,200,200,episode
e3_exact_online,primary_vs_ts,prior,2,20,counts_direct,ts,reward,0.515,0.23,0.775,200,200,200,episode
e3_exact_online,primary_vs_ts,prior,2,20,counts_direct,ts,exact_loss,-0.3173446882520993,-0.37756197288845667,-0.2567981398048118,200,200,200,episode
e3_exact_online,secondary_baseline,prior,2,20,counts_direct,ucb1,pseudo_regret,-0.8486040775670043,-1.0731621368764235,-0.6151703391309082,200,200,200,episode
e3_exact_online,secondary_baseline,prior,2,20,counts_direct,ucb1,reward,0.865,0.57,1.15,200,200,200,episode
e3_exact_online,secondary_baseline,prior,2,20,counts_direct,ucb1,exact_loss,-0.7473579942641375,-0.8246172930352039,-0.6693826121681892,200,200,200,episode
e3_exact_online,secondary_baseline,prior,2,20,counts_sample,bayes_ucb,pseudo_regret,0.4578357374732713,0.30970051197749576,0.6033632943640415,200,200,200,episode
e3_exact_online,secondary_baseline,prior,2,20,counts_sample,bayes_ucb,reward,-0.49,-0.685,-0.295,200,200,200,episode
e3_exact_online,secondary_baseline,prior,2,20,counts_sample,bayes_ucb,exact_loss,0.43099126650702635,0.36944543440031424,0.49445312365159066,200,200,200,episode
e3_exact_online,planned_comparison,prior,2,20,counts_sample,counts_direct,pseudo_regret,0.3747238045881224,0.2063951414571458,0.5350462992854429,200,200,200,episode
e3_exact_online,planned_comparison,prior,2,20,counts_sample,counts_direct,reward,-0.385,-0.61,-0.145,200,200,200,episode
e3_exact_online,planned_comparison,prior,2,20,counts_sample,counts_direct,exact_loss,0.30385445528007277,0.2286688452654259,0.37898345414408885,200,200,200,episode
e3_exact_online,planned_comparison,prior,2,20,counts_sample,exact,pseudo_regret,0.4901465780749528,0.35475381469240913,0.6351131024822927,200,200,200,episode
e3_exact_online,planned_comparison,prior,2,20,counts_sample,exact,reward,-0.565,-0.76,-0.375,200,200,200,episode
e3_exact_online,planned_comparison,prior,2,20,counts_sample,exact,exact_loss,0.48902452577676214,0.4274456683995427,0.5503402762476725,200,200,200,episode
e3_exact_online,secondary_baseline,prior,2,20,counts_sample,finite_ap_index,pseudo_regret,0.4981669620565195,0.3563605810316374,0.6407432907121443,200,200,200,episode
e3_exact_online,secondary_baseline,prior,2,20,counts_sample,finite_ap_index,reward,-0.545,-0.745,-0.35,200,200,200,episode
e3_exact_online,secondary_baseline,prior,2,20,counts_sample,finite_ap_index,exact_loss,0.4873812234429931,0.4271826195318823,0.5498813625649295,200,200,200,episode
e3_exact_online,secondary_baseline,prior,2,20,counts_sample,greedy,pseudo_regret,0.5914529179216657,0.4322470488504748,0.7556011795868679,200,200,200,episode
e3_exact_online,secondary_baseline,prior,2,20,counts_sample,greedy,reward,-0.62,-0.84,-0.41,200,200,200,episode
e3_exact_online,secondary_baseline,prior,2,20,counts_sample,greedy,exact_loss,0.42667533180110573,0.3625249783216113,0.49201993875725486,200,200,200,episode
e3_exact_online,secondary_baseline,prior,2,20,counts_sample,ids,pseudo_regret,0.466583427716523,0.3336726660745204,0.6051074466081681,200,200,200,episode
e3_exact_online,secondary_baseline,prior,2,20,counts_sample,ids,reward,-0.53,-0.725,-0.34,200,200,200,episode
e3_exact_online,secondary_baseline,prior,2,20,counts_sample,ids,exact_loss,0.45287382036119367,0.3915503786271715,0.5169228884988728,200,200,200,episode
e3_exact_online,secondary_baseline,prior,2,20,counts_sample,knowledge_gradient,pseudo_regret,0.4239756419541699,0.2831253226815413,0.5700421215724607,200,200,200,episode
e3_exact_online,secondary_baseline,prior,2,20,counts_sample,knowledge_gradient,reward,-0.465,-0.67,-0.265,200,200,200,episode
e3_exact_online,secondary_baseline,prior,2,20,counts_sample,knowledge_gradient,exact_loss,0.45742593487763983,0.39489516548305076,0.5223206019698408,200,200,200,episode
e3_exact_online,planned_comparison,prior,2,20,counts_sample,ts,pseudo_regret,-0.08641277793800566,-0.2266292339949359,0.058328131357756045,200,200,200,episode
e3_exact_online,planned_comparison,prior,2,20,counts_sample,ts,reward,0.13,-0.07,0.33,200,200,200,episode
e3_exact_online,planned_comparison,prior,2,20,counts_sample,ts,exact_loss,-0.013490232972026617,-0.08800967927265263,0.0653539224295093,200,200,200,episode
e3_exact_online,secondary_baseline,prior,2,20,counts_sample,ucb1,pseudo_regret,-0.4738802729788818,-0.6250421803192401,-0.32266872833328186,200,200,200,episode
e3_exact_online,secondary_baseline,prior,2,20,counts_sample,ucb1,reward,0.48,0.27,0.68,200,200,200,episode
e3_exact_online,secondary_baseline,prior,2,20,counts_sample,ucb1,exact_loss,-0.4435035389840647,-0.5210748688696873,-0.36620094494740923,200,200,200,episode
e3_exact_online,secondary_baseline,prior,2,20,dp_direct,bayes_ucb,pseudo_regret,-0.019722636497887712,-0.12498868452396916,0.09173219608798226,200,200,200,episode
e3_exact_online,secondary_baseline,prior,2,20,dp_direct,bayes_ucb,reward,0.05,-0.075,0.17,200,200,200,episode
e3_exact_online,secondary_baseline,prior,2,20,dp_direct,bayes_ucb,exact_loss,-0.058033259269735786,-0.07039503969991061,-0.046022701857761125,200,200,200,episode
e3_exact_online,planned_comparison,prior,2,20,dp_direct,exact,pseudo_regret,0.012588204103793963,-0.060324314203777124,0.09254464241233892,200,200,200,episode
e3_exact_online,planned_comparison,prior,2,20,dp_direct,exact,reward,-0.025,-0.115,0.065,200,200,200,episode
e3_exact_online,planned_comparison,prior,2,20,dp_direct,exact,exact_loss,0.0,0.0,0.0,200,200,200,episode
e3_exact_online,secondary_baseline,prior,2,20,dp_direct,finite_ap_index,pseudo_regret,0.02060858808536054,-0.059715636272943934,0.10088641252544213,200,200,200,episode
e3_exact_online,secondary_baseline,prior,2,20,dp_direct,finite_ap_index,reward,-0.005,-0.105,0.105,200,200,200,episode
e3_exact_online,secondary_baseline,prior,2,20,dp_direct,finite_ap_index,exact_loss,-0.00164330233376905,-0.002277138167456747,-0.00108830803093804,200,200,200,episode
e3_exact_online,secondary_baseline,prior,2,20,dp_direct,greedy,pseudo_regret,0.11389454395050666,0.002319648501970715,0.2380403877297615,200,200,200,episode
e3_exact_online,secondary_baseline,prior,2,20,dp_direct,greedy,reward,-0.08,-0.21,0.055,200,200,200,episode
e3_exact_online,secondary_baseline,prior,2,20,dp_direct,greedy,exact_loss,-0.06234919397565641,-0.08169109924735594,-0.04526002149485921,200,200,200,episode
e3_exact_online,secondary_baseline,prior,2,20,dp_direct,ids,pseudo_regret,-0.010974946254635944,-0.0728028058210805,0.05060046324018675,200,200,200,episode
e3_exact_online,secondary_baseline,prior,2,20,dp_direct,ids,reward,0.01,-0.085,0.105,200,200,200,episode
e3_exact_online,secondary_baseline,prior,2,20,dp_direct,ids,exact_loss,-0.036150705415568446,-0.04647779399961043,-0.026876380636625858,200,200,200,episode
e3_exact_online,secondary_baseline,prior,2,20,dp_direct,knowledge_gradient,pseudo_regret,-0.053582732016989,-0.13993558745502246,0.0318429459985734,200,200,200,episode
e3_exact_online,secondary_baseline,prior,2,20,dp_direct,knowledge_gradient,reward,0.075,-0.045,0.2,200,200,200,episode
e3_exact_online,secondary_baseline,prior,2,20,dp_direct,knowledge_gradient,exact_loss,-0.03159859089912234,-0.0405160526453809,-0.023419264587741895,200,200,200,episode
e3_exact_online,planned_comparison,prior,2,20,dp_direct,ts,pseudo_regret,-0.5639711519091645,-0.676776906639402,-0.452931535347955,200,200,200,episode
e3_exact_online,planned_comparison,prior,2,20,dp_direct,ts,reward,0.67,0.49,0.845,200,200,200,episode
e3_exact_online,planned_comparison,prior,2,20,dp_direct,ts,exact_loss,-0.5025147587487888,-0.5477867549186548,-0.4592432779145652,200,200,200,episode
e3_exact_online,secondary_baseline,prior,2,20,dp_direct,ucb1,pseudo_regret,-0.9514386469500407,-1.1144814400124723,-0.7826216269499915,200,200,200,episode
e3_exact_online,secondary_baseline,prior,2,20,dp_direct,ucb1,reward,1.02,0.795,1.235,200,200,200,episode
e3_exact_online,secondary_baseline,prior,2,20,dp_direct,ucb1,exact_loss,-0.9325280647608268,-0.9997363874208717,-0.8646476589940851,200,200,200,episode
e4_scaling,secondary_baseline,clear,2,100,bayes_direct,bayes_ucb,pseudo_regret,1.3800000000000001,-0.85,4.349999999999999,40,40,40,episode
e4_scaling,secondary_baseline,clear,3,100,bayes_direct,bayes_ucb,pseudo_regret,1.7899999999999991,-1.35,5.480249999999995,40,40,40,episode
e4_scaling,secondary_baseline,clear,5,100,bayes_direct,bayes_ucb,pseudo_regret,7.469999999999999,2.27925,12.759999999999998,40,40,40,episode
e4_scaling,secondary_baseline,clear,10,100,bayes_direct,bayes_ucb,pseudo_regret,3.689999999999999,-1.8199999999999996,8.979999999999999,40,40,40,episode
e4_scaling,secondary_baseline,clear,15,100,bayes_direct,bayes_ucb,pseudo_regret,-0.9799999999999998,-5.669999999999999,3.569999999999999,40,40,40,episode
e4_scaling,secondary_baseline,close,2,100,bayes_direct,bayes_ucb,pseudo_regret,0.2712500000000003,-0.3000000000000002,0.8637812500000004,40,40,40,episode
e4_scaling,secondary_baseline,close,3,100,bayes_direct,bayes_ucb,pseudo_regret,0.6125000000000006,-0.00503124999999992,1.2062500000000012,40,40,40,episode
e4_scaling,secondary_baseline,close,5,100,bayes_direct,bayes_ucb,pseudo_regret,-0.15750000000000006,-0.7737500000000006,0.4562812500000001,40,40,40,episode
e4_scaling,secondary_baseline,close,10,100,bayes_direct,bayes_ucb,pseudo_regret,0.15125000000000016,-0.3600312500000003,0.5875312500000002,40,40,40,episode
e4_scaling,secondary_baseline,close,15,100,bayes_direct,bayes_ucb,pseudo_regret,0.12500000000000028,-0.2325625,0.4037500000000005,40,40,40,episode
e4_scaling,secondary_baseline,prior,2,100,bayes_direct,bayes_ucb,pseudo_regret,0.6665612064547708,-0.47331977746999265,1.9587969543510657,40,40,40,episode
e4_scaling,secondary_baseline,prior,3,100,bayes_direct,bayes_ucb,pseudo_regret,1.293479748351195,-0.7792647400287273,3.8764219632121777,40,40,40,episode
e4_scaling,secondary_baseline,prior,5,100,bayes_direct,bayes_ucb,pseudo_regret,5.998467076306771,0.7353316229532598,11.839756037626342,40,40,40,episode
e4_scaling,secondary_baseline,prior,10,100,bayes_direct,bayes_ucb,pseudo_regret,6.504239146198029,0.7407899111320602,12.567510875709832,40,40,40,episode
e4_scaling,secondary_baseline,prior,15,100,bayes_direct,bayes_ucb,pseudo_regret,8.12629820887567,3.4134726555596377,12.982990917703171,40,40,40,episode
e4_scaling,secondary_baseline,clear,2,100,bayes_direct,bayes_ucb,reward,-1.475,-4.575,0.975,40,40,40,episode
e4_scaling,secondary_baseline,clear,3,100,bayes_direct,bayes_ucb,reward,-1.65,-5.475624999999999,1.55,40,40,40,episode
e4_scaling,secondary_baseline,clear,5,100,bayes_direct,bayes_ucb,reward,-8.15,-13.3,-3.025,40,40,40,episode
e4_scaling,secondary_baseline,clear,10,100,bayes_direct,bayes_ucb,reward,-3.95,-9.375,1.475624999999991,40,40,40,episode
e4_scaling,secondary_baseline,clear,15,100,bayes_direct,bayes_ucb,reward,0.875,-4.1,5.85062499999999,40,40,40,episode
e4_scaling,secondary_baseline,close,2,100,bayes_direct,bayes_ucb,reward,0.25,-0.925,1.325,40,40,40,episode
e4_scaling,secondary_baseline,close,3,100,bayes_direct,bayes_ucb,reward,0.375,-1.375,2.075,40,40,40,episode
e4_scaling,secondary_baseline,close,5,100,bayes_direct,bayes_ucb,reward,0.95,-1.175,3.05,40,40,40,episode
e4_scaling,secondary_baseline,close,10,100,bayes_direct,bayes_ucb,reward,0.0,-2.175,2.075,40,40,40,episode
e4_scaling,secondary_baseline,close,15,100,bayes_direct,bayes_ucb,reward,-1.425,-3.675,0.8,40,40,40,episode
e4_scaling,secondary_baseline,prior,2,100,bayes_direct,bayes_ucb,reward,-1.15,-2.75,0.25,40,40,40,episode
e4_scaling,secondary_baseline,prior,3,100,bayes_direct,bayes_ucb,reward,-0.625,-3.025,1.275,40,40,40,episode
e4_scaling,secondary_baseline,prior,5,100,bayes_direct,bayes_ucb,reward,-5.925,-11.525,-0.85,40,40,40,episode
e4_scaling,secondary_baseline,prior,10,100,bayes_direct,bayes_ucb,reward,-7.025,-12.825,-1.475,40,40,40,episode
e4_scaling,secondary_baseline,prior,15,100,bayes_direct,bayes_ucb,reward,-7.425,-12.475,-2.725,40,40,40,episode
e4_scaling,primary_assistance,clear,2,100,bayes_direct,counts_direct,pseudo_regret,0.79,-0.7799999999999999,2.8699999999999997,40,40,40,episode
e4_scaling,primary_assistance,clear,3,100,bayes_direct,counts_direct,pseudo_regret,-6.12,-10.6,-2.000000000000001,40,40,40,episode
e4_scaling,primary_assistance,clear,5,100,bayes_direct,counts_direct,pseudo_regret,-8.57,-13.00025,-4.389750000000004,40,40,40,episode
e4_scaling,primary_assistance,clear,10,100,bayes_direct,counts_direct,pseudo_regret,-7.730000000000001,-12.180500000000002,-3.6700000000000017,40,40,40,episode
e4_scaling,primary_assistance,clear,15,100,bayes_direct,counts_direct,pseudo_regret,-9.15,-13.680000000000001,-4.9300000000000015,40,40,40,episode
e4_scaling,primary_assistance,close,2,100,bayes_direct,counts_direct,pseudo_regret,-0.07125000000000008,-0.41500000000000037,0.2587500000000002,40,40,40,episode
e4_scaling,primary_assistance,close,3,100,bayes_direct,counts_direct,pseudo_regret,0.35375000000000034,-0.0037812499999999903,0.8262500000000006,40,40,40,episode
e4_scaling,primary_assistance,close,5,100,bayes_direct,counts_direct,pseudo_regret,-0.2300000000000002,-0.5787812500000005,-0.002499999999999991,40,40,40,episode
e4_scaling,primary_assistance,close,10,100,bayes_direct,counts_direct,pseudo_regret,-0.0125,-0.35750000000000026,0.3337500000000003,40,40,40,episode
e4_scaling,primary_assistance,close,15,100,bayes_direct,counts_direct,pseudo_regret,-0.08750000000000006,-0.2587500000000002,0.0,40,40,40,episode
e4_scaling,primary_assistance,prior,2,100,bayes_direct,counts_direct,pseudo_regret,-0.4535652696631705,-1.8762940037543614,0.5821602936910337,40,40,40,episode
e4_scaling,primary_assistance,prior,3,100,bayes_direct,counts_direct,pseudo_regret,0.6985917174893727,-0.14273521852589285,1.7938652543500764,40,40,40,episode
e4_scaling,primary_assistance,prior,5,100,bayes_direct,counts_direct,pseudo_regret,-1.7296413527310885,-3.9489615846446258,-0.016120444078246185,40,40,40,episode
e4_scaling,primary_assistance,prior,10,100,bayes_direct,counts_direct,pseudo_regret,-4.968736938274673,-9.120362649773027,-1.4471614323795399,40,40,40,episode
e4_scaling,primary_assistance,prior,15,100,bayes_direct,counts_direct,pseudo_regret,-2.155814843204072,-4.982043389270847,0.07267668389007166,40,40,40,episode
e4_scaling,primary_assistance,clear,2,100,bayes_direct,counts_direct,reward,-1.15,-3.475,0.45,40,40,40,episode
e4_scaling,primary_assistance,clear,3,100,bayes_direct,counts_direct,reward,5.95,2.15,10.175,40,40,40,episode
e4_scaling,primary_assistance,clear,5,100,bayes_direct,counts_direct,reward,8.1,4.2,12.3,40,40,40,episode
e4_scaling,primary_assistance,clear,10,100,bayes_direct,counts_direct,reward,8.2,3.9,13.075,40,40,40,episode
e4_scaling,primary_assistance,clear,15,100,bayes_direct,counts_direct,reward,9.425,5.024375000000001,14.00062499999999,40,40,40,episode
e4_scaling,primary_assistance,close,2,100,bayes_direct,counts_direct,reward,0.475,-0.1,1.25,40,40,40,episode
e4_scaling,primary_assistance,close,3,100,bayes_direct,counts_direct,reward,0.3,-0.5,1.05,40,40,40,episode
e4_scaling,primary_assistance,close,5,100,bayes_direct,counts_direct,reward,-0.175,-1.0,0.5756249999999908,40,40,40,episode
e4_scaling,primary_assistance,close,10,100,bayes_direct,counts_direct,reward,-0.55,-1.85,0.675,40,40,40,episode
e4_scaling,primary_assistance,close,15,100,bayes_direct,counts_direct,reward,0.275,-0.75,1.325,40,40,40,episode
e4_scaling,primary_assistance,prior,2,100,bayes_direct,counts_direct,reward,-0.275,-1.6,0.95,40,40,40,episode
e4_scaling,primary_assistance,prior,3,100,bayes_direct,counts_direct,reward,0.025,-1.175,1.15,40,40,40,episode
e4_scaling,primary_assistance,prior,5,100,bayes_direct,counts_direct,reward,1.85,0.0,4.25,40,40,40,episode
e4_scaling,primary_assistance,prior,10,100,bayes_direct,counts_direct,reward,4.575,1.2,8.575,40,40,40,episode
e4_scaling,primary_assistance,prior,15,100,bayes_direct,counts_direct,reward,2.725,0.225,5.95,40,40,40,episode
e4_scaling,secondary_baseline,clear,2,100,bayes_direct,finite_ap_index,pseudo_regret,2.19,-0.050000000000000065,5.169999999999999,40,40,40,episode
e4_scaling,secondary_baseline,clear,3,100,bayes_direct,finite_ap_index,pseudo_regret,3.1699999999999995,0.06974999999999999,6.879999999999998,40,40,40,episode
e4_scaling,secondary_baseline,clear,5,100,bayes_direct,finite_ap_index,pseudo_regret,10.139999999999997,5.049999999999999,15.449999999999998,40,40,40,episode
e4_scaling,secondary_baseline,clear,10,100,bayes_direct,finite_ap_index,pseudo_regret,9.25,4.2,14.220249999999995,40,40,40,episode
e4_scaling,secondary_baseline,clear,15,100,bayes_direct,finite_ap_index,pseudo_regret,4.859999999999999,0.6500000000000004,9.129999999999999,40,40,40,episode
e4_scaling,secondary_baseline,close,2,100,bayes_direct,finite_ap_index,pseudo_regret,0.14250000000000024,-0.34131250000000024,0.6512500000000007,40,40,40,episode
e4_scaling,secondary_baseline,close,3,100,bayes_direct,finite_ap_index,pseudo_regret,0.47625000000000056,-0.1012812500000001,1.070000000000001,40,40,40,episode
e4_scaling,secondary_baseline,close,5,100,bayes_direct,finite_ap_index,pseudo_regret,-0.12625000000000003,-0.6450312500000006,0.37500000000000044,40,40,40,episode
e4_scaling,secondary_baseline,close,10,100,bayes_direct,finite_ap_index,pseudo_regret,0.2612500000000003,-0.25375000000000003,0.7062812500000003,40,40,40,episode
e4_scaling,secondary_baseline,close,15,100,bayes_direct,finite_ap_index,pseudo_regret,0.2200000000000002,-0.16250000000000014,0.5725000000000005,40,40,40,episode
e4_scaling,secondary_baseline,prior,2,100,bayes_direct,finite_ap_index,pseudo_regret,0.708876946999811,-0.2863584531087809,1.897135350517533,40,40,40,episode
e4_scaling,secondary_baseline,prior,3,100,bayes_direct,finite_ap_index,pseudo_regret,1.1426238562114976,-0.8116463654444137,3.30102233269905,40,40,40,episode
e4_scaling,secondary_baseline,prior,5,100,bayes_direct,finite_ap_index,pseudo_regret,7.463186683843958,2.2542398223072464,13.257801993524712,40,40,40,episode
e4_scaling,secondary_baseline,prior,10,100,bayes_direct,finite_ap_index,pseudo_regret,8.60917848684733,2.691026305645447,14.906525831900344,40,40,40,episode
e4_scaling,secondary_baseline,prior,15,100,bayes_direct,finite_ap_index,pseudo_regret,8.347387965371928,3.8044880814766877,13.066814385790483,40,40,40,episode
e4_scaling,secondary_baseline,clear,2,100,bayes_direct,finite_ap_index,reward,-2.25,-5.375,0.15,40,40,40,episode
e4_scaling,secondary_baseline,clear,3,100,bayes_direct,finite_ap_index,reward,-3.075,-6.55,-0.12437500000000909,40,40,40,episode
e4_scaling,secondary_baseline,clear,5,100,bayes_direct,finite_ap_index,reward,-10.625,-15.800625,-5.674375000000009,40,40,40,episode
e4_scaling,secondary_baseline,clear,10,100,bayes_direct,finite_ap_index,reward,-9.15,-14.2,-4.1,40,40,40,episode
e4_scaling,secondary_baseline,clear,15,100,bayes_direct,finite_ap_index,reward,-4.65,-8.925,-0.425,40,40,40,episode
e4_scaling,secondary_baseline,close,2,100,bayes_direct,finite_ap_index,reward,0.725,-0.25,1.625,40,40,40,episode
e4_scaling,secondary_baseline,close,3,100,bayes_direct,finite_ap_index,reward,0.575,-0.825,1.875,40,40,40,episode
e4_scaling,secondary_baseline,close,5,100,bayes_direct,finite_ap_index,reward,1.15,-0.625,3.0,40,40,40,episode
e4_scaling,secondary_baseline,close,10,100,bayes_direct,finite_ap_index,reward,-0.175,-2.225,1.75,40,40,40,episode
e4_scaling,secondary_baseline,close,15,100,bayes_direct,finite_ap_index,reward,-0.675,-2.975,1.475,40,40,40,episode
e4_scaling,secondary_baseline,prior,2,100,bayes_direct,finite_ap_index,reward,-1.275,-2.85,0.05,40,40,40,episode
e4_scaling,secondary_baseline,prior,3,100,bayes_direct,finite_ap_index,reward,-0.45,-2.35,1.375624999999991,40,40,40,episode
e4_scaling,secondary_baseline,prior,5,100,bayes_direct,finite_ap_index,reward,-7.725,-13.575,-2.45,40,40,40,episode
e4_scaling,secondary_baseline,prior,10,100,bayes_direct,finite_ap_index,reward,-8.075,-14.25,-2.3,40,40,40,episode
e4_scaling,secondary_baseline,prior,15,100,bayes_direct,finite_ap_index,reward,-7.9,-12.775,-3.225,40,40,40,episode
e4_scaling,secondary_baseline,clear,2,100,bayes_direct,greedy,pseudo_regret,0.3,-0.46999999999999986,1.2999999999999996,40,40,40,episode
e4_scaling,secondary_baseline,clear,3,100,bayes_direct,greedy,pseudo_regret,1.8799999999999994,0.11999999999999977,4.350249999999996,40,40,40,episode
e4_scaling,secondary_baseline,clear,5,100,bayes_direct,greedy,pseudo_regret,7.239999999999999,3.6597499999999994,11.179999999999998,40,40,40,episode
e4_scaling,secondary_baseline,clear,10,100,bayes_direct,greedy,pseudo_regret,6.2299999999999995,2.2597499999999995,10.52,40,40,40,episode
e4_scaling,secondary_baseline,clear,15,100,bayes_direct,greedy,pseudo_regret,4.11,0.9,7.690249999999997,40,40,40,episode
e4_scaling,secondary_baseline,close,2,100,bayes_direct,greedy,pseudo_regret,0.028749999999999998,-0.31378125000000034,0.3912500000000003,40,40,40,episode
e4_scaling,secondary_baseline,close,3,100,bayes_direct,greedy,pseudo_regret,-0.10000000000000013,-0.5237812500000005,0.32003124999999977,40,40,40,episode
e4_scaling,secondary_baseline,close,5,100,bayes_direct,greedy,pseudo_regret,0.3150000000000002,-0.24875000000000017,0.8875312500000003,40,40,40,episode
e4_scaling,secondary_baseline,close,10,100,bayes_direct,greedy,pseudo_regret,0.20875000000000013,-0.3000312500000003,0.7150000000000006,40,40,40,episode
e4_scaling,secondary_baseline,close,15,100,bayes_direct,greedy,pseudo_regret,0.35875000000000024,-0.1100000000000001,0.8562812500000003,40,40,40,episode
e4_scaling,secondary_baseline,prior,2,100,bayes_direct,greedy,pseudo_regret,-0.646800549061366,-2.914678372784523,0.8446587090883688,40,40,40,episode
e4_scaling,secondary_baseline,prior,3,100,bayes_direct,greedy,pseudo_regret,-0.8212061420323415,-2.598915139702218,0.9671843636900938,40,40,40,episode
e4_scaling,secondary_baseline,prior,5,100,bayes_direct,greedy,pseudo_regret,4.98609796754001,-0.9154232410213717,11.325048973903519,40,40,40,episode
e4_scaling,secondary_baseline,prior,10,100,bayes_direct,greedy,pseudo_regret,3.1946842760217358,-3.3722560436121993,10.127079527817715,40,40,40,episode
e4_scaling,secondary_baseline,prior,15,100,bayes_direct,greedy,pseudo_regret,3.093792362766326,-3.031877064590512,9.298068652150643,40,40,40,episode
e4_scaling,secondary_baseline,clear,2,100,bayes_direct,greedy,reward,-0.5,-1.7,0.3,40,40,40,episode
e4_scaling,secondary_baseline,clear,3,100,bayes_direct,greedy,reward,-1.675,-3.9,-0.075,40,40,40,episode
e4_scaling,secondary_baseline,clear,5,100,bayes_direct,greedy,reward,-7.15,-11.225,-3.475,40,40,40,episode
e4_scaling,secondary_baseline,clear,10,100,bayes_direct,greedy,reward,-5.975,-10.275,-2.125,40,40,40,episode
e4_scaling,secondary_baseline,clear,15,100,bayes_direct,greedy,reward,-3.8,-7.425,-0.425,40,40,40,episode
e4_scaling,secondary_baseline,close,2,100,bayes_direct,greedy,reward,0.375,-0.15,1.025,40,40,40,episode
e4_scaling,secondary_baseline,close,3,100,bayes_direct,greedy,reward,0.875,-0.075,1.925,40,40,40,episode
e4_scaling,secondary_baseline,close,5,100,bayes_direct,greedy,reward,-0.125,-1.3,0.925,40,40,40,episode
e4_scaling,secondary_baseline,close,10,100,bayes_direct,greedy,reward,1.0,-0.775,2.725624999999991,40,40,40,episode
e4_scaling,secondary_baseline,close,15,100,bayes_direct,greedy,reward,-0.05,-2.125,2.025,40,40,40,episode
e4_scaling,secondary_baseline,prior,2,100,bayes_direct,greedy,reward,0.6,-0.85,2.8,40,40,40,episode
e4_scaling,secondary_baseline,prior,3,100,bayes_direct,greedy,reward,0.925,-0.35,2.35,40,40,40,episode
e4_scaling,secondary_baseline,prior,5,100,bayes_direct,greedy,reward,-5.3,-11.25,0.3256249999999909,40,40,40,episode
e4_scaling,secondary_baseline,prior,10,100,bayes_direct,greedy,reward,-3.425,-10.0,3.0,40,40,40,episode
e4_scaling,secondary_baseline,prior,15,100,bayes_direct,greedy,reward,-2.6,-8.95,3.4,40,40,40,episode
e4_scaling,secondary_baseline,clear,2,100,bayes_direct,ids,pseudo_regret,1.8399999999999999,-0.37,4.76,40,40,40,episode
e4_scaling,secondary_baseline,clear,3,100,bayes_direct,ids,pseudo_regret,2.7999999999999994,-0.3102499999999999,6.479999999999999,40,40,40,episode
e4_scaling,secondary_baseline,clear,5,100,bayes_direct,ids,pseudo_regret,9.51,4.50975,14.679999999999998,40,40,40,episode
e4_scaling,secondary_baseline,clear,10,100,bayes_direct,ids,pseudo_regret,8.02,2.7699999999999996,13.239999999999998,40,40,40,episode
e4_scaling,secondary_baseline,clear,15,100,bayes_direct,ids,pseudo_regret,3.28,-1.1399999999999995,7.7299999999999995,40,40,40,episode
e4_scaling,secondary_baseline,close,2,100,bayes_direct,ids,pseudo_regret,0.18625000000000025,-0.3087500000000002,0.7037500000000005,40,40,40,episode
e4_scaling,secondary_baseline,close,3,100,bayes_direct,ids,pseudo_regret,0.5025000000000005,-0.09500000000000008,1.086250000000001,40,40,40,episode
e4_scaling,secondary_baseline,close,5,100,bayes_direct,ids,pseudo_regret,-0.15875,-0.7075000000000005,0.3850000000000004,40,40,40,episode
e4_scaling,secondary_baseline,close,10,100,bayes_direct,ids,pseudo_regret,0.19250000000000017,-0.3025312500000002,0.6250000000000006,40,40,40,episode
e4_scaling,secondary_baseline,close,15,100,bayes_direct,ids,pseudo_regret,0.16125000000000017,-0.20253125000000016,0.46375000000000044,40,40,40,episode
e4_scaling,secondary_baseline,prior,2,100,bayes_direct,ids,pseudo_regret,0.7481318334747822,-0.23724887613849732,1.9194261688338332,40,40,40,episode
e4_scaling,secondary_baseline,prior,3,100,bayes_direct,ids,pseudo_regret,1.2038816075660328,-1.2126779032911603,4.16372583868355,40,40,40,episode
e4_scaling,secondary_baseline,prior,5,100,bayes_direct,ids,pseudo_regret,7.221283263746872,1.8617983192295446,13.267288509047917,40,40,40,episode
e4_scaling,secondary_baseline,prior,10,100,bayes_direct,ids,pseudo_regret,7.997950830004337,2.162965266379895,14.16189266991478,40,40,40,episode
e4_scaling,secondary_baseline,prior,15,100,bayes_direct,ids,pseudo_regret,7.813769353482357,3.2688421443041547,12.55350949337153,40,40,40,episode
e4_scaling,secondary_baseline,clear,2,100,bayes_direct,ids,reward,-1.825,-5.025,0.575,40,40,40,episode
e4_scaling,secondary_baseline,clear,3,100,bayes_direct,ids,reward,-2.625,-6.200625,0.4,40,40,40,episode
e4_scaling,secondary_baseline,clear,5,100,bayes_direct,ids,reward,-10.125,-15.5,-5.2,40,40,40,episode
e4_scaling,secondary_baseline,clear,10,100,bayes_direct,ids,reward,-7.775,-12.95,-2.674375000000009,40,40,40,episode
e4_scaling,secondary_baseline,clear,15,100,bayes_direct,ids,reward,-3.1,-7.65,1.35,40,40,40,episode
e4_scaling,secondary_baseline,close,2,100,bayes_direct,ids,reward,0.575,-0.5506249999999995,1.625,40,40,40,episode
e4_scaling,secondary_baseline,close,3,100,bayes_direct,ids,reward,0.525,-1.025,1.975,40,40,40,episode
e4_scaling,secondary_baseline,close,5,100,bayes_direct,ids,reward,1.075,-1.025,3.1,40,40,40,episode
e4_scaling,secondary_baseline,close,10,100,bayes_direct,ids,reward,-0.425,-2.775,1.7,40,40,40,episode
e4_scaling,secondary_baseline,close,15,100,bayes_direct,ids,reward,-1.1,-3.25,1.0,40,40,40,episode
e4_scaling,secondary_baseline,prior,2,100,bayes_direct,ids,reward,-1.425,-3.0,-0.15,40,40,40,episode
e4_scaling,secondary_baseline,prior,3,100,bayes_direct,ids,reward,-0.6,-3.275,1.575,40,40,40,episode
e4_scaling,secondary_baseline,prior,5,100,bayes_direct,ids,reward,-7.2,-12.825,-2.225,40,40,40,episode
e4_scaling,secondary_baseline,prior,10,100,bayes_direct,ids,reward,-7.525,-13.425,-1.775,40,40,40,episode
e4_scaling,secondary_baseline,prior,15,100,bayes_direct,ids,reward,-7.275,-12.025,-2.8,40,40,40,episode
e4_scaling,secondary_baseline,clear,2,100,bayes_direct,knowledge_gradient,pseudo_regret,2.44,0.22999999999999998,5.3199999999999985,40,40,40,episode
e4_scaling,secondary_baseline,clear,3,100,bayes_direct,knowledge_gradient,pseudo_regret,3.3899999999999992,0.46999999999999975,6.8199999999999985,40,40,40,episode
e4_scaling,secondary_baseline,clear,5,100,bayes_direct,knowledge_gradient,pseudo_regret,10.85,6.159999999999999,15.669999999999998,40,40,40,episode
e4_scaling,secondary_baseline,clear,10,100,bayes_direct,knowledge_gradient,pseudo_regret,11.77,6.969999999999999,16.759999999999998,40,40,40,episode
e4_scaling,secondary_baseline,clear,15,100,bayes_direct,knowledge_gradient,pseudo_regret,6.0600000000000005,2.5699999999999994,9.860249999999995,40,40,40,episode
e4_scaling,secondary_baseline,close,2,100,bayes_direct,knowledge_gradient,pseudo_regret,0.23500000000000032,-0.18125000000000008,0.6850000000000007,40,40,40,episode
e4_scaling,secondary_baseline,close,3,100,bayes_direct,knowledge_gradient,pseudo_regret,0.39250000000000035,-0.18128125000000006,0.9837812500000007,40,40,40,episode
e4_scaling,secondary_baseline,close,5,100,bayes_direct,knowledge_gradient,pseudo_regret,0.017500000000000092,-0.5600312500000003,0.5937812500000001,40,40,40,episode
e4_scaling,secondary_baseline,close,10,100,bayes_direct,knowledge_gradient,pseudo_regret,0.054999999999999924,-0.41500000000000037,0.4925000000000003,40,40,40,episode
e4_scaling,secondary_baseline,close,15,100,bayes_direct,knowledge_gradient,pseudo_regret,0.19750000000000006,-0.1912500000000002,0.5587500000000004,40,40,40,episode
e4_scaling,secondary_baseline,prior,2,100,bayes_direct,knowledge_gradient,pseudo_regret,0.7618011507490953,-0.218053893026151,1.9578618008688526,40,40,40,episode
e4_scaling,secondary_baseline,prior,3,100,bayes_direct,knowledge_gradient,pseudo_regret,1.1015312207313799,-0.8195261757326033,3.250810766408855,40,40,40,episode
e4_scaling,secondary_baseline,prior,5,100,bayes_direct,knowledge_gradient,pseudo_regret,6.56225104395663,0.9167327595878594,12.783143599580399,40,40,40,episode
e4_scaling,secondary_baseline,prior,10,100,bayes_direct,knowledge_gradient,pseudo_regret,7.780384862408425,1.5820463044833655,14.32424304555745,40,40,40,episode
e4_scaling,secondary_baseline,prior,15,100,bayes_direct,knowledge_gradient,pseudo_regret,9.432634960986277,4.67170242165244,14.507826071909257,40,40,40,episode
e4_scaling,secondary_baseline,clear,2,100,bayes_direct,knowledge_gradient,reward,-2.575,-5.8,-0.2493750000000091,40,40,40,episode
e4_scaling,secondary_baseline,clear,3,100,bayes_direct,knowledge_gradient,reward,-3.375,-6.675,-0.625,40,40,40,episode
e4_scaling,secondary_baseline,clear,5,100,bayes_direct,knowledge_gradient,reward,-10.975,-15.95,-6.225,40,40,40,episode
e4_scaling,secondary_baseline,clear,10,100,bayes_direct,knowledge_gradient,reward,-11.075,-15.825,-6.5,40,40,40,episode
e4_scaling,secondary_baseline,clear,15,100,bayes_direct,knowledge_gradient,reward,-6.05,-9.9,-2.475,40,40,40,episode
e4_scaling,secondary_baseline,close,2,100,bayes_direct,knowledge_gradient,reward,0.25,-0.7,1.1,40,40,40,episode
e4_scaling,secondary_baseline,close,3,100,bayes_direct,knowledge_gradient,reward,0.6,-0.725,1.825,40,40,40,episode
e4_scaling,secondary_baseline,close,5,100,bayes_direct,knowledge_gradient,reward,0.8,-0.875,2.475,40,40,40,episode
e4_scaling,secondary_baseline,close,10,100,bayes_direct,knowledge_gradient,reward,0.925,-0.8,2.55,40,40,40,episode
e4_scaling,secondary_baseline,close,15,100,bayes_direct,knowledge_gradient,reward,-0.775,-2.875,1.2,40,40,40,episode
e4_scaling,secondary_baseline,prior,2,100,bayes_direct,knowledge_gradient,reward,-1.5,-3.1,-0.175,40,40,40,episode
e4_scaling,secondary_baseline,prior,3,100,bayes_direct,knowledge_gradient,reward,-0.225,-2.025,1.45,40,40,40,episode
e4_scaling,secondary_baseline,prior,5,100,bayes_direct,knowledge_gradient,reward,-6.25,-12.025625,-1.224375000000009,40,40,40,episode
e4_scaling,secondary_baseline,prior,10,100,bayes_direct,knowledge_gradient,reward,-7.65,-14.025,-1.65,40,40,40,episode
e4_scaling,secondary_baseline,prior,15,100,bayes_direct,knowledge_gradient,reward,-9.0,-14.275,-3.875,40,40,40,episode
e4_scaling,primary_vs_ts,clear,2,100,bayes_direct,ts,pseudo_regret,0.29999999999999993,-1.89,3.2099999999999995,40,40,40,episode
e4_scaling,primary_vs_ts,clear,3,100,bayes_direct,ts,pseudo_regret,-0.5900000000000002,-3.5699999999999994,2.919999999999999,40,40,40,episode
e4_scaling,primary_vs_ts,clear,5,100,bayes_direct,ts,pseudo_regret,4.25,-0.8800000000000001,9.599999999999998,40,40,40,episode
e4_scaling,primary_vs_ts,clear,10,100,bayes_direct,ts,pseudo_regret,-1.0399999999999994,-6.419999999999999,4.030249999999996,40,40,40,episode
e4_scaling,primary_vs_ts,clear,15,100,bayes_direct,ts,pseudo_regret,-5.119999999999999,-9.54025,-0.7297500000000029,40,40,40,episode
e4_scaling,primary_vs_ts,close,2,100,bayes_direct,ts,pseudo_regret,0.2550000000000002,-0.30500000000000027,0.8162500000000008,40,40,40,episode
e4_scaling,primary_vs_ts,close,3,100,bayes_direct,ts,pseudo_regret,0.6237500000000006,0.027468750000000108,1.1787500000000013,40,40,40,episode
e4_scaling,primary_vs_ts,close,5,100,bayes_direct,ts,pseudo_regret,-0.24125000000000024,-0.8050312500000008,0.29875000000000024,40,40,40,episode
e4_scaling,primary_vs_ts,close,10,100,bayes_direct,ts,pseudo_regret,0.05250000000000006,-0.43500000000000033,0.4600000000000005,40,40,40,episode
e4_scaling,primary_vs_ts,close,15,100,bayes_direct,ts,pseudo_regret,0.07250000000000018,-0.3025312500000002,0.3712500000000004,40,40,40,episode
e4_scaling,primary_vs_ts,prior,2,100,bayes_direct,ts,pseudo_regret,-0.09077710433747707,-1.1171195401144571,1.043622537492033,40,40,40,episode
e4_scaling,primary_vs_ts,prior,3,100,bayes_direct,ts,pseudo_regret,-0.3206270645371633,-2.513907040834159,2.4218222790853012,40,40,40,episode
e4_scaling,primary_vs_ts,prior,5,100,bayes_direct,ts,pseudo_regret,3.7753271574153944,-1.4604873763054882,9.646624303769428,40,40,40,episode
e4_scaling,primary_vs_ts,prior,10,100,bayes_direct,ts,pseudo_regret,1.5404880914171564,-4.003071169702527,7.472513187535573,40,40,40,episode
e4_scaling,primary_vs_ts,prior,15,100,bayes_direct,ts,pseudo_regret,0.4028094283304274,-4.059733310033383,5.327927352746399,40,40,40,episode
e4_scaling,primary_vs_ts,clear,2,100,bayes_direct,ts,reward,-0.625,-3.7,1.775,40,40,40,episode
e4_scaling,primary_vs_ts,clear,3,100,bayes_direct,ts,reward,0.275,-3.35,3.35,40,40,40,episode
e4_scaling,primary_vs_ts,clear,5,100,bayes_direct,ts,reward,-5.025,-10.275,-0.25,40,40,40,episode
e4_scaling,primary_vs_ts,clear,10,100,bayes_direct,ts,reward,0.525,-4.7,5.775624999999991,40,40,40,episode
e4_scaling,primary_vs_ts,clear,15,100,bayes_direct,ts,reward,4.875,0.475,9.25,40,40,40,episode
e4_scaling,primary_vs_ts,close,2,100,bayes_direct,ts,reward,0.75,-0.375,1.825,40,40,40,episode
e4_scaling,primary_vs_ts,close,3,100,bayes_direct,ts,reward,0.575,-1.025,2.15,40,40,40,episode
e4_scaling,primary_vs_ts,close,5,100,bayes_direct,ts,reward,1.0,-0.9,2.8,40,40,40,episode
e4_scaling,primary_vs_ts,close,10,100,bayes_direct,ts,reward,0.775,-1.275,2.825,40,40,40,episode
e4_scaling,primary_vs_ts,close,15,100,bayes_direct,ts,reward,-1.3,-3.7,1.05,40,40,40,episode
e4_scaling,primary_vs_ts,prior,2,100,bayes_direct,ts,reward,-0.3,-1.8,0.95,40,40,40,episode
e4_scaling,primary_vs_ts,prior,3,100,bayes_direct,ts,reward,1.0,-1.4,2.95,40,40,40,episode
e4_scaling,primary_vs_ts,prior,5,100,bayes_direct,ts,reward,-4.125,-9.750625,1.05,40,40,40,episode
e4_scaling,primary_vs_ts,prior,10,100,bayes_direct,ts,reward,-2.525,-8.100624999999999,2.975624999999991,40,40,40,episode
e4_scaling,primary_vs_ts,prior,15,100,bayes_direct,ts,reward,-0.05,-4.975624999999999,4.650624999999991,40,40,40,episode
e4_scaling,secondary_baseline,clear,2,100,bayes_direct,ucb1,pseudo_regret,-3.9499999999999993,-6.219999999999999,-1.0397500000000035,40,40,40,episode
e4_scaling,secondary_baseline,clear,3,100,bayes_direct,ucb1,pseudo_regret,-7.57,-10.79,-3.819750000000004,40,40,40,episode
e4_scaling,secondary_baseline,clear,5,100,bayes_direct,ucb1,pseudo_regret,-5.389999999999999,-10.640249999999998,0.029999999999999732,40,40,40,episode
e4_scaling,secondary_baseline,clear,10,100,bayes_direct,ucb1,pseudo_regret,-8.45,-14.02,-3.15,40,40,40,episode
e4_scaling,secondary_baseline,clear,15,100,bayes_direct,ucb1,pseudo_regret,-10.34,-15.259999999999996,-5.54,40,40,40,episode
e4_scaling,secondary_baseline,close,2,100,bayes_direct,ucb1,pseudo_regret,0.2662500000000003,-0.41253125000000035,0.9537500000000009,40,40,40,episode
e4_scaling,secondary_baseline,close,3,100,bayes_direct,ucb1,pseudo_regret,0.5375000000000005,-0.10253125,1.132500000000001,40,40,40,episode
e4_scaling,secondary_baseline,close,5,100,bayes_direct,ucb1,pseudo_regret,-0.33625000000000027,-0.9850000000000009,0.27753124999999995,40,40,40,episode
e4_scaling,secondary_baseline,close,10,100,bayes_direct,ucb1,pseudo_regret,0.04874999999999998,-0.45125000000000054,0.44375000000000037,40,40,40,episode
e4_scaling,secondary_baseline,close,15,100,bayes_direct,ucb1,pseudo_regret,0.038750000000000104,-0.3450000000000002,0.35375000000000034,40,40,40,episode
e4_scaling,secondary_baseline,prior,2,100,bayes_direct,ucb1,pseudo_regret,-3.092242012448795,-4.763248539128207,-1.2278930559468528,40,40,40,episode
e4_scaling,secondary_baseline,prior,3,100,bayes_direct,ucb1,pseudo_regret,-4.882047189000744,-7.657198349115405,-1.5825601280644659,40,40,40,episode
e4_scaling,secondary_baseline,prior,5,100,bayes_direct,ucb1,pseudo_regret,-5.686188251847521,-10.825891643848582,-0.04431024981161111,40,40,40,episode
e4_scaling,secondary_baseline,prior,10,100,bayes_direct,ucb1,pseudo_regret,-12.520480709832327,-17.94667769674848,-6.957501486422781,40,40,40,episode
e4_scaling,secondary_baseline,prior,15,100,bayes_direct,ucb1,pseudo_regret,-12.569504949548506,-17.274513605707785,-7.681784944400193,40,40,40,episode
e4_scaling,secondary_baseline,clear,2,100,bayes_direct,ucb1,reward,3.575,0.475,6.05,40,40,40,episode
e4_scaling,secondary_baseline,clear,3,100,bayes_direct,ucb1,reward,7.1,3.05,10.45,40,40,40,episode
e4_scaling,secondary_baseline,clear,5,100,bayes_direct,ucb1,reward,4.9,-0.25062499999999943,9.925,40,40,40,episode
e4_scaling,secondary_baseline,clear,10,100,bayes_direct,ucb1,reward,8.125,2.7993750000000004,13.57562499999999,40,40,40,episode
e4_scaling,secondary_baseline,clear,15,100,bayes_direct,ucb1,reward,10.55,5.725,15.55,40,40,40,episode
e4_scaling,secondary_baseline,close,2,100,bayes_direct,ucb1,reward,0.375,-1.1,1.825,40,40,40,episode
e4_scaling,secondary_baseline,close,3,100,bayes_direct,ucb1,reward,0.2,-1.7,2.15,40,40,40,episode
e4_scaling,secondary_baseline,close,5,100,bayes_direct,ucb1,reward,1.325,-0.825,3.425,40,40,40,episode
e4_scaling,secondary_baseline,close,10,100,bayes_direct,ucb1,reward,0.85,-1.1,2.75,40,40,40,episode
e4_scaling,secondary_baseline,close,15,100,bayes_direct,ucb1,reward,-0.6,-2.975,1.675,40,40,40,episode
e4_scaling,secondary_baseline,prior,2,100,bayes_direct,ucb1,reward,2.25,0.175,4.075,40,40,40,episode
e4_scaling,secondary_baseline,prior,3,100,bayes_direct,ucb1,reward,5.575,2.5743750000000007,8.2,40,40,40,episode
e4_scaling,secondary_baseline,prior,5,100,bayes_direct,ucb1,reward,4.525,-1.05,9.625,40,40,40,episode
e4_scaling,secondary_baseline,prior,10,100,bayes_direct,ucb1,reward,12.075,6.3,17.425,40,40,40,episode
e4_scaling,secondary_baseline,prior,15,100,bayes_direct,ucb1,reward,12.95,7.8,17.725,40,40,40,episode
e4_scaling,planned_comparison,clear,2,100,bayes_sample,bayes_direct,pseudo_regret,-0.0899999999999999,-2.9904999999999995,2.0402499999999963,40,40,40,episode
e4_scaling,planned_comparison,clear,3,100,bayes_sample,bayes_direct,pseudo_regret,-0.5199999999999996,-3.8602499999999993,2.2602499999999965,40,40,40,episode
e4_scaling,planned_comparison,clear,5,100,bayes_sample,bayes_direct,pseudo_regret,-6.6,-10.900249999999998,-2.569750000000003,40,40,40,episode
e4_scaling,planned_comparison,clear,10,100,bayes_sample,bayes_direct,pseudo_regret,-4.279999999999999,-7.6702499999999985,-1.0899999999999999,40,40,40,episode
e4_scaling,planned_comparison,clear,15,100,bayes_sample,bayes_direct,pseudo_regret,-3.3800000000000003,-6.209999999999999,-0.8099999999999999,40,40,40,episode
e4_scaling,planned_comparison,close,2,100,bayes_sample,bayes_direct,pseudo_regret,-0.2287500000000003,-0.6875000000000007,0.2175312499999997,40,40,40,episode
e4_scaling,planned_comparison,close,3,100,bayes_sample,bayes_direct,pseudo_regret,-0.2712500000000003,-0.7562500000000008,0.2250000000000001,40,40,40,episode
e4_scaling,planned_comparison,close,5,100,bayes_sample,bayes_direct,pseudo_regret,0.11750000000000009,-0.24750000000000022,0.5162500000000005,40,40,40,episode
e4_scaling,planned_comparison,close,10,100,bayes_sample,bayes_direct,pseudo_regret,-0.053750000000000034,-0.4087500000000003,0.3412500000000003,40,40,40,episode
e4_scaling,planned_comparison,close,15,100,bayes_sample,bayes_direct,pseudo_regret,-0.25375000000000025,-0.6275000000000006,0.13125000000000003,40,40,40,episode
e4_scaling,planned_comparison,prior,2,100,bayes_sample,bayes_direct,pseudo_regret,1.035761059262916,-0.2632561651995019,2.1384256539797595,40,40,40,episode
e4_scaling,planned_comparison,prior,3,100,bayes_sample,bayes_direct,pseudo_regret,0.1543048922969418,-1.9068711088617367,1.8900421043108038,40,40,40,episode
e4_scaling,planned_comparison,prior,5,100,bayes_sample,bayes_direct,pseudo_regret,-3.672220813997403,-8.439599545217082,0.6408875976632853,40,40,40,episode
e4_scaling,planned_comparison,prior,10,100,bayes_sample,bayes_direct,pseudo_regret,-4.825289399143765,-9.575961607769717,-0.3783848908496992,40,40,40,episode
e4_scaling,planned_comparison,prior,15,100,bayes_sample,bayes_direct,pseudo_regret,-4.000323240135385,-8.035942479646117,-0.3195718162221437,40,40,40,episode
e4_scaling,planned_comparison,clear,2,100,bayes_sample,bayes_direct,reward,0.05,-2.475,3.225,40,40,40,episode
e4_scaling,planned_comparison,clear,3,100,bayes_sample,bayes_direct,reward,0.325,-2.525,3.675,40,40,40,episode
e4_scaling,planned_comparison,clear,5,100,bayes_sample,bayes_direct,reward,6.675,2.775,10.85062499999999,40,40,40,episode
e4_scaling,planned_comparison,clear,10,100,bayes_sample,bayes_direct,reward,4.2,0.825,7.725,40,40,40,episode
e4_scaling,planned_comparison,clear,15,100,bayes_sample,bayes_direct,reward,3.45,0.775,6.45,40,40,40,episode
e4_scaling,planned_comparison,close,2,100,bayes_sample,bayes_direct,reward,-0.975,-1.875,0.05,40,40,40,episode
e4_scaling,planned_comparison,close,3,100,bayes_sample,bayes_direct,reward,-0.8,-2.075,0.575,40,40,40,episode
e4_scaling,planned_comparison,close,5,100,bayes_sample,bayes_direct,reward,-1.3,-2.9,0.325,40,40,40,episode
e4_scaling,planned_comparison,close,10,100,bayes_sample,bayes_direct,reward,-0.675,-2.475,1.225,40,40,40,episode
e4_scaling,planned_comparison,close,15,100,bayes_sample,bayes_direct,reward,0.175,-1.4,1.85,40,40,40,episode
e4_scaling,planned_comparison,prior,2,100,bayes_sample,bayes_direct,reward,-0.5,-1.925,1.15,40,40,40,episode
e4_scaling,planned_comparison,prior,3,100,bayes_sample,bayes_direct,reward,-0.7,-2.325,1.225,40,40,40,episode
e4_scaling,planned_comparison,prior,5,100,bayes_sample,bayes_direct,reward,3.975,-0.1,8.8,40,40,40,episode
e4_scaling,planned_comparison,prior,10,100,bayes_sample,bayes_direct,reward,4.6,0.35,9.00062499999999,40,40,40,episode
e4_scaling,planned_comparison,prior,15,100,bayes_sample,bayes_direct,reward,4.125,0.55,8.25,40,40,40,episode
e4_scaling,secondary_baseline,clear,2,100,bayes_sample,bayes_ucb,pseudo_regret,1.2899999999999998,0.95,1.65,40,40,40,episode
e4_scaling,secondary_baseline,clear,3,100,bayes_sample,bayes_ucb,pseudo_regret,1.2699999999999998,0.45999999999999996,2.2699999999999996,40,40,40,episode
e4_scaling,secondary_baseline,clear,5,100,bayes_sample,bayes_ucb,pseudo_regret,0.8700000000000001,-1.19025,3.03,40,40,40,episode
e4_scaling,secondary_baseline,clear,10,100,bayes_sample,bayes_ucb,pseudo_regret,-0.5900000000000002,-4.3100000000000005,3.219999999999999,40,40,40,episode
e4_scaling,secondary_baseline,clear,15,100,bayes_sample,bayes_ucb,pseudo_regret,-4.36,-8.239999999999998,-0.5700000000000005,40,40,40,episode
e4_scaling,secondary_baseline,close,2,100,bayes_sample,bayes_ucb,pseudo_regret,0.04250000000000004,-0.27375000000000027,0.35250000000000037,40,40,40,episode
e4_scaling,secondary_baseline,close,3,100,bayes_sample,bayes_ucb,pseudo_regret,0.34125000000000033,0.03250000000000004,0.6575000000000005,40,40,40,episode
e4_scaling,secondary_baseline,close,5,100,bayes_sample,bayes_ucb,pseudo_regret,-0.039999999999999994,-0.4225000000000003,0.3612500000000004,40,40,40,episode
e4_scaling,secondary_baseline,close,10,100,bayes_sample,bayes_ucb,pseudo_regret,0.09750000000000017,-0.26878125000000025,0.4275000000000004,40,40,40,episode
e4_scaling,secondary_baseline,close,15,100,bayes_sample,bayes_ucb,pseudo_regret,-0.12874999999999998,-0.37878125000000024,0.08750000000000009,40,40,40,episode
e4_scaling,secondary_baseline,prior,2,100,bayes_sample,bayes_ucb,pseudo_regret,1.7023222657176866,1.1264496125545285,2.3091730412682137,40,40,40,episode
e4_scaling,secondary_baseline,prior,3,100,bayes_sample,bayes_ucb,pseudo_regret,1.447784640648137,0.6099145137615724,2.386304665496673,40,40,40,episode
e4_scaling,secondary_baseline,prior,5,100,bayes_sample,bayes_ucb,pseudo_regret,2.3262462623093683,0.17566766717286805,4.632679511063462,40,40,40,episode
e4_scaling,secondary_baseline,prior,10,100,bayes_sample,bayes_ucb,pseudo_regret,1.6789497470542631,-1.061722605574289,4.450323949146749,40,40,40,episode
e4_scaling,secondary_baseline,prior,15,100,bayes_sample,bayes_ucb,pseudo_regret,4.1259749687402865,1.1663152783451718,7.318374361614889,40,40,40,episode
e4_scaling,secondary_baseline,clear,2,100,bayes_sample,bayes_ucb,reward,-1.425,-1.9,-0.975,40,40,40,episode
e4_scaling,secondary_baseline,clear,3,100,bayes_sample,bayes_ucb,reward,-1.325,-2.525,-0.375,40,40,40,episode
e4_scaling,secondary_baseline,clear,5,100,bayes_sample,bayes_ucb,reward,-1.475,-3.7756249999999993,0.65,40,40,40,episode
e4_scaling,secondary_baseline,clear,10,100,bayes_sample,bayes_ucb,reward,0.25,-3.775,4.1256249999999905,40,40,40,episode
e4_scaling,secondary_baseline,clear,15,100,bayes_sample,bayes_ucb,reward,4.325,0.125,8.3,40,40,40,episode
e4_scaling,secondary_baseline,close,2,100,bayes_sample,bayes_ucb,reward,-0.725,-1.425,-0.05,40,40,40,episode
e4_scaling,secondary_baseline,close,3,100,bayes_sample,bayes_ucb,reward,-0.425,-1.775,0.85,40,40,40,episode
e4_scaling,secondary_baseline,close,5,100,bayes_sample,bayes_ucb,reward,-0.35,-1.65,0.85,40,40,40,episode
e4_scaling,secondary_baseline,close,10,100,bayes_sample,bayes_ucb,reward,-0.675,-2.175,0.85,40,40,40,episode
e4_scaling,secondary_baseline,close,15,100,bayes_sample,bayes_ucb,reward,-1.25,-2.95,0.45,40,40,40,episode
e4_scaling,secondary_baseline,prior,2,100,bayes_sample,bayes_ucb,reward,-1.65,-2.325,-0.9993750000000091,40,40,40,episode
e4_scaling,secondary_baseline,prior,3,100,bayes_sample,bayes_ucb,reward,-1.325,-2.575,-0.125,40,40,40,episode
e4_scaling,secondary_baseline,prior,5,100,bayes_sample,bayes_ucb,reward,-1.95,-3.9,-0.05,40,40,40,episode
e4_scaling,secondary_baseline,prior,10,100,bayes_sample,bayes_ucb,reward,-2.425,-5.1,0.125,40,40,40,episode
e4_scaling,secondary_baseline,prior,15,100,bayes_sample,bayes_ucb,reward,-3.3,-6.625,-0.3,40,40,40,episode
e4_scaling,secondary_baseline,clear,2,100,bayes_sample,finite_ap_index,pseudo_regret,2.1,1.7599999999999998,2.46,40,40,40,episode
e4_scaling,secondary_baseline,clear,3,100,bayes_sample,finite_ap_index,pseudo_regret,2.6499999999999995,1.8799999999999997,3.5200000000000005,40,40,40,episode
e4_scaling,secondary_baseline,clear,5,100,bayes_sample,finite_ap_index,pseudo_regret,3.54,1.6199999999999999,5.5600000000000005,40,40,40,episode
e4_scaling,secondary_baseline,clear,10,100,bayes_sample,finite_ap_index,pseudo_regret,4.969999999999999,1.8299999999999996,8.219999999999999,40,40,40,episode
e4_scaling,secondary_baseline,clear,15,100,bayes_sample,finite_ap_index,pseudo_regret,1.48,-1.80025,4.81,40,40,40,episode
e4_scaling,secondary_baseline,close,2,100,bayes_sample,finite_ap_index,pseudo_regret,-0.08625000000000006,-0.43878125000000046,0.22375000000000025,40,40,40,episode
e4_scaling,secondary_baseline,close,3,100,bayes_sample,finite_ap_index,pseudo_regret,0.20500000000000024,-0.04124999999999995,0.4725312500000001,40,40,40,episode
e4_scaling,secondary_baseline,close,5,100,bayes_sample,finite_ap_index,pseudo_regret,-0.00874999999999992,-0.24375000000000013,0.22875000000000018,40,40,40,episode
e4_scaling,secondary_baseline,close,10,100,bayes_sample,finite_ap_index,pseudo_regret,0.20750000000000024,-0.17003125000000013,0.5650312500000002,40,40,40,episode
e4_scaling,secondary_baseline,close,15,100,bayes_sample,finite_ap_index,pseudo_regret,-0.033750000000000065,-0.2012500000000002,0.1225000000000001,40,40,40,episode
e4_scaling,secondary_baseline,prior,2,100,bayes_sample,finite_ap_index,pseudo_regret,1.744638006262727,1.2117780743747737,2.291338473932821,40,40,40,episode
e4_scaling,secondary_baseline,prior,3,100,bayes_sample,finite_ap_index,pseudo_regret,1.2969287485084393,0.31254086015883914,2.208264119229167,40,40,40,episode
e4_scaling,secondary_baseline,prior,5,100,bayes_sample,finite_ap_index,pseudo_regret,3.7909658698465534,1.6052250515814495,6.081016727041655,40,40,40,episode
e4_scaling,secondary_baseline,prior,10,100,bayes_sample,finite_ap_index,pseudo_regret,3.7838890877035665,0.7949922031551024,6.767121055161746,40,40,40,episode
e4_scaling,secondary_baseline,prior,15,100,bayes_sample,finite_ap_index,pseudo_regret,4.347064725236541,1.9545237202893546,6.928574058396532,40,40,40,episode
e4_scaling,secondary_baseline,clear,2,100,bayes_sample,finite_ap_index,reward,-2.2,-2.7,-1.725,40,40,40,episode
e4_scaling,secondary_baseline,clear,3,100,bayes_sample,finite_ap_index,reward,-2.75,-3.825,-1.8,40,40,40,episode
e4_scaling,secondary_baseline,clear,5,100,bayes_sample,finite_ap_index,reward,-3.95,-6.2,-1.925,40,40,40,episode
e4_scaling,secondary_baseline,clear,10,100,bayes_sample,finite_ap_index,reward,-4.95,-8.35,-1.85,40,40,40,episode
e4_scaling,secondary_baseline,clear,15,100,bayes_sample,finite_ap_index,reward,-1.2,-4.575,2.1,40,40,40,episode
e4_scaling,secondary_baseline,close,2,100,bayes_sample,finite_ap_index,reward,-0.25,-0.75,0.275,40,40,40,episode
e4_scaling,secondary_baseline,close,3,100,bayes_sample,finite_ap_index,reward,-0.225,-1.275,0.75,40,40,40,episode
e4_scaling,secondary_baseline,close,5,100,bayes_sample,finite_ap_index,reward,-0.15,-1.175,0.85,40,40,40,episode
e4_scaling,secondary_baseline,close,10,100,bayes_sample,finite_ap_index,reward,-0.85,-2.075,0.4,40,40,40,episode
e4_scaling,secondary_baseline,close,15,100,bayes_sample,finite_ap_index,reward,-0.5,-1.925,1.0,40,40,40,episode
e4_scaling,secondary_baseline,prior,2,100,bayes_sample,finite_ap_index,reward,-1.775,-2.425,-1.1,40,40,40,episode
e4_scaling,secondary_baseline,prior,3,100,bayes_sample,finite_ap_index,reward,-1.15,-2.525,0.375,40,40,40,episode
e4_scaling,secondary_baseline,prior,5,100,bayes_sample,finite_ap_index,reward,-3.75,-5.775,-1.775,40,40,40,episode
e4_scaling,secondary_baseline,prior,10,100,bayes_sample,finite_ap_index,reward,-3.475,-6.475,-0.45,40,40,40,episode
e4_scaling,secondary_baseline,prior,15,100,bayes_sample,finite_ap_index,reward,-3.775,-6.5,-1.175,40,40,40,episode
e4_scaling,secondary_baseline,clear,2,100,bayes_sample,greedy,pseudo_regret,0.20999999999999996,-2.38,2.1602499999999965,40,40,40,episode
e4_scaling,secondary_baseline,clear,3,100,bayes_sample,greedy,pseudo_regret,1.3599999999999999,-0.8600000000000001,3.0999999999999996,40,40,40,episode
e4_scaling,secondary_baseline,clear,5,100,bayes_sample,greedy,pseudo_regret,0.6399999999999998,-2.0502499999999997,2.8199999999999994,40,40,40,episode
e4_scaling,secondary_baseline,clear,10,100,bayes_sample,greedy,pseudo_regret,1.9499999999999997,-0.1600000000000003,4.049999999999999,40,40,40,episode
e4_scaling,secondary_baseline,clear,15,100,bayes_sample,greedy,pseudo_regret,0.7300000000000003,-2.3699999999999997,3.6599999999999993,40,40,40,episode
e4_scaling,secondary_baseline,close,2,100,bayes_sample,greedy,pseudo_regret,-0.20000000000000026,-0.6837500000000007,0.2400000000000002,40,40,40,episode
e4_scaling,secondary_baseline,close,3,100,bayes_sample,greedy,pseudo_regret,-0.3712500000000004,-0.7450312500000007,0.014999999999999875,40,40,40,episode
e4_scaling,secondary_baseline,close,5,100,bayes_sample,greedy,pseudo_regret,0.4325000000000004,-0.025000000000000085,0.9112500000000008,40,40,40,episode
e4_scaling,secondary_baseline,close,10,100,bayes_sample,greedy,pseudo_regret,0.1550000000000001,-0.2887500000000003,0.6287812500000003,40,40,40,episode
e4_scaling,secondary_baseline,close,15,100,bayes_sample,greedy,pseudo_regret,0.1050000000000001,-0.22125000000000022,0.46378125,40,40,40,episode
e4_scaling,secondary_baseline,prior,2,100,bayes_sample,greedy,pseudo_regret,0.38896051020155,-2.0451113497199462,2.151808097259479,40,40,40,episode
e4_scaling,secondary_baseline,prior,3,100,bayes_sample,greedy,pseudo_regret,-0.6669012497353999,-2.8749576026136308,1.2031598977151376,40,40,40,episode
e4_scaling,secondary_baseline,prior,5,100,bayes_sample,greedy,pseudo_regret,1.3138771535426055,-1.8048940846129822,4.423876214558924,40,40,40,episode
e4_scaling,secondary_baseline,prior,10,100,bayes_sample,greedy,pseudo_regret,-1.630605123122029,-5.611858880185389,2.160181923985811,40,40,40,episode
e4_scaling,secondary_baseline,prior,15,100,bayes_sample,greedy,pseudo_regret,-0.9065308773690595,-5.38376813790078,3.193185458500356,40,40,40,episode
e4_scaling,secondary_baseline,clear,2,100,bayes_sample,greedy,reward,-0.45,-2.625,2.4,40,40,40,episode
e4_scaling,secondary_baseline,clear,3,100,bayes_sample,greedy,reward,-1.35,-3.25,0.9506249999999908,40,40,40,episode
e4_scaling,secondary_baseline,clear,5,100,bayes_sample,greedy,reward,-0.475,-2.65,2.1,40,40,40,episode
e4_scaling,secondary_baseline,clear,10,100,bayes_sample,greedy,reward,-1.775,-3.725,0.3,40,40,40,episode
e4_scaling,secondary_baseline,clear,15,100,bayes_sample,greedy,reward,-0.35,-3.425,3.325,40,40,40,episode
e4_scaling,secondary_baseline,close,2,100,bayes_sample,greedy,reward,-0.6,-1.575,0.525,40,40,40,episode
e4_scaling,secondary_baseline,close,3,100,bayes_sample,greedy,reward,0.075,-1.025,1.2,40,40,40,episode
e4_scaling,secondary_baseline,close,5,100,bayes_sample,greedy,reward,-1.425,-2.85,-0.05,40,40,40,episode
e4_scaling,secondary_baseline,close,10,100,bayes_sample,greedy,reward,0.325,-0.875,1.625,40,40,40,episode
e4_scaling,secondary_baseline,close,15,100,bayes_sample,greedy,reward,0.125,-1.65,1.925,40,40,40,episode
e4_scaling,secondary_baseline,prior,2,100,bayes_sample,greedy,reward,0.1,-1.9,2.725,40,40,40,episode
e4_scaling,secondary_baseline,prior,3,100,bayes_sample,greedy,reward,0.225,-1.6,2.325,40,40,40,episode
e4_scaling,secondary_baseline,prior,5,100,bayes_sample,greedy,reward,-1.325,-4.25,1.775,40,40,40,episode
e4_scaling,secondary_baseline,prior,10,100,bayes_sample,greedy,reward,1.175,-2.475,5.1,40,40,40,episode
e4_scaling,secondary_baseline,prior,15,100,bayes_sample,greedy,reward,1.525,-2.375,5.75,40,40,40,episode
e4_scaling,secondary_baseline,clear,2,100,bayes_sample,ids,pseudo_regret,1.75,1.42,2.07,40,40,40,episode
e4_scaling,secondary_baseline,clear,3,100,bayes_sample,ids,pseudo_regret,2.28,1.52,3.11,40,40,40,episode
e4_scaling,secondary_baseline,clear,5,100,bayes_sample,ids,pseudo_regret,2.9099999999999997,1.1199999999999999,4.83,40,40,40,episode
e4_scaling,secondary_baseline,clear,10,100,bayes_sample,ids,pseudo_regret,3.7399999999999993,0.45999999999999963,7.180249999999995,40,40,40,episode
e4_scaling,secondary_baseline,clear,15,100,bayes_sample,ids,pseudo_regret,-0.10000000000000045,-3.56,3.38,40,40,40,episode
e4_scaling,secondary_baseline,close,2,100,bayes_sample,ids,pseudo_regret,-0.04250000000000007,-0.3587812500000004,0.2400000000000002,40,40,40,episode
e4_scaling,secondary_baseline,close,3,100,bayes_sample,ids,pseudo_regret,0.23125000000000026,0.008750000000000013,0.4675000000000005,40,40,40,episode
e4_scaling,secondary_baseline,close,5,100,bayes_sample,ids,pseudo_regret,-0.04124999999999994,-0.30500000000000016,0.22000000000000028,40,40,40,episode
e4_scaling,secondary_baseline,close,10,100,bayes_sample,ids,pseudo_regret,0.13875000000000012,-0.2162500000000001,0.46875000000000033,40,40,40,episode
e4_scaling,secondary_baseline,close,15,100,bayes_sample,ids,pseudo_regret,-0.09250000000000007,-0.3000000000000002,0.08875000000000008,40,40,40,episode
e4_scaling,secondary_baseline,prior,2,100,bayes_sample,ids,pseudo_regret,1.7838928927376982,1.2500665653788707,2.369584179769279,40,40,40,episode
e4_scaling,secondary_baseline,prior,3,100,bayes_sample,ids,pseudo_regret,1.3581864998629745,0.1964936449656277,2.7936057313793863,40,40,40,episode
e4_scaling,secondary_baseline,prior,5,100,bayes_sample,ids,pseudo_regret,3.5490624497494694,1.3986322167981495,6.025056747480027,40,40,40,episode
e4_scaling,secondary_baseline,prior,10,100,bayes_sample,ids,pseudo_regret,3.1726614308605705,0.22837837540125666,6.048176132889113,40,40,40,episode
e4_scaling,secondary_baseline,prior,15,100,bayes_sample,ids,pseudo_regret,3.8134461133469713,1.2938974269070849,6.382544884407703,40,40,40,episode
e4_scaling,secondary_baseline,clear,2,100,bayes_sample,ids,reward,-1.775,-2.35,-1.25,40,40,40,episode
e4_scaling,secondary_baseline,clear,3,100,bayes_sample,ids,reward,-2.3,-3.275,-1.4,40,40,40,episode
e4_scaling,secondary_baseline,clear,5,100,bayes_sample,ids,reward,-3.45,-5.475,-1.575,40,40,40,episode
e4_scaling,secondary_baseline,clear,10,100,bayes_sample,ids,reward,-3.575,-7.25,-0.3,40,40,40,episode
e4_scaling,secondary_baseline,clear,15,100,bayes_sample,ids,reward,0.35,-3.125,3.75,40,40,40,episode
e4_scaling,secondary_baseline,close,2,100,bayes_sample,ids,reward,-0.4,-1.025,0.225,40,40,40,episode
e4_scaling,secondary_baseline,close,3,100,bayes_sample,ids,reward,-0.275,-1.325,0.625,40,40,40,episode
e4_scaling,secondary_baseline,close,5,100,bayes_sample,ids,reward,-0.225,-1.25,0.75,40,40,40,episode
e4_scaling,secondary_baseline,close,10,100,bayes_sample,ids,reward,-1.1,-2.45,0.3,40,40,40,episode
e4_scaling,secondary_baseline,close,15,100,bayes_sample,ids,reward,-0.925,-2.35,0.625,40,40,40,episode
e4_scaling,secondary_baseline,prior,2,100,bayes_sample,ids,reward,-1.925,-2.625,-1.25,40,40,40,episode
e4_scaling,secondary_baseline,prior,3,100,bayes_sample,ids,reward,-1.3,-2.85,0.225,40,40,40,episode
e4_scaling,secondary_baseline,prior,5,100,bayes_sample,ids,reward,-3.225,-5.25,-1.35,40,40,40,episode
e4_scaling,secondary_baseline,prior,10,100,bayes_sample,ids,reward,-2.925,-5.8,-0.075,40,40,40,episode
e4_scaling,secondary_baseline,prior,15,100,bayes_sample,ids,reward,-3.15,-5.7,-0.725,40,40,40,episode
e4_scaling,secondary_baseline,clear,2,100,bayes_sample,knowledge_gradient,pseudo_regret,2.3499999999999996,1.9799999999999998,2.7399999999999993,40,40,40,episode
e4_scaling,secondary_baseline,clear,3,100,bayes_sample,knowledge_gradient,pseudo_regret,2.8699999999999997,2.1899999999999995,3.5699999999999994,40,40,40,episode
e4_scaling,secondary_baseline,clear,5,100,bayes_sample,knowledge_gradient,pseudo_regret,4.249999999999999,2.6799999999999997,5.799999999999999,40,40,40,episode
e4_scaling,secondary_baseline,clear,10,100,bayes_sample,knowledge_gradient,pseudo_regret,7.489999999999999,4.789999999999999,10.339999999999998,40,40,40,episode
e4_scaling,secondary_baseline,clear,15,100,bayes_sample,knowledge_gradient,pseudo_regret,2.6799999999999997,-0.20024999999999943,5.690249999999996,40,40,40,episode
e4_scaling,secondary_baseline,close,2,100,bayes_sample,knowledge_gradient,pseudo_regret,0.006250000000000028,-0.32000000000000034,0.3075000000000002,40,40,40,episode
e4_scaling,secondary_baseline,close,3,100,bayes_sample,knowledge_gradient,pseudo_regret,0.12125000000000012,-0.10000000000000005,0.3662812499999999,40,40,40,episode
e4_scaling,secondary_baseline,close,5,100,bayes_sample,knowledge_gradient,pseudo_regret,0.13500000000000018,-0.1800000000000001,0.4862500000000004,40,40,40,episode
e4_scaling,secondary_baseline,close,10,100,bayes_sample,knowledge_gradient,pseudo_regret,0.001249999999999929,-0.3550000000000003,0.36878124999999984,40,40,40,episode
e4_scaling,secondary_baseline,close,15,100,bayes_sample,knowledge_gradient,pseudo_regret,-0.05625000000000015,-0.25625000000000026,0.11503124999999961,40,40,40,episode
e4_scaling,secondary_baseline,prior,2,100,bayes_sample,knowledge_gradient,pseudo_regret,1.7975622100120112,1.2558008637188316,2.329669150892883,40,40,40,episode
e4_scaling,secondary_baseline,prior,3,100,bayes_sample,knowledge_gradient,pseudo_regret,1.2558361130283215,0.13795679843836872,2.3168481350769583,40,40,40,episode
e4_scaling,secondary_baseline,prior,5,100,bayes_sample,knowledge_gradient,pseudo_regret,2.890030229959227,0.4530695583436014,5.510428023606036,40,40,40,episode
e4_scaling,secondary_baseline,prior,10,100,bayes_sample,knowledge_gradient,pseudo_regret,2.9550954632646604,-0.5517145806291762,6.331525720923704,40,40,40,episode
e4_scaling,secondary_baseline,prior,15,100,bayes_sample,knowledge_gradient,pseudo_regret,5.432311720850893,2.274469636764379,8.73416155399344,40,40,40,episode
e4_scaling,secondary_baseline,clear,2,100,bayes_sample,knowledge_gradient,reward,-2.525,-3.1,-1.95,40,40,40,episode
e4_scaling,secondary_baseline,clear,3,100,bayes_sample,knowledge_gradient,reward,-3.05,-3.9,-2.25,40,40,40,episode
e4_scaling,secondary_baseline,clear,5,100,bayes_sample,knowledge_gradient,reward,-4.3,-6.125,-2.525,40,40,40,episode
e4_scaling,secondary_baseline,clear,10,100,bayes_sample,knowledge_gradient,reward,-6.875,-9.850624999999999,-4.175,40,40,40,episode
e4_scaling,secondary_baseline,clear,15,100,bayes_sample,knowledge_gradient,reward,-2.6,-5.6,0.275,40,40,40,episode
e4_scaling,secondary_baseline,close,2,100,bayes_sample,knowledge_gradient,reward,-0.725,-1.325,-0.075,40,40,40,episode
e4_scaling,secondary_baseline,close,3,100,bayes_sample,knowledge_gradient,reward,-0.2,-1.175,0.75,40,40,40,episode
e4_scaling,secondary_baseline,close,5,100,bayes_sample,knowledge_gradient,reward,-0.5,-1.5,0.45,40,40,40,episode
e4_scaling,secondary_baseline,close,10,100,bayes_sample,knowledge_gradient,reward,0.25,-1.05,1.575,40,40,40,episode
e4_scaling,secondary_baseline,close,15,100,bayes_sample,knowledge_gradient,reward,-0.6,-1.975,0.85,40,40,40,episode
e4_scaling,secondary_baseline,prior,2,100,bayes_sample,knowledge_gradient,reward,-2.0,-2.7,-1.3,40,40,40,episode
e4_scaling,secondary_baseline,prior,3,100,bayes_sample,knowledge_gradient,reward,-0.925,-2.3,0.625,40,40,40,episode
e4_scaling,secondary_baseline,prior,5,100,bayes_sample,knowledge_gradient,reward,-2.275,-4.3,-0.25,40,40,40,episode
e4_scaling,secondary_baseline,prior,10,100,bayes_sample,knowledge_gradient,reward,-3.05,-6.25,0.25,40,40,40,episode
e4_scaling,secondary_baseline,prior,15,100,bayes_sample,knowledge_gradient,reward,-4.875,-8.2,-1.65,40,40,40,episode
e4_scaling,planned_comparison,clear,2,100,bayes_sample,ts,pseudo_regret,0.20999999999999996,-0.25,0.6399999999999999,40,40,40,episode
e4_scaling,planned_comparison,clear,3,100,bayes_sample,ts,pseudo_regret,-1.1099999999999999,-2.1699999999999995,-0.01975000000000342,40,40,40,episode
e4_scaling,planned_comparison,clear,5,100,bayes_sample,ts,pseudo_regret,-2.35,-4.08,-0.4700000000000003,40,40,40,episode
e4_scaling,planned_comparison,clear,10,100,bayes_sample,ts,pseudo_regret,-5.3199999999999985,-8.819999999999999,-1.7600000000000002,40,40,40,episode
e4_scaling,planned_comparison,clear,15,100,bayes_sample,ts,pseudo_regret,-8.5,-12.169999999999998,-4.909999999999999,40,40,40,episode
e4_scaling,planned_comparison,close,2,100,bayes_sample,ts,pseudo_regret,0.02625000000000004,-0.22753125000000018,0.2862500000000002,40,40,40,episode
e4_scaling,planned_comparison,close,3,100,bayes_sample,ts,pseudo_regret,0.3525000000000003,0.0825000000000001,0.6075000000000006,40,40,40,episode
e4_scaling,planned_comparison,close,5,100,bayes_sample,ts,pseudo_regret,-0.1237500000000001,-0.42625000000000046,0.16875000000000023,40,40,40,episode
e4_scaling,planned_comparison,close,10,100,bayes_sample,ts,pseudo_regret,-0.0012499999999999955,-0.3412500000000002,0.29003124999999985,40,40,40,episode
e4_scaling,planned_comparison,close,15,100,bayes_sample,ts,pseudo_regret,-0.18125000000000005,-0.4650000000000004,0.0650000000000002,40,40,40,episode
e4_scaling,planned_comparison,prior,2,100,bayes_sample,ts,pseudo_regret,0.9449839549254391,0.4178783868624093,1.5058398540594151,40,40,40,episode
e4_scaling,planned_comparison,prior,3,100,bayes_sample,ts,pseudo_regret,-0.16632217224022133,-1.16007114411175,0.9742998888508627,40,40,40,episode
e4_scaling,planned_comparison,prior,5,100,bayes_sample,ts,pseudo_regret,0.10310634341799005,-1.8161940384554103,2.0658050894759734,40,40,40,episode
e4_scaling,planned_comparison,prior,10,100,bayes_sample,ts,pseudo_regret,-3.284801307726608,-5.718038732223311,-0.744134729929398,40,40,40,episode
e4_scaling,planned_comparison,prior,15,100,bayes_sample,ts,pseudo_regret,-3.5975138118049586,-5.992633227129269,-1.1274130172748982,40,40,40,episode
e4_scaling,planned_comparison,clear,2,100,bayes_sample,ts,reward,-0.575,-1.075,-0.05,40,40,40,episode
e4_scaling,planned_comparison,clear,3,100,bayes_sample,ts,reward,0.6,-0.5,1.6,40,40,40,episode
e4_scaling,planned_comparison,clear,5,100,bayes_sample,ts,reward,1.65,-0.375,3.425,40,40,40,episode
e4_scaling,planned_comparison,clear,10,100,bayes_sample,ts,reward,4.725,0.925,8.4,40,40,40,episode
e4_scaling,planned_comparison,clear,15,100,bayes_sample,ts,reward,8.325,4.575,11.85,40,40,40,episode
e4_scaling,planned_comparison,close,2,100,bayes_sample,ts,reward,-0.225,-1.0,0.55,40,40,40,episode
e4_scaling,planned_comparison,close,3,100,bayes_sample,ts,reward,-0.225,-1.175,0.75,40,40,40,episode
e4_scaling,planned_comparison,close,5,100,bayes_sample,ts,reward,-0.3,-1.275,0.65,40,40,40,episode
e4_scaling,planned_comparison,close,10,100,bayes_sample,ts,reward,0.1,-1.325,1.55,40,40,40,episode
e4_scaling,planned_comparison,close,15,100,bayes_sample,ts,reward,-1.125,-3.075,0.85,40,40,40,episode
e4_scaling,planned_comparison,prior,2,100,bayes_sample,ts,reward,-0.8,-1.5,-0.05,40,40,40,episode
e4_scaling,planned_comparison,prior,3,100,bayes_sample,ts,reward,0.3,-0.975,1.525,40,40,40,episode
e4_scaling,planned_comparison,prior,5,100,bayes_sample,ts,reward,-0.15,-2.025,1.65,40,40,40,episode
e4_scaling,planned_comparison,prior,10,100,bayes_sample,ts,reward,2.075,-0.325,4.525,40,40,40,episode
e4_scaling,planned_comparison,prior,15,100,bayes_sample,ts,reward,4.075,1.5,6.575,40,40,40,episode
e4_scaling,secondary_baseline,clear,2,100,bayes_sample,ucb1,pseudo_regret,-4.039999999999999,-4.589999999999999,-3.4799999999999995,40,40,40,episode
e4_scaling,secondary_baseline,clear,3,100,bayes_sample,ucb1,pseudo_regret,-8.09,-9.309999999999999,-6.7,40,40,40,episode
e4_scaling,secondary_baseline,clear,5,100,bayes_sample,ucb1,pseudo_regret,-11.989999999999998,-13.979999999999999,-9.839999999999998,40,40,40,episode
e4_scaling,secondary_baseline,clear,10,100,bayes_sample,ucb1,pseudo_regret,-12.73,-16.559999999999995,-8.86,40,40,40,episode
e4_scaling,secondary_baseline,clear,15,100,bayes_sample,ucb1,pseudo_regret,-13.719999999999999,-17.889999999999997,-9.48,40,40,40,episode
e4_scaling,secondary_baseline,close,2,100,bayes_sample,ucb1,pseudo_regret,0.03750000000000003,-0.40000000000000036,0.49250000000000044,40,40,40,episode
e4_scaling,secondary_baseline,close,3,100,bayes_sample,ucb1,pseudo_regret,0.26625000000000026,-0.18250000000000008,0.6850000000000007,40,40,40,episode
e4_scaling,secondary_baseline,close,5,100,bayes_sample,ucb1,pseudo_regret,-0.21875000000000008,-0.6600312500000006,0.1762500000000003,40,40,40,episode
e4_scaling,secondary_baseline,close,10,100,bayes_sample,ucb1,pseudo_regret,-0.005000000000000049,-0.34875000000000034,0.29000000000000015,40,40,40,episode
e4_scaling,secondary_baseline,close,15,100,bayes_sample,ucb1,pseudo_regret,-0.21500000000000014,-0.5437500000000004,0.07128124999999977,40,40,40,episode
e4_scaling,secondary_baseline,prior,2,100,bayes_sample,ucb1,pseudo_regret,-2.0564809531858783,-3.032136458943729,-1.0030558140526589,40,40,40,episode
e4_scaling,secondary_baseline,prior,3,100,bayes_sample,ucb1,pseudo_regret,-4.727742296703802,-6.185213635404572,-3.09086656290975,40,40,40,episode
e4_scaling,secondary_baseline,prior,5,100,bayes_sample,ucb1,pseudo_regret,-9.358409065844926,-11.448626370433344,-7.106600629100847,40,40,40,episode
e4_scaling,secondary_baseline,prior,10,100,bayes_sample,ucb1,pseudo_regret,-17.34577010897609,-19.983500143081496,-14.582036051513816,40,40,40,episode
e4_scaling,secondary_baseline,prior,15,100,bayes_sample,ucb1,pseudo_regret,-16.569828189683893,-19.490606572130137,-13.736774220343184,40,40,40,episode
e4_scaling,secondary_baseline,clear,2,100,bayes_sample,ucb1,reward,3.625,3.025,4.225,40,40,40,episode
e4_scaling,secondary_baseline,clear,3,100,bayes_sample,ucb1,reward,7.425,5.95,8.7,40,40,40,episode
e4_scaling,secondary_baseline,clear,5,100,bayes_sample,ucb1,reward,11.575,9.225,13.675,40,40,40,episode
e4_scaling,secondary_baseline,clear,10,100,bayes_sample,ucb1,reward,12.325,8.15,16.45062499999999,40,40,40,episode
e4_scaling,secondary_baseline,clear,15,100,bayes_sample,ucb1,reward,14.0,9.5,18.5,40,40,40,episode
e4_scaling,secondary_baseline,close,2,100,bayes_sample,ucb1,reward,-0.6,-1.9,0.575,40,40,40,episode
e4_scaling,secondary_baseline,close,3,100,bayes_sample,ucb1,reward,-0.6,-2.075,0.85,40,40,40,episode
e4_scaling,secondary_baseline,close,5,100,bayes_sample,ucb1,reward,0.025,-1.15,1.2,40,40,40,episode
e4_scaling,secondary_baseline,close,10,100,bayes_sample,ucb1,reward,0.175,-1.3,1.65,40,40,40,episode
e4_scaling,secondary_baseline,close,15,100,bayes_sample,ucb1,reward,-0.425,-2.525,1.65,40,40,40,episode
e4_scaling,secondary_baseline,prior,2,100,bayes_sample,ucb1,reward,1.75,0.725,2.725,40,40,40,episode
e4_scaling,secondary_baseline,prior,3,100,bayes_sample,ucb1,reward,4.875,3.2,6.425,40,40,40,episode
e4_scaling,secondary_baseline,prior,5,100,bayes_sample,ucb1,reward,8.5,6.325,10.675,40,40,40,episode
e4_scaling,secondary_baseline,prior,10,100,bayes_sample,ucb1,reward,16.675,13.6,19.7,40,40,40,episode
e4_scaling,secondary_baseline,prior,15,100,bayes_sample,ucb1,reward,17.075,14.125,20.050624999999993,40,40,40,episode
e4_scaling,secondary_baseline,clear,2,100,counts_direct,bayes_ucb,pseudo_regret,0.5899999999999997,-1.10025,2.9699999999999993,40,40,40,episode
e4_scaling,secondary_baseline,clear,3,100,counts_direct,bayes_ucb,pseudo_regret,7.909999999999999,2.94,13.179999999999998,40,40,40,episode
e4_scaling,secondary_baseline,clear,5,100,counts_direct,bayes_ucb,pseudo_regret,16.04,10.1295,21.66,40,40,40,episode
e4_scaling,secondary_baseline,clear,10,100,counts_direct,bayes_ucb,pseudo_regret,11.420000000000002,6.080000000000001,16.38025,40,40,40,episode
e4_scaling,secondary_baseline,clear,15,100,counts_direct,bayes_ucb,pseudo_regret,8.170000000000002,3.370000000000002,12.580249999999998,40,40,40,episode
e4_scaling,secondary_baseline,close,2,100,counts_direct,bayes_ucb,pseudo_regret,0.34250000000000036,-0.30375000000000024,0.9875000000000009,40,40,40,episode
e4_scaling,secondary_baseline,close,3,100,counts_direct,bayes_ucb,pseudo_regret,0.2587500000000003,-0.4437812500000004,0.9175312500000006,40,40,40,episode
e4_scaling,secondary_baseline,close,5,100,counts_direct,bayes_ucb,pseudo_regret,0.07250000000000015,-0.5325000000000004,0.6450000000000007,40,40,40,episode
e4_scaling,secondary_baseline,close,10,100,counts_direct,bayes_ucb,pseudo_regret,0.1637500000000002,-0.37253125000000037,0.6137500000000006,40,40,40,episode
e4_scaling,secondary_baseline,close,15,100,counts_direct,bayes_ucb,pseudo_regret,0.21250000000000036,-0.13128124999999996,0.4662500000000005,40,40,40,episode
e4_scaling,secondary_baseline,prior,2,100,counts_direct,bayes_ucb,pseudo_regret,1.1201264761179412,-0.2735689371157849,2.964625812796489,40,40,40,episode
e4_scaling,secondary_baseline,prior,3,100,counts_direct,bayes_ucb,pseudo_regret,0.5948880308618225,-1.4524768098918135,3.1591770422340457,40,40,40,episode
e4_scaling,secondary_baseline,prior,5,100,counts_direct,bayes_ucb,pseudo_regret,7.72810842903786,1.9705013087503216,14.020910894352856,40,40,40,episode
e4_scaling,secondary_baseline,prior,10,100,counts_direct,bayes_ucb,pseudo_regret,11.472976084472702,4.547466148175494,19.086434085089653,40,40,40,episode
e4_scaling,secondary_baseline,prior,15,100,counts_direct,bayes_ucb,pseudo_regret,10.282113052079744,4.786208929440182,16.142290746266767,40,40,40,episode
e4_scaling,secondary_baseline,clear,2,100,counts_direct,bayes_ucb,reward,-0.325,-2.725,1.450624999999991,40,40,40,episode
e4_scaling,secondary_baseline,clear,3,100,counts_direct,bayes_ucb,reward,-7.6,-12.875,-2.65,40,40,40,episode
e4_scaling,secondary_baseline,clear,5,100,counts_direct,bayes_ucb,reward,-16.25,-21.725,-10.7,40,40,40,episode
e4_scaling,secondary_baseline,clear,10,100,counts_direct,bayes_ucb,reward,-12.15,-17.750625,-6.4,40,40,40,episode
e4_scaling,secondary_baseline,clear,15,100,counts_direct,bayes_ucb,reward,-8.55,-13.525,-3.35,40,40,40,episode
e4_scaling,secondary_baseline,close,2,100,counts_direct,bayes_ucb,reward,-0.225,-1.55,1.0,40,40,40,episode
e4_scaling,secondary_baseline,close,3,100,counts_direct,bayes_ucb,reward,0.075,-1.7,1.900624999999991,40,40,40,episode
e4_scaling,secondary_baseline,close,5,100,counts_direct,bayes_ucb,reward,1.125,-1.05,3.25,40,40,40,episode
e4_scaling,secondary_baseline,close,10,100,counts_direct,bayes_ucb,reward,0.55,-1.4,2.550624999999991,40,40,40,episode
e4_scaling,secondary_baseline,close,15,100,counts_direct,bayes_ucb,reward,-1.7,-3.85,0.425,40,40,40,episode
e4_scaling,secondary_baseline,prior,2,100,counts_direct,bayes_ucb,reward,-0.875,-2.5,0.5,40,40,40,episode
e4_scaling,secondary_baseline,prior,3,100,counts_direct,bayes_ucb,reward,-0.65,-3.05,1.375,40,40,40,episode
e4_scaling,secondary_baseline,prior,5,100,counts_direct,bayes_ucb,reward,-7.775,-13.8,-2.2,40,40,40,episode
e4_scaling,secondary_baseline,prior,10,100,counts_direct,bayes_ucb,reward,-11.6,-18.775,-4.75,40,40,40,episode
e4_scaling,secondary_baseline,prior,15,100,counts_direct,bayes_ucb,reward,-10.15,-16.350625,-4.475,40,40,40,episode
e4_scaling,secondary_baseline,clear,2,100,counts_direct,finite_ap_index,pseudo_regret,1.4,-0.4,3.94,40,40,40,episode
e4_scaling,secondary_baseline,clear,3,100,counts_direct,finite_ap_index,pseudo_regret,9.290000000000001,4.4799999999999995,14.609999999999996,40,40,40,episode
e4_scaling,secondary_baseline,clear,5,100,counts_direct,finite_ap_index,pseudo_regret,18.71,13.009749999999997,24.309999999999995,40,40,40,episode
e4_scaling,secondary_baseline,clear,10,100,counts_direct,finite_ap_index,pseudo_regret,16.98,11.760000000000002,21.910249999999998,40,40,40,episode
e4_scaling,secondary_baseline,clear,15,100,counts_direct,finite_ap_index,pseudo_regret,14.010000000000002,8.84975,18.839999999999996,40,40,40,episode
e4_scaling,secondary_baseline,close,2,100,counts_direct,finite_ap_index,pseudo_regret,0.21375000000000025,-0.36375000000000013,0.8062500000000007,40,40,40,episode
e4_scaling,secondary_baseline,close,3,100,counts_direct,finite_ap_index,pseudo_regret,0.12250000000000023,-0.5087500000000003,0.7600000000000008,40,40,40,episode
e4_scaling,secondary_baseline,close,5,100,counts_direct,finite_ap_index,pseudo_regret,0.10375000000000015,-0.45753125000000033,0.6400000000000007,40,40,40,episode
e4_scaling,secondary_baseline,close,10,100,counts_direct,finite_ap_index,pseudo_regret,0.27375000000000027,-0.24750000000000014,0.7475000000000007,40,40,40,episode
e4_scaling,secondary_baseline,close,15,100,counts_direct,finite_ap_index,pseudo_regret,0.3075000000000002,-0.08500000000000005,0.6462500000000005,40,40,40,episode
e4_scaling,secondary_baseline,prior,2,100,counts_direct,finite_ap_index,pseudo_regret,1.1624422166629818,-0.13175691062890263,2.9379222021192213,40,40,40,episode
e4_scaling,secondary_baseline,prior,3,100,counts_direct,finite_ap_index,pseudo_regret,0.444032138722125,-1.5097865939844415,2.69316959236111,40,40,40,episode
e4_scaling,secondary_baseline,prior,5,100,counts_direct,finite_ap_index,pseudo_regret,9.192828036575046,3.4149553825217143,15.498165188968873,40,40,40,episode
e4_scaling,secondary_baseline,prior,10,100,counts_direct,finite_ap_index,pseudo_regret,13.577915425122006,6.415648862434558,21.34340499440269,40,40,40,episode
e4_scaling,secondary_baseline,prior,15,100,counts_direct,finite_ap_index,pseudo_regret,10.503202808575997,5.483305496067543,15.658567209219557,40,40,40,episode
e4_scaling,secondary_baseline,clear,2,100,counts_direct,finite_ap_index,reward,-1.1,-3.525,0.625,40,40,40,episode
e4_scaling,secondary_baseline,clear,3,100,counts_direct,finite_ap_index,reward,-9.025,-14.25,-4.325,40,40,40,episode
e4_scaling,secondary_baseline,clear,5,100,counts_direct,finite_ap_index,reward,-18.725,-24.125,-13.15,40,40,40,episode
e4_scaling,secondary_baseline,clear,10,100,counts_direct,finite_ap_index,reward,-17.35,-22.85,-11.54937500000001,40,40,40,episode
e4_scaling,secondary_baseline,clear,15,100,counts_direct,finite_ap_index,reward,-14.075,-19.375625,-8.574375000000009,40,40,40,episode
e4_scaling,secondary_baseline,close,2,100,counts_direct,finite_ap_index,reward,0.25,-0.975,1.375,40,40,40,episode
e4_scaling,secondary_baseline,close,3,100,counts_direct,finite_ap_index,reward,0.275,-1.175,1.675624999999991,40,40,40,episode
e4_scaling,secondary_baseline,close,5,100,counts_direct,finite_ap_index,reward,1.325,-0.625,3.25,40,40,40,episode
e4_scaling,secondary_baseline,close,10,100,counts_direct,finite_ap_index,reward,0.375,-1.525,2.3,40,40,40,episode
e4_scaling,secondary_baseline,close,15,100,counts_direct,finite_ap_index,reward,-0.95,-3.05,1.15,40,40,40,episode
e4_scaling,secondary_baseline,prior,2,100,counts_direct,finite_ap_index,reward,-1.0,-2.675,0.375,40,40,40,episode
e4_scaling,secondary_baseline,prior,3,100,counts_direct,finite_ap_index,reward,-0.475,-2.4756249999999995,1.425,40,40,40,episode
e4_scaling,secondary_baseline,prior,5,100,counts_direct,finite_ap_index,reward,-9.575,-15.775,-3.9,40,40,40,episode
e4_scaling,secondary_baseline,prior,10,100,counts_direct,finite_ap_index,reward,-12.65,-19.85,-5.825,40,40,40,episode
e4_scaling,secondary_baseline,prior,15,100,counts_direct,finite_ap_index,reward,-10.625,-16.100625,-5.35,40,40,40,episode
e4_scaling,secondary_baseline,clear,2,100,counts_direct,greedy,pseudo_regret,-0.4900000000000001,-2.6499999999999995,1.1102499999999964,40,40,40,episode
e4_scaling,secondary_baseline,clear,3,100,counts_direct,greedy,pseudo_regret,8.0,3.8300000000000005,12.709999999999997,40,40,40,episode
e4_scaling,secondary_baseline,clear,5,100,counts_direct,greedy,pseudo_regret,15.810000000000002,10.530000000000001,21.16,40,40,40,episode
e4_scaling,secondary_baseline,clear,10,100,counts_direct,greedy,pseudo_regret,13.960000000000003,9.14,19.03025,40,40,40,episode
e4_scaling,secondary_baseline,clear,15,100,counts_direct,greedy,pseudo_regret,13.260000000000002,8.099750000000002,18.490000000000002,40,40,40,episode
e4_scaling,secondary_baseline,close,2,100,counts_direct,greedy,pseudo_regret,0.10000000000000009,-0.2837500000000003,0.48375000000000046,40,40,40,episode
e4_scaling,secondary_baseline,close,3,100,counts_direct,greedy,pseudo_regret,-0.45375000000000043,-1.038750000000001,0.10375000000000004,40,40,40,episode
e4_scaling,secondary_baseline,close,5,100,counts_direct,greedy,pseudo_regret,0.5450000000000005,-0.10750000000000011,1.191250000000001,40,40,40,episode
e4_scaling,secondary_baseline,close,10,100,counts_direct,greedy,pseudo_regret,0.2212500000000001,-0.3037812500000003,0.7425000000000006,40,40,40,episode
e4_scaling,secondary_baseline,close,15,100,counts_direct,greedy,pseudo_regret,0.4462500000000003,-0.025031250000000057,0.9487812500000004,40,40,40,episode
e4_scaling,secondary_baseline,prior,2,100,counts_direct,greedy,pseudo_regret,-0.19323527939819557,-2.7660922814597915,1.9658193575178946,40,40,40,episode
e4_scaling,secondary_baseline,prior,3,100,counts_direct,greedy,pseudo_regret,-1.5197978595217143,-3.53725981330651,0.49267193367283396,40,40,40,episode
e4_scaling,secondary_baseline,prior,5,100,counts_direct,greedy,pseudo_regret,6.715739320271098,0.5002400507183412,13.52822587982666,40,40,40,episode
e4_scaling,secondary_baseline,prior,10,100,counts_direct,greedy,pseudo_regret,8.16342121429641,0.32678108537925366,16.5044615677646,40,40,40,episode
e4_scaling,secondary_baseline,prior,15,100,counts_direct,greedy,pseudo_regret,5.249607205970397,-1.1075845384894552,11.957487390899686,40,40,40,episode
e4_scaling,secondary_baseline,clear,2,100,counts_direct,greedy,reward,0.65,-0.875,2.925,40,40,40,episode
e4_scaling,secondary_baseline,clear,3,100,counts_direct,greedy,reward,-7.625,-12.200624999999999,-3.525,40,40,40,episode
e4_scaling,secondary_baseline,clear,5,100,counts_direct,greedy,reward,-15.25,-20.475,-9.875,40,40,40,episode
e4_scaling,secondary_baseline,clear,10,100,counts_direct,greedy,reward,-14.175,-19.475625,-9.025,40,40,40,episode
e4_scaling,secondary_baseline,clear,15,100,counts_direct,greedy,reward,-13.225,-18.650624999999998,-7.75,40,40,40,episode
e4_scaling,secondary_baseline,close,2,100,counts_direct,greedy,reward,-0.1,-0.875,0.55,40,40,40,episode
e4_scaling,secondary_baseline,close,3,100,counts_direct,greedy,reward,0.575,-0.625,1.8,40,40,40,episode
e4_scaling,secondary_baseline,close,5,100,counts_direct,greedy,reward,0.05,-1.325,1.4,40,40,40,episode
e4_scaling,secondary_baseline,close,10,100,counts_direct,greedy,reward,1.55,-0.275,3.425,40,40,40,episode
e4_scaling,secondary_baseline,close,15,100,counts_direct,greedy,reward,-0.325,-2.5,1.9,40,40,40,episode
e4_scaling,secondary_baseline,prior,2,100,counts_direct,greedy,reward,0.875,-1.125,3.4,40,40,40,episode
e4_scaling,secondary_baseline,prior,3,100,counts_direct,greedy,reward,0.9,-0.825,2.7,40,40,40,episode
e4_scaling,secondary_baseline,prior,5,100,counts_direct,greedy,reward,-7.15,-13.375625,-1.15,40,40,40,episode
e4_scaling,secondary_baseline,prior,10,100,counts_direct,greedy,reward,-8.0,-15.575,-0.55,40,40,40,episode
e4_scaling,secondary_baseline,prior,15,100,counts_direct,greedy,reward,-5.325,-12.025,1.25,40,40,40,episode
e4_scaling,secondary_baseline,clear,2,100,counts_direct,ids,pseudo_regret,1.0499999999999998,-0.6799999999999999,3.45,40,40,40,episode
e4_scaling,secondary_baseline,clear,3,100,counts_direct,ids,pseudo_regret,8.92,3.9400000000000004,14.210249999999995,40,40,40,episode
e4_scaling,secondary_baseline,clear,5,100,counts_direct,ids,pseudo_regret,18.080000000000002,12.44,23.510249999999996,40,40,40,episode
e4_scaling,secondary_baseline,clear,10,100,counts_direct,ids,pseudo_regret,15.75,10.64,20.55,40,40,40,episode
e4_scaling,secondary_baseline,clear,15,100,counts_direct,ids,pseudo_regret,12.429999999999998,7.5600000000000005,16.869999999999997,40,40,40,episode
e4_scaling,secondary_baseline,close,2,100,counts_direct,ids,pseudo_regret,0.2575000000000003,-0.33500000000000024,0.8512500000000008,40,40,40,episode
e4_scaling,secondary_baseline,close,3,100,counts_direct,ids,pseudo_regret,0.14875000000000022,-0.5100000000000003,0.8000000000000007,40,40,40,episode
e4_scaling,secondary_baseline,close,5,100,counts_direct,ids,pseudo_regret,0.07125000000000015,-0.5012500000000003,0.6212500000000005,40,40,40,episode
e4_scaling,secondary_baseline,close,10,100,counts_direct,ids,pseudo_regret,0.20500000000000015,-0.3325000000000002,0.6575000000000006,40,40,40,episode
e4_scaling,secondary_baseline,close,15,100,counts_direct,ids,pseudo_regret,0.24875000000000025,-0.11500000000000007,0.5387500000000005,40,40,40,episode
e4_scaling,secondary_baseline,prior,2,100,counts_direct,ids,pseudo_regret,1.2016971031379526,-0.10760675264440786,2.9742872880996902,40,40,40,episode
e4_scaling,secondary_baseline,prior,3,100,counts_direct,ids,pseudo_regret,0.5052898900766598,-1.875933941373839,3.5489039805369114,40,40,40,episode
e4_scaling,secondary_baseline,prior,5,100,counts_direct,ids,pseudo_regret,8.95092461647796,3.103368847136312,15.322067173326694,40,40,40,episode
e4_scaling,secondary_baseline,prior,10,100,counts_direct,ids,pseudo_regret,12.966687768279007,5.664708933456206,20.784308673868395,40,40,40,episode
e4_scaling,secondary_baseline,prior,15,100,counts_direct,ids,pseudo_regret,9.96958419668643,4.993422912165255,15.1444593158418,40,40,40,episode
e4_scaling,secondary_baseline,clear,2,100,counts_direct,ids,reward,-0.675,-3.2,1.05,40,40,40,episode
e4_scaling,secondary_baseline,clear,3,100,counts_direct,ids,reward,-8.575,-13.900625,-3.699375000000009,40,40,40,episode
e4_scaling,secondary_baseline,clear,5,100,counts_direct,ids,reward,-18.225,-23.450625,-12.775,40,40,40,episode
e4_scaling,secondary_baseline,clear,10,100,counts_direct,ids,reward,-15.975,-21.35,-10.5,40,40,40,episode
e4_scaling,secondary_baseline,clear,15,100,counts_direct,ids,reward,-12.525,-17.600625,-7.4,40,40,40,episode
e4_scaling,secondary_baseline,close,2,100,counts_direct,ids,reward,0.1,-1.2,1.35,40,40,40,episode
e4_scaling,secondary_baseline,close,3,100,counts_direct,ids,reward,0.225,-1.35,1.775,40,40,40,episode
e4_scaling,secondary_baseline,close,5,100,counts_direct,ids,reward,1.25,-0.95,3.3,40,40,40,episode
e4_scaling,secondary_baseline,close,10,100,counts_direct,ids,reward,0.125,-1.875,2.075,40,40,40,episode
e4_scaling,secondary_baseline,close,15,100,counts_direct,ids,reward,-1.375,-3.375,0.625,40,40,40,episode
e4_scaling,secondary_baseline,prior,2,100,counts_direct,ids,reward,-1.15,-2.75,0.175,40,40,40,episode
e4_scaling,secondary_baseline,prior,3,100,counts_direct,ids,reward,-0.625,-3.4,1.6,40,40,40,episode
e4_scaling,secondary_baseline,prior,5,100,counts_direct,ids,reward,-9.05,-15.25,-3.55,40,40,40,episode
e4_scaling,secondary_baseline,prior,10,100,counts_direct,ids,reward,-12.1,-19.300625,-5.25,40,40,40,episode
e4_scaling,secondary_baseline,prior,15,100,counts_direct,ids,reward,-10.0,-15.575624999999999,-4.725,40,40,40,episode
e4_scaling,secondary_baseline,clear,2,100,counts_direct,knowledge_gradient,pseudo_regret,1.65,-0.15,4.139999999999999,40,40,40,episode
e4_scaling,secondary_baseline,clear,3,100,counts_direct,knowledge_gradient,pseudo_regret,9.51,4.739750000000001,14.580249999999994,40,40,40,episode
e4_scaling,secondary_baseline,clear,5,100,counts_direct,knowledge_gradient,pseudo_regret,19.419999999999998,13.95,24.75,40,40,40,episode
e4_scaling,secondary_baseline,clear,10,100,counts_direct,knowledge_gradient,pseudo_regret,19.5,14.4595,24.360000000000003,40,40,40,episode
e4_scaling,secondary_baseline,clear,15,100,counts_direct,knowledge_gradient,pseudo_regret,15.210000000000003,10.700000000000001,19.619999999999997,40,40,40,episode
e4_scaling,secondary_baseline,close,2,100,counts_direct,knowledge_gradient,pseudo_regret,0.3062500000000004,-0.21500000000000008,0.8225312500000005,40,40,40,episode
e4_scaling,secondary_baseline,close,3,100,counts_direct,knowledge_gradient,pseudo_regret,0.038750000000000104,-0.5962812500000003,0.6625312500000003,40,40,40,episode
e4_scaling,secondary_baseline,close,5,100,counts_direct,knowledge_gradient,pseudo_regret,0.24750000000000033,-0.3662500000000003,0.8525312500000005,40,40,40,episode
e4_scaling,secondary_baseline,close,10,100,counts_direct,knowledge_gradient,pseudo_regret,0.06749999999999998,-0.43250000000000044,0.5175000000000004,40,40,40,episode
e4_scaling,secondary_baseline,close,15,100,counts_direct,knowledge_gradient,pseudo_regret,0.28500000000000014,-0.10128125000000017,0.6387812500000002,40,40,40,episode
e4_scaling,secondary_baseline,prior,2,100,counts_direct,knowledge_gradient,pseudo_regret,1.2153664204122658,-0.09649782188997595,2.975794849064392,40,40,40,episode
e4_scaling,secondary_baseline,prior,3,100,counts_direct,knowledge_gradient,pseudo_regret,0.4029395032420073,-1.6106623384638097,2.705889711565941,40,40,40,episode
e4_scaling,secondary_baseline,prior,5,100,counts_direct,knowledge_gradient,pseudo_regret,8.29189239668772,2.2307421937833087,14.957901461434682,40,40,40,episode
e4_scaling,secondary_baseline,prior,10,100,counts_direct,knowledge_gradient,pseudo_regret,12.749121800683099,5.528526376671953,20.68458229752669,40,40,40,episode
e4_scaling,secondary_baseline,prior,15,100,counts_direct,knowledge_gradient,pseudo_regret,11.58844980419035,6.238256826162885,17.504760914685583,40,40,40,episode
e4_scaling,secondary_baseline,clear,2,100,counts_direct,knowledge_gradient,reward,-1.425,-3.875,0.275,40,40,40,episode
e4_scaling,secondary_baseline,clear,3,100,counts_direct,knowledge_gradient,reward,-9.325,-14.425,-4.675,40,40,40,episode
e4_scaling,secondary_baseline,clear,5,100,counts_direct,knowledge_gradient,reward,-19.075,-24.25,-13.724375000000009,40,40,40,episode
e4_scaling,secondary_baseline,clear,10,100,counts_direct,knowledge_gradient,reward,-19.275,-24.525,-13.85,40,40,40,episode
e4_scaling,secondary_baseline,clear,15,100,counts_direct,knowledge_gradient,reward,-15.475,-20.275,-10.5,40,40,40,episode
e4_scaling,secondary_baseline,close,2,100,counts_direct,knowledge_gradient,reward,-0.225,-1.325,0.8006249999999909,40,40,40,episode
e4_scaling,secondary_baseline,close,3,100,counts_direct,knowledge_gradient,reward,0.3,-1.125,1.725,40,40,40,episode
e4_scaling,secondary_baseline,close,5,100,counts_direct,knowledge_gradient,reward,0.975,-0.9,2.825,40,40,40,episode
e4_scaling,secondary_baseline,close,10,100,counts_direct,knowledge_gradient,reward,1.475,-0.3,3.325,40,40,40,episode
e4_scaling,secondary_baseline,close,15,100,counts_direct,knowledge_gradient,reward,-1.05,-2.925,0.9,40,40,40,episode
e4_scaling,secondary_baseline,prior,2,100,counts_direct,knowledge_gradient,reward,-1.225,-2.95,0.175,40,40,40,episode
e4_scaling,secondary_baseline,prior,3,100,counts_direct,knowledge_gradient,reward,-0.25,-2.275,1.600624999999991,40,40,40,episode
e4_scaling,secondary_baseline,prior,5,100,counts_direct,knowledge_gradient,reward,-8.1,-14.225,-2.425,40,40,40,episode
e4_scaling,secondary_baseline,prior,10,100,counts_direct,knowledge_gradient,reward,-12.225,-19.325,-5.4,40,40,40,episode
e4_scaling,secondary_baseline,prior,15,100,counts_direct,knowledge_gradient,reward,-11.725,-18.1,-6.0,40,40,40,episode
e4_scaling,primary_vs_ts,clear,2,100,counts_direct,ts,pseudo_regret,-0.4900000000000001,-2.19,1.9699999999999993,40,40,40,episode
e4_scaling,primary_vs_ts,clear,3,100,counts_direct,ts,pseudo_regret,5.529999999999999,0.7400000000000009,10.640249999999996,40,40,40,episode
e4_scaling,primary_vs_ts,clear,5,100,counts_direct,ts,pseudo_regret,12.819999999999999,7.0600000000000005,18.360249999999997,40,40,40,episode
e4_scaling,primary_vs_ts,clear,10,100,counts_direct,ts,pseudo_regret,6.690000000000003,1.3995000000000022,11.48,40,40,40,episode
e4_scaling,primary_vs_ts,clear,15,100,counts_direct,ts,pseudo_regret,4.030000000000003,-0.5699999999999978,8.240000000000002,40,40,40,episode
e4_scaling,primary_vs_ts,close,2,100,counts_direct,ts,pseudo_regret,0.3262500000000004,-0.25875000000000015,0.9450000000000008,40,40,40,episode
e4_scaling,primary_vs_ts,close,3,100,counts_direct,ts,pseudo_regret,0.27000000000000035,-0.38625000000000026,0.9162500000000009,40,40,40,episode
e4_scaling,primary_vs_ts,close,5,100,counts_direct,ts,pseudo_regret,-0.011250000000000027,-0.5662500000000006,0.5037812500000001,40,40,40,episode
e4_scaling,primary_vs_ts,close,10,100,counts_direct,ts,pseudo_regret,0.06500000000000009,-0.45000000000000046,0.4912500000000005,40,40,40,episode
e4_scaling,primary_vs_ts,close,15,100,counts_direct,ts,pseudo_regret,0.16000000000000023,-0.2025312500000001,0.43000000000000044,40,40,40,episode
e4_scaling,primary_vs_ts,prior,2,100,counts_direct,ts,pseudo_regret,0.36278816532569336,-0.942530409762009,2.077668852261461,40,40,40,episode
e4_scaling,primary_vs_ts,prior,3,100,counts_direct,ts,pseudo_regret,-1.019218782026536,-3.2133935307418526,1.7181528874463272,40,40,40,episode
e4_scaling,primary_vs_ts,prior,5,100,counts_direct,ts,pseudo_regret,5.504968510146481,-0.23070283100456512,11.783457594724439,40,40,40,episode
e4_scaling,primary_vs_ts,prior,10,100,counts_direct,ts,pseudo_regret,6.509225029691829,-0.34394378700066186,13.699407620927516,40,40,40,episode
e4_scaling,primary_vs_ts,prior,15,100,counts_direct,ts,pseudo_regret,2.558624271534499,-2.5236140373399767,7.803461113082831,40,40,40,episode
e4_scaling,primary_vs_ts,clear,2,100,counts_direct,ts,reward,0.525,-1.95,2.35,40,40,40,episode
e4_scaling,primary_vs_ts,clear,3,100,counts_direct,ts,reward,-5.675,-10.925,-0.875,40,40,40,episode
e4_scaling,primary_vs_ts,clear,5,100,counts_direct,ts,reward,-13.125,-18.475,-7.65,40,40,40,episode
e4_scaling,primary_vs_ts,clear,10,100,counts_direct,ts,reward,-7.675,-13.05,-2.1,40,40,40,episode
e4_scaling,primary_vs_ts,clear,15,100,counts_direct,ts,reward,-4.55,-9.35,0.375,40,40,40,episode
e4_scaling,primary_vs_ts,close,2,100,counts_direct,ts,reward,0.275,-1.0,1.500624999999991,40,40,40,episode
e4_scaling,primary_vs_ts,close,3,100,counts_direct,ts,reward,0.275,-1.4,2.025,40,40,40,episode
e4_scaling,primary_vs_ts,close,5,100,counts_direct,ts,reward,1.175,-0.8,3.075,40,40,40,episode
e4_scaling,primary_vs_ts,close,10,100,counts_direct,ts,reward,1.325,-0.575,3.25,40,40,40,episode
e4_scaling,primary_vs_ts,close,15,100,counts_direct,ts,reward,-1.575,-3.875,0.75,40,40,40,episode
e4_scaling,primary_vs_ts,prior,2,100,counts_direct,ts,reward,-0.025,-1.525,1.225,40,40,40,episode
e4_scaling,primary_vs_ts,prior,3,100,counts_direct,ts,reward,0.975,-1.55,3.075,40,40,40,episode
e4_scaling,primary_vs_ts,prior,5,100,counts_direct,ts,reward,-5.975,-12.325,-0.375,40,40,40,episode
e4_scaling,primary_vs_ts,prior,10,100,counts_direct,ts,reward,-7.1,-13.85,-0.675,40,40,40,episode
e4_scaling,primary_vs_ts,prior,15,100,counts_direct,ts,reward,-2.775,-8.6,2.65,40,40,40,episode
e4_scaling,secondary_baseline,clear,2,100,counts_direct,ucb1,pseudo_regret,-4.739999999999999,-6.599999999999999,-2.24,40,40,40,episode
e4_scaling,secondary_baseline,clear,3,100,counts_direct,ucb1,pseudo_regret,-1.4499999999999986,-6.609999999999999,4.029999999999999,40,40,40,episode
e4_scaling,secondary_baseline,clear,5,100,counts_direct,ucb1,pseudo_regret,3.1800000000000006,-2.580249999999998,8.640499999999994,40,40,40,episode
e4_scaling,secondary_baseline,clear,10,100,counts_direct,ucb1,pseudo_regret,-0.7199999999999974,-5.790249999999998,3.9500000000000015,40,40,40,episode
e4_scaling,secondary_baseline,clear,15,100,counts_direct,ucb1,pseudo_regret,-1.1899999999999986,-5.6899999999999995,2.700000000000001,40,40,40,episode
e4_scaling,secondary_baseline,close,2,100,counts_direct,ucb1,pseudo_regret,0.3375000000000004,-0.39125000000000026,1.0487812500000007,40,40,40,episode
e4_scaling,secondary_baseline,close,3,100,counts_direct,ucb1,pseudo_regret,0.1837500000000003,-0.5225312500000003,0.8550000000000008,40,40,40,episode
e4_scaling,secondary_baseline,close,5,100,counts_direct,ucb1,pseudo_regret,-0.10625000000000007,-0.7475000000000006,0.4925000000000005,40,40,40,episode
e4_scaling,secondary_baseline,close,10,100,counts_direct,ucb1,pseudo_regret,0.061249999999999985,-0.4487500000000003,0.46625000000000033,40,40,40,episode
e4_scaling,secondary_baseline,close,15,100,counts_direct,ucb1,pseudo_regret,0.12625000000000017,-0.23750000000000013,0.38000000000000045,40,40,40,episode
e4_scaling,secondary_baseline,prior,2,100,counts_direct,ucb1,pseudo_regret,-2.6386767427856244,-4.51658482628691,-0.40509043781144904,40,40,40,episode
e4_scaling,secondary_baseline,prior,3,100,counts_direct,ucb1,pseudo_regret,-5.580638906490117,-8.261682693287613,-2.438445086212435,40,40,40,episode
e4_scaling,secondary_baseline,prior,5,100,counts_direct,ucb1,pseudo_regret,-3.9565468991164336,-9.563682327040457,2.173001950231006,40,40,40,episode
e4_scaling,secondary_baseline,prior,10,100,counts_direct,ucb1,pseudo_regret,-7.551743771557653,-14.049155810785209,-0.618957979499187,40,40,40,episode
e4_scaling,secondary_baseline,prior,15,100,counts_direct,ucb1,pseudo_regret,-10.413690106344434,-15.70093723512346,-4.862034489644269,40,40,40,episode
e4_scaling,secondary_baseline,clear,2,100,counts_direct,ucb1,reward,4.725,2.2,6.65,40,40,40,episode
e4_scaling,secondary_baseline,clear,3,100,counts_direct,ucb1,reward,1.15,-4.4,6.275624999999991,40,40,40,episode
e4_scaling,secondary_baseline,clear,5,100,counts_direct,ucb1,reward,-3.2,-8.5,2.25,40,40,40,episode
e4_scaling,secondary_baseline,clear,10,100,counts_direct,ucb1,reward,-0.075,-5.275,5.5006249999999905,40,40,40,episode
e4_scaling,secondary_baseline,clear,15,100,counts_direct,ucb1,reward,1.125,-2.95,5.6,40,40,40,episode
e4_scaling,secondary_baseline,close,2,100,counts_direct,ucb1,reward,-0.1,-1.6006249999999995,1.425,40,40,40,episode
e4_scaling,secondary_baseline,close,3,100,counts_direct,ucb1,reward,-0.1,-2.075,1.95,40,40,40,episode
e4_scaling,secondary_baseline,close,5,100,counts_direct,ucb1,reward,1.5,-0.675,3.6,40,40,40,episode
e4_scaling,secondary_baseline,close,10,100,counts_direct,ucb1,reward,1.4,-0.4,3.3,40,40,40,episode
e4_scaling,secondary_baseline,close,15,100,counts_direct,ucb1,reward,-0.875,-3.2,1.375,40,40,40,episode
e4_scaling,secondary_baseline,prior,2,100,counts_direct,ucb1,reward,2.525,0.625,4.25,40,40,40,episode
e4_scaling,secondary_baseline,prior,3,100,counts_direct,ucb1,reward,5.55,2.475,8.2,40,40,40,episode
e4_scaling,secondary_baseline,prior,5,100,counts_direct,ucb1,reward,2.675,-3.4756249999999995,8.175,40,40,40,episode
e4_scaling,secondary_baseline,prior,10,100,counts_direct,ucb1,reward,7.5,0.8743750000000006,13.825,40,40,40,episode
e4_scaling,secondary_baseline,prior,15,100,counts_direct,ucb1,reward,10.225,4.325,15.825,40,40,40,episode
e4_scaling,secondary_baseline,clear,2,100,counts_sample,bayes_ucb,pseudo_regret,1.9299999999999997,1.4899999999999998,2.38,40,40,40,episode
e4_scaling,secondary_baseline,clear,3,100,counts_sample,bayes_ucb,pseudo_regret,2.62,1.26,4.109999999999999,40,40,40,episode
e4_scaling,secondary_baseline,clear,5,100,counts_sample,bayes_ucb,pseudo_regret,2.5699999999999994,0.4000000000000002,4.900249999999997,40,40,40,episode
e4_scaling,secondary_baseline,clear,10,100,counts_sample,bayes_ucb,pseudo_regret,-0.2600000000000005,-4.2299999999999995,3.819999999999999,40,40,40,episode
e4_scaling,secondary_baseline,clear,15,100,counts_sample,bayes_ucb,pseudo_regret,-0.5800000000000002,-4.499999999999999,3.3099999999999987,40,40,40,episode
e4_scaling,secondary_baseline,close,2,100,counts_sample,bayes_ucb,pseudo_regret,0.1087500000000001,-0.1250000000000001,0.3525000000000002,40,40,40,episode
e4_scaling,secondary_baseline,close,3,100,counts_sample,bayes_ucb,pseudo_regret,0.25500000000000034,-0.11000000000000001,0.5962500000000006,40,40,40,episode
e4_scaling,secondary_baseline,close,5,100,counts_sample,bayes_ucb,pseudo_regret,-0.20750000000000024,-0.6275000000000006,0.20750000000000018,40,40,40,episode
e4_scaling,secondary_baseline,close,10,100,counts_sample,bayes_ucb,pseudo_regret,0.15625000000000008,-0.1375312500000002,0.4300000000000003,40,40,40,episode
e4_scaling,secondary_baseline,close,15,100,counts_sample,bayes_ucb,pseudo_regret,-0.057499999999999885,-0.29000000000000015,0.1400000000000002,40,40,40,episode
e4_scaling,secondary_baseline,prior,2,100,counts_sample,bayes_ucb,pseudo_regret,2.0929027615730402,1.4310340999890305,2.7990163634635374,40,40,40,episode
e4_scaling,secondary_baseline,prior,3,100,counts_sample,bayes_ucb,pseudo_regret,2.7193670372552745,1.7864166755221937,3.7737261222140357,40,40,40,episode
e4_scaling,secondary_baseline,prior,5,100,counts_sample,bayes_ucb,pseudo_regret,2.4177975407615726,0.5193221954467612,4.38781303838195,40,40,40,episode
e4_scaling,secondary_baseline,prior,10,100,counts_sample,bayes_ucb,pseudo_regret,3.218018077701161,0.25979765715680475,6.3937767835430614,40,40,40,episode
e4_scaling,secondary_baseline,prior,15,100,counts_sample,bayes_ucb,pseudo_regret,5.330755606181314,2.3020711633867723,8.632893878070998,40,40,40,episode
e4_scaling,secondary_baseline,clear,2,100,counts_sample,bayes_ucb,reward,-1.95,-2.4506249999999996,-1.45,40,40,40,episode
e4_scaling,secondary_baseline,clear,3,100,counts_sample,bayes_ucb,reward,-2.325,-3.85,-0.95,40,40,40,episode
e4_scaling,secondary_baseline,clear,5,100,counts_sample,bayes_ucb,reward,-3.25,-5.9,-0.9,40,40,40,episode
e4_scaling,secondary_baseline,clear,10,100,counts_sample,bayes_ucb,reward,-0.3,-4.45,3.55,40,40,40,episode
e4_scaling,secondary_baseline,clear,15,100,counts_sample,bayes_ucb,reward,0.975,-3.35,5.15,40,40,40,episode
e4_scaling,secondary_baseline,close,2,100,counts_sample,bayes_ucb,reward,-0.325,-1.05,0.375,40,40,40,episode
e4_scaling,secondary_baseline,close,3,100,counts_sample,bayes_ucb,reward,0.15,-1.125,1.525,40,40,40,episode
e4_scaling,secondary_baseline,close,5,100,counts_sample,bayes_ucb,reward,-0.575,-1.95,0.725,40,40,40,episode
e4_scaling,secondary_baseline,close,10,100,counts_sample,bayes_ucb,reward,-0.975,-2.725,0.85,40,40,40,episode
e4_scaling,secondary_baseline,close,15,100,counts_sample,bayes_ucb,reward,-1.6,-3.275,0.075,40,40,40,episode
e4_scaling,secondary_baseline,prior,2,100,counts_sample,bayes_ucb,reward,-1.65,-2.4,-0.925,40,40,40,episode
e4_scaling,secondary_baseline,prior,3,100,counts_sample,bayes_ucb,reward,-2.475,-3.675,-1.35,40,40,40,episode
e4_scaling,secondary_baseline,prior,5,100,counts_sample,bayes_ucb,reward,-2.4,-4.3,-0.525,40,40,40,episode
e4_scaling,secondary_baseline,prior,10,100,counts_sample,bayes_ucb,reward,-3.55,-6.525,-0.775,40,40,40,episode
e4_scaling,secondary_baseline,prior,15,100,counts_sample,bayes_ucb,reward,-4.9,-8.35,-1.7,40,40,40,episode
e4_scaling,planned_comparison,clear,2,100,counts_sample,counts_direct,pseudo_regret,1.3399999999999996,-1.0299999999999998,3.03,40,40,40,episode
e4_scaling,planned_comparison,clear,3,100,counts_sample,counts_direct,pseudo_regret,-5.290000000000001,-9.89025,-0.9700000000000003,40,40,40,episode
e4_scaling,planned_comparison,clear,5,100,counts_sample,counts_direct,pseudo_regret,-13.470000000000002,-18.51,-8.339750000000004,40,40,40,episode
e4_scaling,planned_comparison,clear,10,100,counts_sample,counts_direct,pseudo_regret,-11.680000000000001,-16.03,-7.350000000000001,40,40,40,episode
e4_scaling,planned_comparison,clear,15,100,counts_sample,counts_direct,pseudo_regret,-8.75,-13.05,-4.650000000000001,40,40,40,episode
e4_scaling,planned_comparison,close,2,100,counts_sample,counts_direct,pseudo_regret,-0.23375000000000026,-0.8112500000000008,0.31625000000000025,40,40,40,episode
e4_scaling,planned_comparison,close,3,100,counts_sample,counts_direct,pseudo_regret,-0.003749999999999942,-0.5050000000000004,0.5262500000000004,40,40,40,episode
e4_scaling,planned_comparison,close,5,100,counts_sample,counts_direct,pseudo_regret,-0.28000000000000036,-0.8012812500000007,0.24250000000000008,40,40,40,episode
e4_scaling,planned_comparison,close,10,100,counts_sample,counts_direct,pseudo_regret,-0.007500000000000062,-0.3812500000000004,0.4187812499999999,40,40,40,episode
e4_scaling,planned_comparison,close,15,100,counts_sample,counts_direct,pseudo_regret,-0.27000000000000024,-0.5875312500000005,0.07000000000000006,40,40,40,episode
e4_scaling,planned_comparison,prior,2,100,counts_sample,counts_direct,pseudo_regret,0.9727762854550989,-0.8397119253499323,2.3849898053219523,40,40,40,episode
e4_scaling,planned_comparison,prior,3,100,counts_sample,counts_direct,pseudo_regret,2.1244790063934524,-0.5243173009359847,4.261444933292845,40,40,40,episode
e4_scaling,planned_comparison,prior,5,100,counts_sample,counts_direct,pseudo_regret,-5.3103108882762875,-11.113673115507924,-0.04098126617821276,40,40,40,episode
e4_scaling,planned_comparison,prior,10,100,counts_sample,counts_direct,pseudo_regret,-8.25495800677154,-14.19524449670447,-3.0752536676297257,40,40,40,episode
e4_scaling,planned_comparison,prior,15,100,counts_sample,counts_direct,pseudo_regret,-4.951357445898431,-9.062878290369937,-1.0351170282639355,40,40,40,episode
e4_scaling,planned_comparison,clear,2,100,counts_sample,counts_direct,reward,-1.625,-3.45,0.9,40,40,40,episode
e4_scaling,planned_comparison,clear,3,100,counts_sample,counts_direct,reward,5.275,0.85,9.95062499999999,40,40,40,episode
e4_scaling,planned_comparison,clear,5,100,counts_sample,counts_direct,reward,13.0,8.075,18.0,40,40,40,episode
e4_scaling,planned_comparison,clear,10,100,counts_sample,counts_direct,reward,11.85,7.425,16.5,40,40,40,episode
e4_scaling,planned_comparison,clear,15,100,counts_sample,counts_direct,reward,9.525,5.225,13.95,40,40,40,episode
e4_scaling,planned_comparison,close,2,100,counts_sample,counts_direct,reward,-0.1,-1.2,1.075,40,40,40,episode
e4_scaling,planned_comparison,close,3,100,counts_sample,counts_direct,reward,0.075,-1.125,1.225,40,40,40,episode
e4_scaling,planned_comparison,close,5,100,counts_sample,counts_direct,reward,-1.7,-3.4,0.025,40,40,40,episode
e4_scaling,planned_comparison,close,10,100,counts_sample,counts_direct,reward,-1.525,-3.0,0.025,40,40,40,episode
e4_scaling,planned_comparison,close,15,100,counts_sample,counts_direct,reward,0.1,-1.525,1.675,40,40,40,episode
e4_scaling,planned_comparison,prior,2,100,counts_sample,counts_direct,reward,-0.775,-2.15,0.875,40,40,40,episode
e4_scaling,planned_comparison,prior,3,100,counts_sample,counts_direct,reward,-1.825,-3.775,0.5756249999999908,40,40,40,episode
e4_scaling,planned_comparison,prior,5,100,counts_sample,counts_direct,reward,5.375,0.225,11.2,40,40,40,episode
e4_scaling,planned_comparison,prior,10,100,counts_sample,counts_direct,reward,8.05,3.025,13.7,40,40,40,episode
e4_scaling,planned_comparison,prior,15,100,counts_sample,counts_direct,reward,5.25,1.25,9.65,40,40,40,episode
e4_scaling,secondary_baseline,clear,2,100,counts_sample,finite_ap_index,pseudo_regret,2.7399999999999998,2.25,3.310249999999996,40,40,40,episode
e4_scaling,secondary_baseline,clear,3,100,counts_sample,finite_ap_index,pseudo_regret,4.0,2.6,5.520249999999997,40,40,40,episode
e4_scaling,secondary_baseline,clear,5,100,counts_sample,finite_ap_index,pseudo_regret,5.239999999999999,3.2299999999999995,7.410249999999996,40,40,40,episode
e4_scaling,secondary_baseline,clear,10,100,counts_sample,finite_ap_index,pseudo_regret,5.299999999999999,1.4599999999999995,9.270249999999995,40,40,40,episode
e4_scaling,secondary_baseline,clear,15,100,counts_sample,finite_ap_index,pseudo_regret,5.26,1.47,8.969999999999999,40,40,40,episode
e4_scaling,secondary_baseline,close,2,100,counts_sample,finite_ap_index,pseudo_regret,-0.019999999999999983,-0.3512500000000002,0.2862500000000002,40,40,40,episode
e4_scaling,secondary_baseline,close,3,100,counts_sample,finite_ap_index,pseudo_regret,0.11875000000000027,-0.18874999999999992,0.41250000000000053,40,40,40,episode
e4_scaling,secondary_baseline,close,5,100,counts_sample,finite_ap_index,pseudo_regret,-0.17625000000000016,-0.4900000000000004,0.1225000000000001,40,40,40,episode
e4_scaling,secondary_baseline,close,10,100,counts_sample,finite_ap_index,pseudo_regret,0.2662500000000002,0.0037500000000000254,0.5437812500000001,40,40,40,episode
e4_scaling,secondary_baseline,close,15,100,counts_sample,finite_ap_index,pseudo_regret,0.03750000000000002,-0.2200000000000002,0.2762812499999998,40,40,40,episode
e4_scaling,secondary_baseline,prior,2,100,counts_sample,finite_ap_index,pseudo_regret,2.13521850211808,1.533243126196535,2.769513239669678,40,40,40,episode
e4_scaling,secondary_baseline,prior,3,100,counts_sample,finite_ap_index,pseudo_regret,2.5685111451155778,1.4441396338995987,3.7099698754049624,40,40,40,episode
e4_scaling,secondary_baseline,prior,5,100,counts_sample,finite_ap_index,pseudo_regret,3.8825171482987586,1.9916254706416041,5.874397298442636,40,40,40,episode
e4_scaling,secondary_baseline,prior,10,100,counts_sample,finite_ap_index,pseudo_regret,5.322957418350464,2.094648297286429,8.720660356813704,40,40,40,episode
e4_scaling,secondary_baseline,prior,15,100,counts_sample,finite_ap_index,pseudo_regret,5.551845362677569,2.812602484445975,8.411078085223787,40,40,40,episode
e4_scaling,secondary_baseline,clear,2,100,counts_sample,finite_ap_index,reward,-2.725,-3.275,-2.25,40,40,40,episode
e4_scaling,secondary_baseline,clear,3,100,counts_sample,finite_ap_index,reward,-3.75,-5.1,-2.5,40,40,40,episode
e4_scaling,secondary_baseline,clear,5,100,counts_sample,finite_ap_index,reward,-5.725,-8.05,-3.675,40,40,40,episode
e4_scaling,secondary_baseline,clear,10,100,counts_sample,finite_ap_index,reward,-5.5,-9.525,-1.6,40,40,40,episode
e4_scaling,secondary_baseline,clear,15,100,counts_sample,finite_ap_index,reward,-4.55,-8.675625,-0.375,40,40,40,episode
e4_scaling,secondary_baseline,close,2,100,counts_sample,finite_ap_index,reward,0.15,-0.475,0.8,40,40,40,episode
e4_scaling,secondary_baseline,close,3,100,counts_sample,finite_ap_index,reward,0.35,-0.75,1.475,40,40,40,episode
e4_scaling,secondary_baseline,close,5,100,counts_sample,finite_ap_index,reward,-0.375,-1.625,0.85,40,40,40,episode
e4_scaling,secondary_baseline,close,10,100,counts_sample,finite_ap_index,reward,-1.15,-2.575,0.325,40,40,40,episode
e4_scaling,secondary_baseline,close,15,100,counts_sample,finite_ap_index,reward,-0.85,-2.475,0.925,40,40,40,episode
e4_scaling,secondary_baseline,prior,2,100,counts_sample,finite_ap_index,reward,-1.775,-2.75,-0.775,40,40,40,episode
e4_scaling,secondary_baseline,prior,3,100,counts_sample,finite_ap_index,reward,-2.3,-3.725,-0.825,40,40,40,episode
e4_scaling,secondary_baseline,prior,5,100,counts_sample,finite_ap_index,reward,-4.2,-6.075,-2.4,40,40,40,episode
e4_scaling,secondary_baseline,prior,10,100,counts_sample,finite_ap_index,reward,-4.6,-7.95,-1.425,40,40,40,episode
e4_scaling,secondary_baseline,prior,15,100,counts_sample,finite_ap_index,reward,-5.375,-8.55,-2.375,40,40,40,episode
e4_scaling,secondary_baseline,clear,2,100,counts_sample,greedy,pseudo_regret,0.85,-1.7,2.8599999999999994,40,40,40,episode
e4_scaling,secondary_baseline,clear,3,100,counts_sample,greedy,pseudo_regret,2.71,0.9199999999999999,4.4,40,40,40,episode
e4_scaling,secondary_baseline,clear,5,100,counts_sample,greedy,pseudo_regret,2.34,-0.5899999999999996,4.76,40,40,40,episode
e4_scaling,secondary_baseline,clear,10,100,counts_sample,greedy,pseudo_regret,2.28,-1.13,5.649999999999999,40,40,40,episode
e4_scaling,secondary_baseline,clear,15,100,counts_sample,greedy,pseudo_regret,4.51,0.6900000000000002,8.26,40,40,40,episode
e4_scaling,secondary_baseline,close,2,100,counts_sample,greedy,pseudo_regret,-0.13375000000000017,-0.6412812500000006,0.33378124999999986,40,40,40,episode
e4_scaling,secondary_baseline,close,3,100,counts_sample,greedy,pseudo_regret,-0.45750000000000046,-0.9275000000000009,0.03378124999999967,40,40,40,episode
e4_scaling,secondary_baseline,close,5,100,counts_sample,greedy,pseudo_regret,0.2650000000000001,-0.1912500000000003,0.7337812500000002,40,40,40,episode
e4_scaling,secondary_baseline,close,10,100,counts_sample,greedy,pseudo_regret,0.21375000000000005,-0.1175000000000002,0.59128125,40,40,40,episode
e4_scaling,secondary_baseline,close,15,100,counts_sample,greedy,pseudo_regret,0.17625000000000007,-0.20750000000000016,0.6000312500000001,40,40,40,episode
e4_scaling,secondary_baseline,prior,2,100,counts_sample,greedy,pseudo_regret,0.7795410060569032,-1.5498069469585807,2.552941590822951,40,40,40,episode
e4_scaling,secondary_baseline,prior,3,100,counts_sample,greedy,pseudo_regret,0.604681146871738,-1.9963692479526458,2.795301014685601,40,40,40,episode
e4_scaling,secondary_baseline,prior,5,100,counts_sample,greedy,pseudo_regret,1.4054284319948103,-1.5541932734189874,4.0565780757777326,40,40,40,episode
e4_scaling,secondary_baseline,prior,10,100,counts_sample,greedy,pseudo_regret,-0.0915367924751314,-4.540256075664345,4.277060815629695,40,40,40,episode
e4_scaling,secondary_baseline,prior,15,100,counts_sample,greedy,pseudo_regret,0.29824976007196824,-4.028055709883896,4.497199859379787,40,40,40,episode
e4_scaling,secondary_baseline,clear,2,100,counts_sample,greedy,reward,-0.975,-3.1,1.775,40,40,40,episode
e4_scaling,secondary_baseline,clear,3,100,counts_sample,greedy,reward,-2.35,-4.025,-0.4,40,40,40,episode
e4_scaling,secondary_baseline,clear,5,100,counts_sample,greedy,reward,-2.25,-4.475,0.35,40,40,40,episode
e4_scaling,secondary_baseline,clear,10,100,counts_sample,greedy,reward,-2.325,-5.525,0.95,40,40,40,episode
e4_scaling,secondary_baseline,clear,15,100,counts_sample,greedy,reward,-3.7,-7.625,0.525,40,40,40,episode
e4_scaling,secondary_baseline,close,2,100,counts_sample,greedy,reward,-0.2,-1.225,0.925,40,40,40,episode
e4_scaling,secondary_baseline,close,3,100,counts_sample,greedy,reward,0.65,-0.575,1.825,40,40,40,episode
e4_scaling,secondary_baseline,close,5,100,counts_sample,greedy,reward,-1.65,-3.075,-0.25,40,40,40,episode
e4_scaling,secondary_baseline,close,10,100,counts_sample,greedy,reward,0.025,-1.175,1.3,40,40,40,episode
e4_scaling,secondary_baseline,close,15,100,counts_sample,greedy,reward,-0.225,-2.075,1.7,40,40,40,episode
e4_scaling,secondary_baseline,prior,2,100,counts_sample,greedy,reward,0.1,-1.875,2.525,40,40,40,episode
e4_scaling,secondary_baseline,prior,3,100,counts_sample,greedy,reward,-0.925,-2.75,1.475,40,40,40,episode
e4_scaling,secondary_baseline,prior,5,100,counts_sample,greedy,reward,-1.775,-4.7,1.325,40,40,40,episode
e4_scaling,secondary_baseline,prior,10,100,counts_sample,greedy,reward,0.05,-4.125624999999999,4.325,40,40,40,episode
e4_scaling,secondary_baseline,prior,15,100,counts_sample,greedy,reward,-0.075,-4.5,4.525624999999991,40,40,40,episode
e4_scaling,secondary_baseline,clear,2,100,counts_sample,ids,pseudo_regret,2.3899999999999997,1.9699999999999995,2.8299999999999996,40,40,40,episode
e4_scaling,secondary_baseline,clear,3,100,counts_sample,ids,pseudo_regret,3.63,2.2399999999999998,5.18,40,40,40,episode
e4_scaling,secondary_baseline,clear,5,100,counts_sample,ids,pseudo_regret,4.609999999999999,2.7199999999999998,6.789999999999999,40,40,40,episode
e4_scaling,secondary_baseline,clear,10,100,counts_sample,ids,pseudo_regret,4.0699999999999985,0.33974999999999955,7.909999999999999,40,40,40,episode
e4_scaling,secondary_baseline,clear,15,100,counts_sample,ids,pseudo_regret,3.6799999999999997,-0.05025000000000013,7.450249999999997,40,40,40,episode
e4_scaling,secondary_baseline,close,2,100,counts_sample,ids,pseudo_regret,0.02375000000000004,-0.2437500000000002,0.26875000000000027,40,40,40,episode
e4_scaling,secondary_baseline,close,3,100,counts_sample,ids,pseudo_regret,0.14500000000000027,-0.17128125000000002,0.4462500000000006,40,40,40,episode
e4_scaling,secondary_baseline,close,5,100,counts_sample,ids,pseudo_regret,-0.2087500000000002,-0.5425000000000005,0.10625000000000007,40,40,40,episode
e4_scaling,secondary_baseline,close,10,100,counts_sample,ids,pseudo_regret,0.19750000000000015,-0.0700000000000001,0.46250000000000036,40,40,40,episode
e4_scaling,secondary_baseline,close,15,100,counts_sample,ids,pseudo_regret,-0.02124999999999999,-0.2700312500000002,0.18250000000000013,40,40,40,episode
e4_scaling,secondary_baseline,prior,2,100,counts_sample,ids,pseudo_regret,2.1744733885930514,1.5868668390483787,2.804841433415261,40,40,40,episode
e4_scaling,secondary_baseline,prior,3,100,counts_sample,ids,pseudo_regret,2.6297688964701122,1.6665754069332805,3.7504008140458933,40,40,40,episode
e4_scaling,secondary_baseline,prior,5,100,counts_sample,ids,pseudo_regret,3.6406137282016737,1.6588473411841895,5.656919531405578,40,40,40,episode
e4_scaling,secondary_baseline,prior,10,100,counts_sample,ids,pseudo_regret,4.711729761507469,1.5387276894861763,8.176638269944775,40,40,40,episode
e4_scaling,secondary_baseline,prior,15,100,counts_sample,ids,pseudo_regret,5.018226750787998,2.292625152704067,7.689753054572107,40,40,40,episode
e4_scaling,secondary_baseline,clear,2,100,counts_sample,ids,reward,-2.3,-2.875,-1.775,40,40,40,episode
e4_scaling,secondary_baseline,clear,3,100,counts_sample,ids,reward,-3.3,-4.65,-2.075,40,40,40,episode
e4_scaling,secondary_baseline,clear,5,100,counts_sample,ids,reward,-5.225,-7.425,-3.2,40,40,40,episode
e4_scaling,secondary_baseline,clear,10,100,counts_sample,ids,reward,-4.125,-7.9,-0.4,40,40,40,episode
e4_scaling,secondary_baseline,clear,15,100,counts_sample,ids,reward,-3.0,-6.950625,0.975,40,40,40,episode
e4_scaling,secondary_baseline,close,2,100,counts_sample,ids,reward,0.0,-0.725,0.7,40,40,40,episode
e4_scaling,secondary_baseline,close,3,100,counts_sample,ids,reward,0.3,-0.8,1.45,40,40,40,episode
e4_scaling,secondary_baseline,close,5,100,counts_sample,ids,reward,-0.45,-1.7,0.725,40,40,40,episode
e4_scaling,secondary_baseline,close,10,100,counts_sample,ids,reward,-1.4,-3.125,0.4,40,40,40,episode
e4_scaling,secondary_baseline,close,15,100,counts_sample,ids,reward,-1.275,-2.875,0.4006249999999909,40,40,40,episode
e4_scaling,secondary_baseline,prior,2,100,counts_sample,ids,reward,-1.925,-2.775,-1.124375000000009,40,40,40,episode
e4_scaling,secondary_baseline,prior,3,100,counts_sample,ids,reward,-2.45,-3.65,-1.35,40,40,40,episode
e4_scaling,secondary_baseline,prior,5,100,counts_sample,ids,reward,-3.675,-5.6,-1.825,40,40,40,episode
e4_scaling,secondary_baseline,prior,10,100,counts_sample,ids,reward,-4.05,-7.225,-1.075,40,40,40,episode
e4_scaling,secondary_baseline,prior,15,100,counts_sample,ids,reward,-4.75,-7.75,-1.925,40,40,40,episode
e4_scaling,secondary_baseline,clear,2,100,counts_sample,knowledge_gradient,pseudo_regret,2.9899999999999998,2.4899999999999998,3.5799999999999996,40,40,40,episode
e4_scaling,secondary_baseline,clear,3,100,counts_sample,knowledge_gradient,pseudo_regret,4.22,2.9899999999999998,5.58,40,40,40,episode
e4_scaling,secondary_baseline,clear,5,100,counts_sample,knowledge_gradient,pseudo_regret,5.95,4.359999999999999,7.5699999999999985,40,40,40,episode
e4_scaling,secondary_baseline,clear,10,100,counts_sample,knowledge_gradient,pseudo_regret,7.8199999999999985,4.06,11.579999999999998,40,40,40,episode
e4_scaling,secondary_baseline,clear,15,100,counts_sample,knowledge_gradient,pseudo_regret,6.459999999999999,2.9300000000000006,10.039999999999997,40,40,40,episode
e4_scaling,secondary_baseline,close,2,100,counts_sample,knowledge_gradient,pseudo_regret,0.07250000000000009,-0.2837500000000002,0.4200000000000004,40,40,40,episode
e4_scaling,secondary_baseline,close,3,100,counts_sample,knowledge_gradient,pseudo_regret,0.03500000000000014,-0.2575000000000001,0.3312500000000004,40,40,40,episode
e4_scaling,secondary_baseline,close,5,100,counts_sample,knowledge_gradient,pseudo_regret,-0.03250000000000007,-0.3225000000000004,0.22375000000000017,40,40,40,episode
e4_scaling,secondary_baseline,close,10,100,counts_sample,knowledge_gradient,pseudo_regret,0.05999999999999989,-0.1800000000000003,0.3000000000000001,40,40,40,episode
e4_scaling,secondary_baseline,close,15,100,counts_sample,knowledge_gradient,pseudo_regret,0.01499999999999994,-0.2600312500000003,0.27250000000000013,40,40,40,episode
e4_scaling,secondary_baseline,prior,2,100,counts_sample,knowledge_gradient,pseudo_regret,2.188142705867365,1.5827239693994979,2.8237897806469365,40,40,40,episode
e4_scaling,secondary_baseline,prior,3,100,counts_sample,knowledge_gradient,pseudo_regret,2.527418509635459,1.3930295346168846,3.729282854848636,40,40,40,episode
e4_scaling,secondary_baseline,prior,5,100,counts_sample,knowledge_gradient,pseudo_regret,2.981581508411432,0.6792990083236191,5.202583945421765,40,40,40,episode
e4_scaling,secondary_baseline,prior,10,100,counts_sample,knowledge_gradient,pseudo_regret,4.494163793911557,0.7151888285856342,8.527318830671321,40,40,40,episode
e4_scaling,secondary_baseline,prior,15,100,counts_sample,knowledge_gradient,pseudo_regret,6.637092358291921,3.4612822477802463,9.991584133443322,40,40,40,episode
e4_scaling,secondary_baseline,clear,2,100,counts_sample,knowledge_gradient,reward,-3.05,-3.65,-2.525,40,40,40,episode
e4_scaling,secondary_baseline,clear,3,100,counts_sample,knowledge_gradient,reward,-4.05,-5.225,-3.0,40,40,40,episode
e4_scaling,secondary_baseline,clear,5,100,counts_sample,knowledge_gradient,reward,-6.075,-7.95,-4.25,40,40,40,episode
e4_scaling,secondary_baseline,clear,10,100,counts_sample,knowledge_gradient,reward,-7.425,-11.125,-3.624375000000009,40,40,40,episode
e4_scaling,secondary_baseline,clear,15,100,counts_sample,knowledge_gradient,reward,-5.95,-9.725,-2.225,40,40,40,episode
e4_scaling,secondary_baseline,close,2,100,counts_sample,knowledge_gradient,reward,-0.325,-1.05,0.425,40,40,40,episode
e4_scaling,secondary_baseline,close,3,100,counts_sample,knowledge_gradient,reward,0.375,-0.675,1.5,40,40,40,episode
e4_scaling,secondary_baseline,close,5,100,counts_sample,knowledge_gradient,reward,-0.725,-1.825,0.35,40,40,40,episode
e4_scaling,secondary_baseline,close,10,100,counts_sample,knowledge_gradient,reward,-0.05,-1.4,1.425,40,40,40,episode
e4_scaling,secondary_baseline,close,15,100,counts_sample,knowledge_gradient,reward,-0.95,-2.45,0.65,40,40,40,episode
e4_scaling,secondary_baseline,prior,2,100,counts_sample,knowledge_gradient,reward,-2.0,-2.9,-1.15,40,40,40,episode
e4_scaling,secondary_baseline,prior,3,100,counts_sample,knowledge_gradient,reward,-2.075,-3.35,-0.725,40,40,40,episode
e4_scaling,secondary_baseline,prior,5,100,counts_sample,knowledge_gradient,reward,-2.725,-4.875,-0.675,40,40,40,episode
e4_scaling,secondary_baseline,prior,10,100,counts_sample,knowledge_gradient,reward,-4.175,-7.8,-0.575,40,40,40,episode
e4_scaling,secondary_baseline,prior,15,100,counts_sample,knowledge_gradient,reward,-6.475,-10.025,-3.075,40,40,40,episode
e4_scaling,planned_comparison,clear,2,100,counts_sample,ts,pseudo_regret,0.85,0.22999999999999993,1.44,40,40,40,episode
e4_scaling,planned_comparison,clear,3,100,counts_sample,ts,pseudo_regret,0.24000000000000005,-1.0399999999999998,1.5799999999999996,40,40,40,episode
e4_scaling,planned_comparison,clear,5,100,counts_sample,ts,pseudo_regret,-0.6499999999999998,-2.55,1.39,40,40,40,episode
e4_scaling,planned_comparison,clear,10,100,counts_sample,ts,pseudo_regret,-4.99,-8.75,-1.2397500000000035,40,40,40,episode
e4_scaling,planned_comparison,clear,15,100,counts_sample,ts,pseudo_regret,-4.719999999999999,-8.479999999999999,-0.9800000000000001,40,40,40,episode
e4_scaling,planned_comparison,close,2,100,counts_sample,ts,pseudo_regret,0.09250000000000007,-0.1500000000000002,0.3500000000000003,40,40,40,episode
e4_scaling,planned_comparison,close,3,100,counts_sample,ts,pseudo_regret,0.2662500000000003,-0.037499999999999936,0.5587500000000005,40,40,40,episode
e4_scaling,planned_comparison,close,5,100,counts_sample,ts,pseudo_regret,-0.29125000000000034,-0.6400000000000007,0.0374999999999999,40,40,40,episode
e4_scaling,planned_comparison,close,10,100,counts_sample,ts,pseudo_regret,0.05749999999999998,-0.19253125000000018,0.27250000000000013,40,40,40,episode
e4_scaling,planned_comparison,close,15,100,counts_sample,ts,pseudo_regret,-0.10999999999999996,-0.3675000000000003,0.11125000000000021,40,40,40,episode
e4_scaling,planned_comparison,prior,2,100,counts_sample,ts,pseudo_regret,1.3355644507807924,0.7738212275532778,1.9514513947354244,40,40,40,episode
e4_scaling,planned_comparison,prior,3,100,counts_sample,ts,pseudo_regret,1.1052602243669167,0.12547850919102807,2.2029755306184056,40,40,40,episode
e4_scaling,planned_comparison,prior,5,100,counts_sample,ts,pseudo_regret,0.19465762187019475,-1.6277212247770445,2.08988394187743,40,40,40,episode
e4_scaling,planned_comparison,prior,10,100,counts_sample,ts,pseudo_regret,-1.745732977079711,-4.550623933520437,1.3053128690527327,40,40,40,episode
e4_scaling,planned_comparison,prior,15,100,counts_sample,ts,pseudo_regret,-2.392733174363931,-4.711424486743306,0.0207661825044487,40,40,40,episode
e4_scaling,planned_comparison,clear,2,100,counts_sample,ts,reward,-1.1,-1.675,-0.5,40,40,40,episode
e4_scaling,planned_comparison,clear,3,100,counts_sample,ts,reward,-0.4,-1.8,0.95,40,40,40,episode
e4_scaling,planned_comparison,clear,5,100,counts_sample,ts,reward,-0.125,-2.35,1.925,40,40,40,episode
e4_scaling,planned_comparison,clear,10,100,counts_sample,ts,reward,4.175,0.075,8.1,40,40,40,episode
e4_scaling,planned_comparison,clear,15,100,counts_sample,ts,reward,4.975,0.875,8.825,40,40,40,episode
e4_scaling,planned_comparison,close,2,100,counts_sample,ts,reward,0.175,-0.55,0.875,40,40,40,episode
e4_scaling,planned_comparison,close,3,100,counts_sample,ts,reward,0.35,-0.775,1.6,40,40,40,episode
e4_scaling,planned_comparison,close,5,100,counts_sample,ts,reward,-0.525,-1.8,0.725,40,40,40,episode
e4_scaling,planned_comparison,close,10,100,counts_sample,ts,reward,-0.2,-1.825,1.475,40,40,40,episode
e4_scaling,planned_comparison,close,15,100,counts_sample,ts,reward,-1.475,-3.475,0.525,40,40,40,episode
e4_scaling,planned_comparison,prior,2,100,counts_sample,ts,reward,-0.8,-1.475,-0.15,40,40,40,episode
e4_scaling,planned_comparison,prior,3,100,counts_sample,ts,reward,-0.85,-2.05,0.25,40,40,40,episode
e4_scaling,planned_comparison,prior,5,100,counts_sample,ts,reward,-0.6,-2.45,1.225,40,40,40,episode
e4_scaling,planned_comparison,prior,10,100,counts_sample,ts,reward,0.95,-1.9256249999999995,3.525,40,40,40,episode
e4_scaling,planned_comparison,prior,15,100,counts_sample,ts,reward,2.475,-0.35,5.225,40,40,40,episode
e4_scaling,secondary_baseline,clear,2,100,counts_sample,ucb1,pseudo_regret,-3.4,-4.029999999999999,-2.7599999999999993,40,40,40,episode
e4_scaling,secondary_baseline,clear,3,100,counts_sample,ucb1,pseudo_regret,-6.739999999999999,-8.41,-5.01,40,40,40,episode
e4_scaling,secondary_baseline,clear,5,100,counts_sample,ucb1,pseudo_regret,-10.289999999999997,-12.409999999999998,-7.95,40,40,40,episode
e4_scaling,secondary_baseline,clear,10,100,counts_sample,ucb1,pseudo_regret,-12.4,-16.32025,-8.370000000000001,40,40,40,episode
e4_scaling,secondary_baseline,clear,15,100,counts_sample,ucb1,pseudo_regret,-9.940000000000001,-14.140249999999996,-5.769750000000004,40,40,40,episode
e4_scaling,secondary_baseline,close,2,100,counts_sample,ucb1,pseudo_regret,0.10375000000000009,-0.3087812500000003,0.5037812500000001,40,40,40,episode
e4_scaling,secondary_baseline,close,3,100,counts_sample,ucb1,pseudo_regret,0.18000000000000022,-0.24628125000000012,0.5837500000000005,40,40,40,episode
e4_scaling,secondary_baseline,close,5,100,counts_sample,ucb1,pseudo_regret,-0.38625000000000037,-0.8287812500000008,0.030000000000000006,40,40,40,episode
e4_scaling,secondary_baseline,close,10,100,counts_sample,ucb1,pseudo_regret,0.05374999999999992,-0.2150000000000003,0.28125000000000006,40,40,40,episode
e4_scaling,secondary_baseline,close,15,100,counts_sample,ucb1,pseudo_regret,-0.14375000000000004,-0.4137500000000004,0.0925000000000001,40,40,40,episode
e4_scaling,secondary_baseline,prior,2,100,counts_sample,ucb1,pseudo_regret,-1.6659004573305254,-2.6562637554221284,-0.5895507781453301,40,40,40,episode
e4_scaling,secondary_baseline,prior,3,100,counts_sample,ucb1,pseudo_regret,-3.456159900096665,-4.944941287083825,-1.9125248261547159,40,40,40,episode
e4_scaling,secondary_baseline,prior,5,100,counts_sample,ucb1,pseudo_regret,-9.26685778739272,-11.155210388929678,-7.406662996690592,40,40,40,episode
e4_scaling,secondary_baseline,prior,10,100,counts_sample,ucb1,pseudo_regret,-15.806701778329193,-18.883166708744987,-12.606880187884723,40,40,40,episode
e4_scaling,secondary_baseline,prior,15,100,counts_sample,ucb1,pseudo_regret,-15.365047552242862,-18.306764897982198,-12.436810015943715,40,40,40,episode
e4_scaling,secondary_baseline,clear,2,100,counts_sample,ucb1,reward,3.1,2.4,3.8,40,40,40,episode
e4_scaling,secondary_baseline,clear,3,100,counts_sample,ucb1,reward,6.425,4.65,8.125,40,40,40,episode
e4_scaling,secondary_baseline,clear,5,100,counts_sample,ucb1,reward,9.8,7.25,12.175,40,40,40,episode
e4_scaling,secondary_baseline,clear,10,100,counts_sample,ucb1,reward,11.775,7.5,15.9,40,40,40,episode
e4_scaling,secondary_baseline,clear,15,100,counts_sample,ucb1,reward,10.65,6.225,15.025624999999991,40,40,40,episode
e4_scaling,secondary_baseline,close,2,100,counts_sample,ucb1,reward,-0.2,-1.475,0.925,40,40,40,episode
e4_scaling,secondary_baseline,close,3,100,counts_sample,ucb1,reward,-0.025,-1.3,1.275,40,40,40,episode
e4_scaling,secondary_baseline,close,5,100,counts_sample,ucb1,reward,-0.2,-1.65,1.225,40,40,40,episode
e4_scaling,secondary_baseline,close,10,100,counts_sample,ucb1,reward,-0.125,-1.75,1.575,40,40,40,episode
e4_scaling,secondary_baseline,close,15,100,counts_sample,ucb1,reward,-0.775,-2.75,1.275,40,40,40,episode
e4_scaling,secondary_baseline,prior,2,100,counts_sample,ucb1,reward,1.75,0.825,2.625,40,40,40,episode
e4_scaling,secondary_baseline,prior,3,100,counts_sample,ucb1,reward,3.725,1.95,5.3756249999999905,40,40,40,episode
e4_scaling,secondary_baseline,prior,5,100,counts_sample,ucb1,reward,8.05,6.125,10.025,40,40,40,episode
e4_scaling,secondary_baseline,prior,10,100,counts_sample,ucb1,reward,15.55,12.199375,18.7,40,40,40,episode
e4_scaling,secondary_baseline,prior,15,100,counts_sample,ucb1,reward,15.475,12.274375000000001,18.625624999999992,40,40,40,episode
e5_strategy,secondary_baseline,close,3,100,bayes_direct,bayes_ucb,pseudo_regret,0.394166666666667,-0.13752083333333345,0.9191875000000005,60,60,60,episode
e5_strategy,secondary_baseline,close,10,100,bayes_direct,bayes_ucb,pseudo_regret,-0.12916666666666674,-0.5658333333333337,0.25585416666666666,60,60,60,episode
e5_strategy,secondary_baseline,prior,3,100,bayes_direct,bayes_ucb,pseudo_regret,-0.22308726421210856,-1.609851195183091,1.2460431992526744,60,60,60,episode
e5_strategy,secondary_baseline,prior,10,100,bayes_direct,bayes_ucb,pseudo_regret,6.932144979491263,3.0208534214443965,11.199705429584826,60,60,60,episode
e5_strategy,secondary_baseline,close,3,100,bayes_direct,bayes_ucb,reward,-0.85,-2.4,0.6166666666666667,60,60,60,episode
e5_strategy,secondary_baseline,close,10,100,bayes_direct,bayes_ucb,reward,-0.9666666666666667,-2.5166666666666666,0.5833333333333334,60,60,60,episode
e5_strategy,secondary_baseline,prior,3,100,bayes_direct,bayes_ucb,reward,0.8,-0.5504166666666663,2.033333333333333,60,60,60,episode
e5_strategy,secondary_baseline,prior,10,100,bayes_direct,bayes_ucb,reward,-7.75,-11.95,-3.8,60,60,60,episode
e5_strategy,secondary_baseline,close,3,100,bayes_direct,finite_ap_index,pseudo_regret,0.24333333333333362,-0.3100000000000003,0.7966875000000003,60,60,60,episode
e5_strategy,secondary_baseline,close,10,100,bayes_direct,finite_ap_index,pseudo_regret,-0.11333333333333344,-0.5300208333333339,0.2633333333333336,60,60,60,episode
e5_strategy,secondary_baseline,prior,3,100,bayes_direct,finite_ap_index,pseudo_regret,0.17815096327450508,-1.333685437589815,1.718466058580887,60,60,60,episode
e5_strategy,secondary_baseline,prior,10,100,bayes_direct,finite_ap_index,pseudo_regret,9.2775115094157,5.284600842657522,13.426728960340762,60,60,60,episode
e5_strategy,secondary_baseline,close,3,100,bayes_direct,finite_ap_index,reward,-0.9,-2.283333333333333,0.35,60,60,60,episode
e5_strategy,secondary_baseline,close,10,100,bayes_direct,finite_ap_index,reward,-0.6166666666666667,-2.1166666666666667,0.85,60,60,60,episode
e5_strategy,secondary_baseline,prior,3,100,bayes_direct,finite_ap_index,reward,0.26666666666666666,-1.1833333333333333,1.6833333333333333,60,60,60,episode
e5_strategy,secondary_baseline,prior,10,100,bayes_direct,finite_ap_index,reward,-9.583333333333334,-13.967083333333333,-5.466666666666667,60,60,60,episode
e5_strategy,secondary_baseline,close,3,100,bayes_direct,greedy,pseudo_regret,-0.14750000000000013,-0.5383333333333338,0.21833333333333343,60,60,60,episode
e5_strategy,secondary_baseline,close,10,100,bayes_direct,greedy,pseudo_regret,0.13500000000000015,-0.3041875000000003,0.5683333333333338,60,60,60,episode
e5_strategy,secondary_baseline,prior,3,100,bayes_direct,greedy,pseudo_regret,-0.7774169507715832,-2.5921424232569583,0.7174375857693476,60,60,60,episode
e5_strategy,secondary_baseline,prior,10,100,bayes_direct,greedy,pseudo_regret,5.0230904694352745,0.5739162158565568,9.481339825879301,60,60,60,episode
e5_strategy,secondary_baseline,close,3,100,bayes_direct,greedy,reward,0.15,-1.0333333333333334,1.0166666666666666,60,60,60,episode
e5_strategy,secondary_baseline,close,10,100,bayes_direct,greedy,reward,-1.45,-2.933333333333333,-0.016666666666666666,60,60,60,episode
e5_strategy,secondary_baseline,prior,3,100,bayes_direct,greedy,reward,0.35,-0.9833333333333333,1.8,60,60,60,episode
e5_strategy,secondary_baseline,prior,10,100,bayes_direct,greedy,reward,-4.766666666666667,-9.316666666666666,-0.35,60,60,60,episode
e5_strategy,secondary_baseline,close,3,100,bayes_direct,ids,pseudo_regret,0.399166666666667,-0.12916666666666674,0.8983333333333341,60,60,60,episode
e5_strategy,secondary_baseline,close,10,100,bayes_direct,ids,pseudo_regret,-0.09249999999999999,-0.5016875000000005,0.2800000000000004,60,60,60,episode
e5_strategy,secondary_baseline,prior,3,100,bayes_direct,ids,pseudo_regret,0.01777120182612111,-1.3378279525546732,1.4814820369159758,60,60,60,episode
e5_strategy,secondary_baseline,prior,10,100,bayes_direct,ids,pseudo_regret,8.574756704636416,4.970872223029991,12.42619851740803,60,60,60,episode
e5_strategy,secondary_baseline,close,3,100,bayes_direct,ids,reward,-0.8333333333333334,-2.2,0.43333333333333335,60,60,60,episode
e5_strategy,secondary_baseline,close,10,100,bayes_direct,ids,reward,-0.4166666666666667,-1.9833333333333334,1.1166666666666667,60,60,60,episode
e5_strategy,secondary_baseline,prior,3,100,bayes_direct,ids,reward,0.35,-1.0666666666666667,1.65,60,60,60,episode
e5_strategy,secondary_baseline,prior,10,100,bayes_direct,ids,reward,-9.183333333333334,-13.216666666666667,-5.466666666666667,60,60,60,episode
e5_strategy,secondary_baseline,close,3,100,bayes_direct,knowledge_gradient,pseudo_regret,0.3450000000000003,-0.18335416666666682,0.8691666666666673,60,60,60,episode
e5_strategy,secondary_baseline,close,10,100,bayes_direct,knowledge_gradient,pseudo_regret,-0.055000000000000146,-0.4566875000000004,0.32583333333333353,60,60,60,episode
e5_strategy,secondary_baseline,prior,3,100,bayes_direct,knowledge_gradient,pseudo_regret,0.00832190138205371,-1.6492090451195442,1.6280254579730624,60,60,60,episode
e5_strategy,secondary_baseline,prior,10,100,bayes_direct,knowledge_gradient,pseudo_regret,7.687658848486012,3.6784264343404365,11.851143853752614,60,60,60,episode
e5_strategy,secondary_baseline,close,3,100,bayes_direct,knowledge_gradient,reward,-0.5166666666666667,-1.9,0.7,60,60,60,episode
e5_strategy,secondary_baseline,close,10,100,bayes_direct,knowledge_gradient,reward,-0.95,-2.4504166666666665,0.5170833333333273,60,60,60,episode
e5_strategy,secondary_baseline,prior,3,100,bayes_direct,knowledge_gradient,reward,0.45,-1.0166666666666666,1.8666666666666667,60,60,60,episode
e5_strategy,secondary_baseline,prior,10,100,bayes_direct,knowledge_gradient,reward,-8.25,-12.416666666666666,-4.183333333333334,60,60,60,episode
e5_strategy,primary_vs_ts,close,3,100,bayes_direct,ts,pseudo_regret,0.25666666666666693,-0.2683333333333336,0.7800208333333339,60,60,60,episode
e5_strategy,primary_vs_ts,close,10,100,bayes_direct,ts,pseudo_regret,-0.10500000000000005,-0.5433333333333338,0.2791666666666669,60,60,60,episode
e5_strategy,primary_vs_ts,prior,3,100,bayes_direct,ts,pseudo_regret,-1.6068001481116325,-2.9467619066553916,-0.15446053592243092,60,60,60,episode
e5_strategy,primary_vs_ts,prior,10,100,bayes_direct,ts,pseudo_regret,1.5789602484899847,-2.088135804730287,5.5100463222528155,60,60,60,episode
e5_strategy,primary_vs_ts,close,3,100,bayes_direct,ts,reward,-1.0,-2.5166666666666666,0.43333333333333335,60,60,60,episode
e5_strategy,primary_vs_ts,close,10,100,bayes_direct,ts,reward,-0.9833333333333333,-2.4833333333333334,0.4666666666666667,60,60,60,episode
e5_strategy,primary_vs_ts,prior,3,100,bayes_direct,ts,reward,2.1166666666666667,0.7,3.3833333333333333,60,60,60,episode
e5_strategy,primary_vs_ts,prior,10,100,bayes_direct,ts,reward,-2.0,-6.216666666666667,1.9333333333333333,60,60,60,episode
e5_strategy,secondary_baseline,close,3,100,bayes_direct,ucb1,pseudo_regret,0.18833333333333357,-0.390854166666667,0.7533333333333341,60,60,60,episode
e5_strategy,secondary_baseline,close,10,100,bayes_direct,ucb1,pseudo_regret,-0.19916666666666683,-0.6433541666666672,0.20916666666666692,60,60,60,episode
e5_strategy,secondary_baseline,prior,3,100,bayes_direct,ucb1,pseudo_regret,-6.206024839642969,-7.797360483580438,-4.512753694237889,60,60,60,episode
e5_strategy,secondary_baseline,prior,10,100,bayes_direct,ucb1,pseudo_regret,-12.806008450726628,-16.355907457581075,-9.078680589472324,60,60,60,episode
e5_strategy,secondary_baseline,close,3,100,bayes_direct,ucb1,reward,-1.2333333333333334,-2.7666666666666666,0.25,60,60,60,episode
e5_strategy,secondary_baseline,close,10,100,bayes_direct,ucb1,reward,-1.0166666666666666,-2.45,0.4166666666666667,60,60,60,episode
e5_strategy,secondary_baseline,prior,3,100,bayes_direct,ucb1,reward,7.283333333333333,5.56625,8.916666666666666,60,60,60,episode
e5_strategy,secondary_baseline,prior,10,100,bayes_direct,ucb1,reward,12.416666666666666,8.566666666666666,16.133333333333333,60,60,60,episode
e5_strategy,planned_comparison,close,3,100,neutral_direct,bayes_direct,pseudo_regret,0.1516666666666668,-0.004166666666666667,0.3883333333333337,60,60,60,episode
e5_strategy,planned_comparison,close,10,100,neutral_direct,bayes_direct,pseudo_regret,-0.07416666666666673,-0.2225000000000002,0.0,60,60,60,episode
e5_strategy,planned_comparison,prior,3,100,neutral_direct,bayes_direct,pseudo_regret,0.8166996687796438,-0.015084095556139144,2.3658787569783577,60,60,60,episode
e5_strategy,planned_comparison,prior,10,100,neutral_direct,bayes_direct,pseudo_regret,0.05244530983617909,-0.011073972063365016,0.13285411285969825,60,60,60,episode
e5_strategy,planned_comparison,close,3,100,neutral_direct,bayes_direct,reward,-0.08333333333333333,-0.43333333333333335,0.2,60,60,60,episode
e5_strategy,planned_comparison,close,10,100,neutral_direct,bayes_direct,reward,-0.06666666666666667,-0.5166666666666667,0.4166666666666667,60,60,60,episode
e5_strategy,planned_comparison,prior,3,100,neutral_direct,bayes_direct,reward,-0.7666666666666667,-2.150416666666666,0.03333333333333333,60,60,60,episode
e5_strategy,planned_comparison,prior,10,100,neutral_direct,bayes_direct,reward,-0.08333333333333333,-0.2,0.016666666666666666,60,60,60,episode
e5_strategy,secondary_baseline,close,3,100,neutral_direct,bayes_ucb,pseudo_regret,0.5458333333333338,0.0058333333333333405,1.0716666666666677,60,60,60,episode
e5_strategy,secondary_baseline,close,10,100,neutral_direct,bayes_ucb,pseudo_regret,-0.2033333333333335,-0.6625000000000006,0.20752083333333338,60,60,60,episode
e5_strategy,secondary_baseline,prior,3,100,neutral_direct,bayes_ucb,pseudo_regret,0.5936124045675355,-1.3239295246172635,2.992246283061506,60,60,60,episode
e5_strategy,secondary_baseline,prior,10,100,neutral_direct,bayes_ucb,pseudo_regret,6.984590289327443,3.1747779708237185,11.27047596792335,60,60,60,episode
e5_strategy,secondary_baseline,close,3,100,neutral_direct,bayes_ucb,reward,-0.9333333333333333,-2.45,0.55,60,60,60,episode
e5_strategy,secondary_baseline,close,10,100,neutral_direct,bayes_ucb,reward,-1.0333333333333334,-2.55,0.48333333333333334,60,60,60,episode
e5_strategy,secondary_baseline,prior,3,100,neutral_direct,bayes_ucb,reward,0.03333333333333333,-2.1166666666666667,1.8333333333333333,60,60,60,episode
e5_strategy,secondary_baseline,prior,10,100,neutral_direct,bayes_ucb,reward,-7.833333333333333,-12.05,-3.9,60,60,60,episode
e5_strategy,secondary_baseline,close,3,100,neutral_direct,finite_ap_index,pseudo_regret,0.3950000000000004,-0.1666875000000001,0.9475000000000009,60,60,60,episode
e5_strategy,secondary_baseline,close,10,100,neutral_direct,finite_ap_index,pseudo_regret,-0.1875000000000001,-0.6233333333333338,0.22335416666666663,60,60,60,episode
e5_strategy,secondary_baseline,prior,3,100,neutral_direct,finite_ap_index,pseudo_regret,0.9948506320541491,-1.0172943660486424,3.5515995721708813,60,60,60,episode
e5_strategy,secondary_baseline,prior,10,100,neutral_direct,finite_ap_index,pseudo_regret,9.32995681925188,5.319874898298682,13.491818540308229,60,60,60,episode
e5_strategy,secondary_baseline,close,3,100,neutral_direct,finite_ap_index,reward,-0.9833333333333333,-2.367083333333333,0.26666666666666666,60,60,60,episode
e5_strategy,secondary_baseline,close,10,100,neutral_direct,finite_ap_index,reward,-0.6833333333333333,-2.216666666666667,0.8333333333333334,60,60,60,episode
e5_strategy,secondary_baseline,prior,3,100,neutral_direct,finite_ap_index,reward,-0.5,-2.8,1.4166666666666667,60,60,60,episode
e5_strategy,secondary_baseline,prior,10,100,neutral_direct,finite_ap_index,reward,-9.666666666666666,-13.916666666666666,-5.4,60,60,60,episode
e5_strategy,secondary_baseline,close,3,100,neutral_direct,greedy,pseudo_regret,0.004166666666666655,-0.43166666666666703,0.4500208333333334,60,60,60,episode
e5_strategy,secondary_baseline,close,10,100,neutral_direct,greedy,pseudo_regret,0.0608333333333334,-0.395854166666667,0.5325000000000004,60,60,60,episode
e5_strategy,secondary_baseline,prior,3,100,neutral_direct,greedy,pseudo_regret,0.03928271800806056,-2.1865572346437494,2.471985971702879,60,60,60,episode
e5_strategy,secondary_baseline,prior,10,100,neutral_direct,greedy,pseudo_regret,5.075535779271453,0.623492681508161,9.60798128071498,60,60,60,episode
e5_strategy,secondary_baseline,close,3,100,neutral_direct,greedy,reward,0.06666666666666667,-1.1333333333333333,0.9666666666666667,60,60,60,episode
e5_strategy,secondary_baseline,close,10,100,neutral_direct,greedy,reward,-1.5166666666666666,-3.066666666666667,-0.03333333333333333,60,60,60,episode
e5_strategy,secondary_baseline,prior,3,100,neutral_direct,greedy,reward,-0.4166666666666667,-2.533333333333333,1.45,60,60,60,episode
e5_strategy,secondary_baseline,prior,10,100,neutral_direct,greedy,reward,-4.85,-9.366666666666667,-0.3,60,60,60,episode
e5_strategy,secondary_baseline,close,3,100,neutral_direct,ids,pseudo_regret,0.5508333333333337,0.01833333333333339,1.0683333333333345,60,60,60,episode
e5_strategy,secondary_baseline,close,10,100,neutral_direct,ids,pseudo_regret,-0.1666666666666667,-0.6108333333333338,0.22585416666666677,60,60,60,episode
e5_strategy,secondary_baseline,prior,3,100,neutral_direct,ids,pseudo_regret,0.834470870605765,-1.065622189333971,3.2241252348955416,60,60,60,episode
e5_strategy,secondary_baseline,prior,10,100,neutral_direct,ids,pseudo_regret,8.627202014472594,4.960681906499075,12.429197668087433,60,60,60,episode
e5_strategy,secondary_baseline,close,3,100,neutral_direct,ids,reward,-0.9166666666666666,-2.2666666666666666,0.31666666666666665,60,60,60,episode
e5_strategy,secondary_baseline,close,10,100,neutral_direct,ids,reward,-0.48333333333333334,-2.0833333333333335,1.0166666666666666,60,60,60,episode
e5_strategy,secondary_baseline,prior,3,100,neutral_direct,ids,reward,-0.4166666666666667,-2.667083333333333,1.3833333333333333,60,60,60,episode
e5_strategy,secondary_baseline,prior,10,100,neutral_direct,ids,reward,-9.266666666666667,-13.117083333333333,-5.583333333333333,60,60,60,episode
e5_strategy,secondary_baseline,close,3,100,neutral_direct,knowledge_gradient,pseudo_regret,0.4966666666666672,-0.0641875,1.0475000000000008,60,60,60,episode
e5_strategy,secondary_baseline,close,10,100,neutral_direct,knowledge_gradient,pseudo_regret,-0.12916666666666687,-0.5625208333333339,0.28083333333333355,60,60,60,episode
e5_strategy,secondary_baseline,prior,3,100,neutral_direct,knowledge_gradient,pseudo_regret,0.8250215701616977,-1.2791905976714337,3.331451530415345,60,60,60,episode
e5_strategy,secondary_baseline,prior,10,100,neutral_direct,knowledge_gradient,pseudo_regret,7.7401041583221915,3.6418172591013347,11.9446298341056,60,60,60,episode
e5_strategy,secondary_baseline,close,3,100,neutral_direct,knowledge_gradient,reward,-0.6,-2.033333333333333,0.65,60,60,60,episode
e5_strategy,secondary_baseline,close,10,100,neutral_direct,knowledge_gradient,reward,-1.0166666666666666,-2.5833333333333335,0.5,60,60,60,episode
e5_strategy,secondary_baseline,prior,3,100,neutral_direct,knowledge_gradient,reward,-0.31666666666666665,-2.533333333333333,1.55,60,60,60,episode
e5_strategy,secondary_baseline,prior,10,100,neutral_direct,knowledge_gradient,reward,-8.333333333333334,-12.6,-4.15,60,60,60,episode
e5_strategy,planned_comparison,close,3,100,neutral_direct,ts,pseudo_regret,0.4083333333333337,-0.13000000000000003,0.915833333333334,60,60,60,episode
e5_strategy,planned_comparison,close,10,100,neutral_direct,ts,pseudo_regret,-0.17916666666666678,-0.6125208333333341,0.22916666666666685,60,60,60,episode
e5_strategy,planned_comparison,prior,3,100,neutral_direct,ts,pseudo_regret,-0.7901004793319888,-2.714082696621254,1.604755632660314,60,60,60,episode
e5_strategy,planned_comparison,prior,10,100,neutral_direct,ts,pseudo_regret,1.6314055583261637,-2.0847216289115593,5.528884857588055,60,60,60,episode
e5_strategy,planned_comparison,close,3,100,neutral_direct,ts,reward,-1.0833333333333333,-2.533333333333333,0.3,60,60,60,episode
e5_strategy,planned_comparison,close,10,100,neutral_direct,ts,reward,-1.05,-2.533333333333333,0.4166666666666667,60,60,60,episode
e5_strategy,planned_comparison,prior,3,100,neutral_direct,ts,reward,1.35,-0.9333333333333333,3.183333333333333,60,60,60,episode
e5_strategy,planned_comparison,prior,10,100,neutral_direct,ts,reward,-2.0833333333333335,-6.366666666666666,1.8666666666666667,60,60,60,episode
e5_strategy,secondary_baseline,close,3,100,neutral_direct,ucb1,pseudo_regret,0.3400000000000004,-0.23002083333333348,0.8808541666666674,60,60,60,episode
e5_strategy,secondary_baseline,close,10,100,neutral_direct,ucb1,pseudo_regret,-0.27333333333333354,-0.7533541666666674,0.14916666666666684,60,60,60,episode
e5_strategy,secondary_baseline,prior,3,100,neutral_direct,ucb1,pseudo_regret,-5.389325170863326,-7.46887152306732,-2.996818860337017,60,60,60,episode
e5_strategy,secondary_baseline,prior,10,100,neutral_direct,ucb1,pseudo_regret,-12.753563140890448,-16.266899963086015,-9.028914926688193,60,60,60,episode
e5_strategy,secondary_baseline,close,3,100,neutral_direct,ucb1,reward,-1.3166666666666667,-2.8,0.15,60,60,60,episode
e5_strategy,secondary_baseline,close,10,100,neutral_direct,ucb1,reward,-1.0833333333333333,-2.533333333333333,0.38333333333333336,60,60,60,episode
e5_strategy,secondary_baseline,prior,3,100,neutral_direct,ucb1,reward,6.516666666666667,4.233333333333333,8.566666666666666,60,60,60,episode
e5_strategy,secondary_baseline,prior,10,100,neutral_direct,ucb1,reward,12.333333333333334,8.383333333333333,16.0,60,60,60,episode
e5_strategy,planned_comparison,close,3,100,regret_direct,bayes_direct,pseudo_regret,0.14833333333333346,-0.24083333333333357,0.5416875000000003,60,60,60,episode
e5_strategy,planned_comparison,close,10,100,regret_direct,bayes_direct,pseudo_regret,0.005833333333333339,-0.22166666666666685,0.23916666666666686,60,60,60,episode
e5_strategy,planned_comparison,prior,3,100,regret_direct,bayes_direct,pseudo_regret,1.5814942854875875,0.0818664388971652,3.717679263409693,60,60,60,episode
e5_strategy,planned_comparison,prior,10,100,regret_direct,bayes_direct,pseudo_regret,1.3167356445399716,0.10483548401095547,3.128987569157466,60,60,60,episode
e5_strategy,planned_comparison,close,3,100,regret_direct,bayes_direct,reward,0.13333333333333333,-0.6333333333333333,0.75,60,60,60,episode
e5_strategy,planned_comparison,close,10,100,regret_direct,bayes_direct,reward,-0.08333333333333333,-0.6666666666666666,0.5333333333333333,60,60,60,episode
e5_strategy,planned_comparison,prior,3,100,regret_direct,bayes_direct,reward,-1.5333333333333334,-3.3833333333333333,-0.16625000000000606,60,60,60,episode
e5_strategy,planned_comparison,prior,10,100,regret_direct,bayes_direct,reward,-1.4166666666666667,-3.300416666666666,-0.13333333333333333,60,60,60,episode
e5_strategy,secondary_baseline,close,3,100,regret_direct,bayes_ucb,pseudo_regret,0.5425000000000005,-0.022500000000000055,1.080000000000001,60,60,60,episode
e5_strategy,secondary_baseline,close,10,100,regret_direct,bayes_ucb,pseudo_regret,-0.12333333333333342,-0.5633541666666674,0.2716666666666669,60,60,60,episode
e5_strategy,secondary_baseline,prior,3,100,regret_direct,bayes_ucb,pseudo_regret,1.358407021275479,-0.8546153701914215,4.1334586109930695,60,60,60,episode
e5_strategy,secondary_baseline,prior,10,100,regret_direct,bayes_ucb,pseudo_regret,8.248880624031235,4.076541168835781,12.746832628169148,60,60,60,episode
e5_strategy,secondary_baseline,close,3,100,regret_direct,bayes_ucb,reward,-0.7166666666666667,-2.3333333333333335,0.85,60,60,60,episode
e5_strategy,secondary_baseline,close,10,100,regret_direct,bayes_ucb,reward,-1.05,-2.75,0.6,60,60,60,episode
e5_strategy,secondary_baseline,prior,3,100,regret_direct,bayes_ucb,reward,-0.7333333333333333,-3.216666666666667,1.3004166666666606,60,60,60,episode
e5_strategy,secondary_baseline,prior,10,100,regret_direct,bayes_ucb,reward,-9.166666666666666,-13.6,-4.932916666666673,60,60,60,episode
e5_strategy,secondary_baseline,close,3,100,regret_direct,finite_ap_index,pseudo_regret,0.391666666666667,-0.21085416666666676,0.9791666666666676,60,60,60,episode
e5_strategy,secondary_baseline,close,10,100,regret_direct,finite_ap_index,pseudo_regret,-0.10750000000000008,-0.5375000000000004,0.2866666666666669,60,60,60,episode
e5_strategy,secondary_baseline,prior,3,100,regret_direct,finite_ap_index,pseudo_regret,1.7596452487620924,-0.5869596401856852,4.639943776467442,60,60,60,episode
e5_strategy,secondary_baseline,prior,10,100,regret_direct,finite_ap_index,pseudo_regret,10.594247153955672,6.422361076387912,15.005995218286353,60,60,60,episode
e5_strategy,secondary_baseline,close,3,100,regret_direct,finite_ap_index,reward,-0.7666666666666667,-2.3666666666666667,0.6833333333333333,60,60,60,episode
e5_strategy,secondary_baseline,close,10,100,regret_direct,finite_ap_index,reward,-0.7,-2.3666666666666667,0.9333333333333333,60,60,60,episode
e5_strategy,secondary_baseline,prior,3,100,regret_direct,finite_ap_index,reward,-1.2666666666666666,-3.867083333333333,0.9333333333333333,60,60,60,episode
e5_strategy,secondary_baseline,prior,10,100,regret_direct,finite_ap_index,reward,-11.0,-15.533333333333333,-6.55,60,60,60,episode
e5_strategy,secondary_baseline,close,3,100,regret_direct,greedy,pseudo_regret,0.0008333333333333156,-0.5150000000000005,0.5075624999999996,60,60,60,episode
e5_strategy,secondary_baseline,close,10,100,regret_direct,greedy,pseudo_regret,0.1408333333333335,-0.34666666666666696,0.6333333333333339,60,60,60,episode
e5_strategy,secondary_baseline,prior,3,100,regret_direct,greedy,pseudo_regret,0.8040773347160042,-1.783600599854184,3.607130109030602,60,60,60,episode
e5_strategy,secondary_baseline,prior,10,100,regret_direct,greedy,pseudo_regret,6.3398261139752465,1.8594084049995228,10.772055228064083,60,60,60,episode
e5_strategy,secondary_baseline,close,3,100,regret_direct,greedy,reward,0.2833333333333333,-1.05,1.4,60,60,60,episode
e5_strategy,secondary_baseline,close,10,100,regret_direct,greedy,reward,-1.5333333333333334,-3.1333333333333333,0.05,60,60,60,episode
e5_strategy,secondary_baseline,prior,3,100,regret_direct,greedy,reward,-1.1833333333333333,-3.716666666666667,1.033749999999994,60,60,60,episode
e5_strategy,secondary_baseline,prior,10,100,regret_direct,greedy,reward,-6.183333333333334,-10.816666666666666,-1.6333333333333333,60,60,60,episode
e5_strategy,secondary_baseline,close,3,100,regret_direct,ids,pseudo_regret,0.5475000000000005,-0.0008541666666666516,1.090020833333334,60,60,60,episode
e5_strategy,secondary_baseline,close,10,100,regret_direct,ids,pseudo_regret,-0.08666666666666666,-0.5141875000000004,0.30416666666666703,60,60,60,episode
e5_strategy,secondary_baseline,prior,3,100,regret_direct,ids,pseudo_regret,1.5992654873137087,-0.669388387768599,4.354528380368459,60,60,60,episode
e5_strategy,secondary_baseline,prior,10,100,regret_direct,ids,pseudo_regret,9.891492349176387,6.02054732607444,14.042770032557408,60,60,60,episode
e5_strategy,secondary_baseline,close,3,100,regret_direct,ids,reward,-0.7,-2.183333333333333,0.6666666666666666,60,60,60,episode
e5_strategy,secondary_baseline,close,10,100,regret_direct,ids,reward,-0.5,-2.2666666666666666,1.1666666666666667,60,60,60,episode
e5_strategy,secondary_baseline,prior,3,100,regret_direct,ids,reward,-1.1833333333333333,-3.7,0.9504166666666606,60,60,60,episode
e5_strategy,secondary_baseline,prior,10,100,regret_direct,ids,reward,-10.6,-14.8,-6.566666666666666,60,60,60,episode
e5_strategy,secondary_baseline,close,3,100,regret_direct,knowledge_gradient,pseudo_regret,0.49333333333333385,-0.10250000000000006,1.082500000000001,60,60,60,episode
e5_strategy,secondary_baseline,close,10,100,regret_direct,knowledge_gradient,pseudo_regret,-0.04916666666666683,-0.5016666666666671,0.3841875,60,60,60,episode
e5_strategy,secondary_baseline,prior,3,100,regret_direct,knowledge_gradient,pseudo_regret,1.5898161868696412,-0.8880186378385484,4.375427410729005,60,60,60,episode
e5_strategy,secondary_baseline,prior,10,100,regret_direct,knowledge_gradient,pseudo_regret,9.004394493025984,4.8080205919264145,13.264723667686999,60,60,60,episode
e5_strategy,secondary_baseline,close,3,100,regret_direct,knowledge_gradient,reward,-0.38333333333333336,-1.95,1.0,60,60,60,episode
e5_strategy,secondary_baseline,close,10,100,regret_direct,knowledge_gradient,reward,-1.0333333333333334,-2.65,0.6166666666666667,60,60,60,episode
e5_strategy,secondary_baseline,prior,3,100,regret_direct,knowledge_gradient,reward,-1.0833333333333333,-3.7333333333333334,1.1170833333333272,60,60,60,episode
e5_strategy,secondary_baseline,prior,10,100,regret_direct,knowledge_gradient,reward,-9.666666666666666,-14.133333333333333,-5.316666666666666,60,60,60,episode
e5_strategy,planned_comparison,close,3,100,regret_direct,ts,pseudo_regret,0.4050000000000004,-0.1383333333333334,0.940020833333334,60,60,60,episode
e5_strategy,planned_comparison,close,10,100,regret_direct,ts,pseudo_regret,-0.09916666666666671,-0.5433333333333338,0.29916666666666697,60,60,60,episode
e5_strategy,planned_comparison,prior,3,100,regret_direct,ts,pseudo_regret,-0.02530586262404495,-2.2560188054940875,2.7572570161774794,60,60,60,episode
e5_strategy,planned_comparison,prior,10,100,regret_direct,ts,pseudo_regret,2.895695893029957,-1.0800596893613517,7.031280782825314,60,60,60,episode
e5_strategy,planned_comparison,close,3,100,regret_direct,ts,reward,-0.8666666666666667,-2.466666666666667,0.6,60,60,60,episode
e5_strategy,planned_comparison,close,10,100,regret_direct,ts,reward,-1.0666666666666667,-2.7,0.5,60,60,60,episode
e5_strategy,planned_comparison,prior,3,100,regret_direct,ts,reward,0.5833333333333334,-2.0,2.6666666666666665,60,60,60,episode
e5_strategy,planned_comparison,prior,10,100,regret_direct,ts,reward,-3.4166666666666665,-7.816666666666666,0.683749999999994,60,60,60,episode
e5_strategy,secondary_baseline,close,3,100,regret_direct,ucb1,pseudo_regret,0.336666666666667,-0.23252083333333354,0.8750208333333338,60,60,60,episode
e5_strategy,secondary_baseline,close,10,100,regret_direct,ucb1,pseudo_regret,-0.19333333333333347,-0.6600000000000005,0.21585416666666665,60,60,60,episode
e5_strategy,secondary_baseline,prior,3,100,regret_direct,ucb1,pseudo_regret,-4.62453055415538,-7.003928378894577,-1.8257614945569394,60,60,60,episode
e5_strategy,secondary_baseline,prior,10,100,regret_direct,ucb1,pseudo_regret,-11.489272806186655,-15.293154203232351,-7.490662329098464,60,60,60,episode
e5_strategy,secondary_baseline,close,3,100,regret_direct,ucb1,reward,-1.1,-2.6666666666666665,0.4170833333333273,60,60,60,episode
e5_strategy,secondary_baseline,close,10,100,regret_direct,ucb1,reward,-1.1,-2.65,0.4666666666666667,60,60,60,episode
e5_strategy,secondary_baseline,prior,3,100,regret_direct,ucb1,reward,5.75,3.3,7.966666666666667,60,60,60,episode
e5_strategy,secondary_baseline,prior,10,100,regret_direct,ucb1,reward,11.0,6.899583333333334,14.9,60,60,60,episode
e5_strategy,planned_comparison,close,3,100,thompson_prompt,bayes_direct,pseudo_regret,1.850371707708594e-17,-0.004999999999999997,0.006666666666666698,60,60,60,episode
e5_strategy,planned_comparison,close,10,100,thompson_prompt,bayes_direct,pseudo_regret,0.07916666666666673,-0.0008333333333333377,0.23750000000000018,60,60,60,episode
e5_strategy,planned_comparison,prior,3,100,thompson_prompt,bayes_direct,pseudo_regret,0.7174455625955645,-0.03061912177725973,2.1724758515271447,60,60,60,episode
e5_strategy,planned_comparison,prior,10,100,thompson_prompt,bayes_direct,pseudo_regret,-0.5395887364970383,-2.180010351052523,0.508792065542437,60,60,60,episode
e5_strategy,planned_comparison,close,3,100,thompson_prompt,bayes_direct,reward,-0.03333333333333333,-0.13333333333333333,0.05,60,60,60,episode
e5_strategy,planned_comparison,close,10,100,thompson_prompt,bayes_direct,reward,0.6166666666666667,-0.05,1.4166666666666667,60,60,60,episode
e5_strategy,planned_comparison,prior,3,100,thompson_prompt,bayes_direct,reward,-0.6,-1.85,0.06666666666666667,60,60,60,episode
e5_strategy,planned_comparison,prior,10,100,thompson_prompt,bayes_direct,reward,0.5833333333333334,-0.4166666666666667,2.183333333333333,60,60,60,episode
e5_strategy,secondary_baseline,close,3,100,thompson_prompt,bayes_ucb,pseudo_regret,0.394166666666667,-0.14833333333333343,0.9216875000000004,60,60,60,episode
e5_strategy,secondary_baseline,close,10,100,thompson_prompt,bayes_ucb,pseudo_regret,-0.05000000000000002,-0.47583333333333366,0.31668750000000007,60,60,60,episode
e5_strategy,secondary_baseline,prior,3,100,thompson_prompt,bayes_ucb,pseudo_regret,0.4943582983834559,-1.4455645361647764,2.8983715034529816,60,60,60,episode
e5_strategy,secondary_baseline,prior,10,100,thompson_prompt,bayes_ucb,pseudo_regret,6.392556242994224,2.5490441980177345,10.601592966886829,60,60,60,episode
e5_strategy,secondary_baseline,close,3,100,thompson_prompt,bayes_ucb,reward,-0.8833333333333333,-2.4337499999999994,0.5666666666666667,60,60,60,episode
e5_strategy,secondary_baseline,close,10,100,thompson_prompt,bayes_ucb,reward,-0.35,-1.9670833333333329,1.2333333333333334,60,60,60,episode
e5_strategy,secondary_baseline,prior,3,100,thompson_prompt,bayes_ucb,reward,0.2,-1.95,1.8833333333333333,60,60,60,episode
e5_strategy,secondary_baseline,prior,10,100,thompson_prompt,bayes_ucb,reward,-7.166666666666667,-11.416666666666666,-3.2666666666666666,60,60,60,episode
e5_strategy,secondary_baseline,close,3,100,thompson_prompt,finite_ap_index,pseudo_regret,0.24333333333333362,-0.3066666666666668,0.8016666666666675,60,60,60,episode
e5_strategy,secondary_baseline,close,10,100,thompson_prompt,finite_ap_index,pseudo_regret,-0.03416666666666671,-0.4050208333333337,0.319166666666667,60,60,60,episode
e5_strategy,secondary_baseline,prior,3,100,thompson_prompt,finite_ap_index,pseudo_regret,0.8955965258700697,-1.0737965270306797,3.2997452068790776,60,60,60,episode
e5_strategy,secondary_baseline,prior,10,100,thompson_prompt,finite_ap_index,pseudo_regret,8.737922772918663,4.903275707139616,12.839873971790752,60,60,60,episode
e5_strategy,secondary_baseline,close,3,100,thompson_prompt,finite_ap_index,reward,-0.9333333333333333,-2.3,0.3170833333333273,60,60,60,episode
e5_strategy,secondary_baseline,close,10,100,thompson_prompt,finite_ap_index,reward,0.0,-1.55,1.5,60,60,60,episode
e5_strategy,secondary_baseline,prior,3,100,thompson_prompt,finite_ap_index,reward,-0.3333333333333333,-2.55,1.5333333333333334,60,60,60,episode
e5_strategy,secondary_baseline,prior,10,100,thompson_prompt,finite_ap_index,reward,-9.0,-13.266666666666667,-4.816666666666666,60,60,60,episode
e5_strategy,secondary_baseline,close,3,100,thompson_prompt,greedy,pseudo_regret,-0.14750000000000013,-0.5483541666666673,0.22583333333333358,60,60,60,episode
e5_strategy,secondary_baseline,close,10,100,thompson_prompt,greedy,pseudo_regret,0.21416666666666687,-0.1908333333333335,0.6250208333333336,60,60,60,episode
e5_strategy,secondary_baseline,prior,3,100,thompson_prompt,greedy,pseudo_regret,-0.05997138817601904,-2.278847602449654,2.320193097358321,60,60,60,episode
e5_strategy,secondary_baseline,prior,10,100,thompson_prompt,greedy,pseudo_regret,4.483501732938237,-0.004885108922333429,9.062207376285919,60,60,60,episode
e5_strategy,secondary_baseline,close,3,100,thompson_prompt,greedy,reward,0.11666666666666667,-1.0666666666666667,0.9666666666666667,60,60,60,episode
e5_strategy,secondary_baseline,close,10,100,thompson_prompt,greedy,reward,-0.8333333333333334,-2.25,0.55,60,60,60,episode
e5_strategy,secondary_baseline,prior,3,100,thompson_prompt,greedy,reward,-0.25,-2.433333333333333,1.6166666666666667,60,60,60,episode
e5_strategy,secondary_baseline,prior,10,100,thompson_prompt,greedy,reward,-4.183333333333334,-8.783333333333333,0.25,60,60,60,episode
e5_strategy,secondary_baseline,close,3,100,thompson_prompt,ids,pseudo_regret,0.399166666666667,-0.11666666666666675,0.9208333333333342,60,60,60,episode
e5_strategy,secondary_baseline,close,10,100,thompson_prompt,ids,pseudo_regret,-0.013333333333333272,-0.39166666666666683,0.33166666666666705,60,60,60,episode
e5_strategy,secondary_baseline,prior,3,100,thompson_prompt,ids,pseudo_regret,0.7352167644216856,-1.1516942423718264,3.0858605034201076,60,60,60,episode
e5_strategy,secondary_baseline,prior,10,100,thompson_prompt,ids,pseudo_regret,8.035167968139374,4.492853141268221,11.917398579907166,60,60,60,episode
e5_strategy,secondary_baseline,close,3,100,thompson_prompt,ids,reward,-0.8666666666666667,-2.216666666666667,0.4,60,60,60,episode
e5_strategy,secondary_baseline,close,10,100,thompson_prompt,ids,reward,0.2,-1.4166666666666667,1.8,60,60,60,episode
e5_strategy,secondary_baseline,prior,3,100,thompson_prompt,ids,reward,-0.25,-2.433333333333333,1.5,60,60,60,episode
e5_strategy,secondary_baseline,prior,10,100,thompson_prompt,ids,reward,-8.6,-12.450416666666666,-4.933333333333334,60,60,60,episode
e5_strategy,secondary_baseline,close,3,100,thompson_prompt,knowledge_gradient,pseudo_regret,0.3450000000000003,-0.17585416666666684,0.8583333333333341,60,60,60,episode
e5_strategy,secondary_baseline,close,10,100,thompson_prompt,knowledge_gradient,pseudo_regret,0.024166666666666566,-0.35166666666666707,0.3766666666666669,60,60,60,episode
e5_strategy,secondary_baseline,prior,3,100,thompson_prompt,knowledge_gradient,pseudo_regret,0.7257674639776184,-1.3915274897108587,3.2410225683647895,60,60,60,episode
e5_strategy,secondary_baseline,prior,10,100,thompson_prompt,knowledge_gradient,pseudo_regret,7.1480701119889725,3.2474338448100912,11.335541649353384,60,60,60,episode
e5_strategy,secondary_baseline,close,3,100,thompson_prompt,knowledge_gradient,reward,-0.55,-1.95,0.6666666666666666,60,60,60,episode
e5_strategy,secondary_baseline,close,10,100,thompson_prompt,knowledge_gradient,reward,-0.3333333333333333,-1.7833333333333334,1.1,60,60,60,episode
e5_strategy,secondary_baseline,prior,3,100,thompson_prompt,knowledge_gradient,reward,-0.15,-2.3333333333333335,1.7166666666666666,60,60,60,episode
e5_strategy,secondary_baseline,prior,10,100,thompson_prompt,knowledge_gradient,reward,-7.666666666666667,-11.867083333333333,-3.683333333333333,60,60,60,episode
e5_strategy,planned_comparison,close,3,100,thompson_prompt,ts,pseudo_regret,0.25666666666666693,-0.2758333333333335,0.7941666666666674,60,60,60,episode
e5_strategy,planned_comparison,close,10,100,thompson_prompt,ts,pseudo_regret,-0.025833333333333323,-0.4458333333333337,0.34000000000000036,60,60,60,episode
e5_strategy,planned_comparison,prior,3,100,thompson_prompt,ts,pseudo_regret,-0.8893545855160683,-2.7631143923355967,1.5792095683987217,60,60,60,episode
e5_strategy,planned_comparison,prior,10,100,thompson_prompt,ts,pseudo_regret,1.0393715119929463,-2.5702686014297234,4.972366788775497,60,60,60,episode
e5_strategy,planned_comparison,close,3,100,thompson_prompt,ts,reward,-1.0333333333333334,-2.5004166666666663,0.4166666666666667,60,60,60,episode
e5_strategy,planned_comparison,close,10,100,thompson_prompt,ts,reward,-0.36666666666666664,-1.9833333333333334,1.1666666666666667,60,60,60,episode
e5_strategy,planned_comparison,prior,3,100,thompson_prompt,ts,reward,1.5166666666666666,-0.75,3.3,60,60,60,episode
e5_strategy,planned_comparison,prior,10,100,thompson_prompt,ts,reward,-1.4166666666666667,-5.583333333333333,2.3666666666666667,60,60,60,episode
e5_strategy,secondary_baseline,close,3,100,thompson_prompt,ucb1,pseudo_regret,0.18833333333333352,-0.383354166666667,0.7333333333333341,60,60,60,episode
e5_strategy,secondary_baseline,close,10,100,thompson_prompt,ucb1,pseudo_regret,-0.12000000000000006,-0.5441875000000005,0.2666666666666669,60,60,60,episode
e5_strategy,secondary_baseline,prior,3,100,thompson_prompt,ucb1,pseudo_regret,-5.488579277047404,-7.586555867367479,-3.097082943142589,60,60,60,episode
e5_strategy,secondary_baseline,prior,10,100,thompson_prompt,ucb1,pseudo_regret,-13.345597187223664,-16.793341286155567,-9.528464716028669,60,60,60,episode
e5_strategy,secondary_baseline,close,3,100,thompson_prompt,ucb1,reward,-1.2666666666666666,-2.7666666666666666,0.23333333333333334,60,60,60,episode
e5_strategy,secondary_baseline,close,10,100,thompson_prompt,ucb1,reward,-0.4,-1.9833333333333334,1.15,60,60,60,episode
e5_strategy,secondary_baseline,prior,3,100,thompson_prompt,ucb1,reward,6.683333333333334,4.333333333333333,8.7,60,60,60,episode
e5_strategy,secondary_baseline,prior,10,100,thompson_prompt,ucb1,reward,13.0,9.2,16.666666666666668,60,60,60,episode
e5_strategy,planned_comparison,close,3,100,ucb_direct,bayes_direct,pseudo_regret,-0.394166666666667,-0.9225416666666675,0.14002083333333323,60,60,60,episode
e5_strategy,planned_comparison,close,10,100,ucb_direct,bayes_direct,pseudo_regret,0.13250000000000003,-0.2500000000000003,0.5625416666666665,60,60,60,episode
e5_strategy,planned_comparison,prior,3,100,ucb_direct,bayes_direct,pseudo_regret,0.17440833909280676,-1.2785042305644831,1.5129129814995952,60,60,60,episode
e5_strategy,planned_comparison,prior,10,100,ucb_direct,bayes_direct,pseudo_regret,-6.984325021322907,-11.051796061607497,-3.2101933175832196,60,60,60,episode
e5_strategy,planned_comparison,close,3,100,ucb_direct,bayes_direct,reward,0.8833333333333333,-0.617083333333333,2.45,60,60,60,episode
e5_strategy,planned_comparison,close,10,100,ucb_direct,bayes_direct,reward,0.9833333333333333,-0.5666666666666667,2.533333333333333,60,60,60,episode
e5_strategy,planned_comparison,prior,3,100,ucb_direct,bayes_direct,reward,-0.8,-2.0166666666666666,0.5504166666666607,60,60,60,episode
e5_strategy,planned_comparison,prior,10,100,ucb_direct,bayes_direct,reward,7.55,3.6162500000000004,11.616666666666667,60,60,60,episode
e5_strategy,secondary_baseline,close,3,100,ucb_direct,bayes_ucb,pseudo_regret,0.0,0.0,0.0,60,60,60,episode
e5_strategy,secondary_baseline,close,10,100,ucb_direct,bayes_ucb,pseudo_regret,0.0033333333333333067,-0.004166666666666711,0.011666666666666596,60,60,60,episode
e5_strategy,secondary_baseline,prior,3,100,ucb_direct,bayes_ucb,pseudo_regret,-0.048678925119301636,-0.2357055989443472,0.06947043291266403,60,60,60,episode
e5_strategy,secondary_baseline,prior,10,100,ucb_direct,bayes_ucb,pseudo_regret,-0.05218004183164416,-0.6100981598288029,0.48816924545090634,60,60,60,episode
e5_strategy,secondary_baseline,close,3,100,ucb_direct,bayes_ucb,reward,0.03333333333333333,0.0,0.1,60,60,60,episode
e5_strategy,secondary_baseline,close,10,100,ucb_direct,bayes_ucb,reward,0.016666666666666666,-0.08333333333333333,0.13333333333333333,60,60,60,episode
e5_strategy,secondary_baseline,prior,3,100,ucb_direct,bayes_ucb,reward,0.0,-0.15,0.18333333333333332,60,60,60,episode
e5_strategy,secondary_baseline,prior,10,100,ucb_direct,bayes_ucb,reward,-0.2,-0.75,0.36666666666666664,60,60,60,episode
e5_strategy,secondary_baseline,close,3,100,ucb_direct,finite_ap_index,pseudo_regret,-0.15083333333333346,-0.3950000000000002,0.08916666666666678,60,60,60,episode
e5_strategy,secondary_baseline,close,10,100,ucb_direct,finite_ap_index,pseudo_regret,0.019166666666666606,-0.10500000000000019,0.1508333333333334,60,60,60,episode
e5_strategy,secondary_baseline,prior,3,100,ucb_direct,finite_ap_index,pseudo_regret,0.3525593023673118,-0.4206422429491664,1.067719117952764,60,60,60,episode
e5_strategy,secondary_baseline,prior,10,100,ucb_direct,finite_ap_index,pseudo_regret,2.2931864880927924,1.0329753693443746,3.4475202734983172,60,60,60,episode
e5_strategy,secondary_baseline,close,3,100,ucb_direct,finite_ap_index,reward,-0.016666666666666666,-0.75,0.75,60,60,60,episode
e5_strategy,secondary_baseline,close,10,100,ucb_direct,finite_ap_index,reward,0.36666666666666664,-0.5833333333333334,1.2833333333333334,60,60,60,episode
e5_strategy,secondary_baseline,prior,3,100,ucb_direct,finite_ap_index,reward,-0.5333333333333333,-1.1666666666666667,0.16708333333332726,60,60,60,episode
e5_strategy,secondary_baseline,prior,10,100,ucb_direct,finite_ap_index,reward,-2.033333333333333,-3.3666666666666667,-0.5333333333333333,60,60,60,episode
e5_strategy,secondary_baseline,close,3,100,ucb_direct,greedy,pseudo_regret,-0.5416666666666672,-1.009187500000001,-0.06666666666666672,60,60,60,episode
e5_strategy,secondary_baseline,close,10,100,ucb_direct,greedy,pseudo_regret,0.2675000000000002,-0.06166666666666683,0.6225000000000005,60,60,60,episode
e5_strategy,secondary_baseline,prior,3,100,ucb_direct,greedy,pseudo_regret,-0.6030086116787766,-2.2129903600388396,0.8386646677627655,60,60,60,episode
e5_strategy,secondary_baseline,prior,10,100,ucb_direct,greedy,pseudo_regret,-1.961234551887633,-5.287471724064193,1.1297952303274241,60,60,60,episode
e5_strategy,secondary_baseline,close,3,100,ucb_direct,greedy,reward,1.0333333333333334,-0.23333333333333334,2.3666666666666667,60,60,60,episode
e5_strategy,secondary_baseline,close,10,100,ucb_direct,greedy,reward,-0.4666666666666667,-1.9333333333333333,0.933749999999994,60,60,60,episode
e5_strategy,secondary_baseline,prior,3,100,ucb_direct,greedy,reward,-0.45,-1.7333333333333334,1.0166666666666666,60,60,60,episode
e5_strategy,secondary_baseline,prior,10,100,ucb_direct,greedy,reward,2.783333333333333,-0.11666666666666667,5.9337499999999945,60,60,60,episode
e5_strategy,secondary_baseline,close,3,100,ucb_direct,ids,pseudo_regret,0.005000000000000019,-0.18666666666666681,0.18500000000000016,60,60,60,episode
e5_strategy,secondary_baseline,close,10,100,ucb_direct,ids,pseudo_regret,0.040000000000000036,-0.04666666666666671,0.13083333333333344,60,60,60,episode
e5_strategy,secondary_baseline,prior,3,100,ucb_direct,ids,pseudo_regret,0.19217954091892772,-0.34235403053816954,0.6381914160982567,60,60,60,episode
e5_strategy,secondary_baseline,prior,10,100,ucb_direct,ids,pseudo_regret,1.5904316833135066,0.3589149735744697,2.7598908383295937,60,60,60,episode
e5_strategy,secondary_baseline,close,3,100,ucb_direct,ids,reward,0.05,-0.5833333333333334,0.7666666666666667,60,60,60,episode
e5_strategy,secondary_baseline,close,10,100,ucb_direct,ids,reward,0.5666666666666667,-0.05,1.1833333333333333,60,60,60,episode
e5_strategy,secondary_baseline,prior,3,100,ucb_direct,ids,reward,-0.45,-0.8333333333333334,-0.05,60,60,60,episode
e5_strategy,secondary_baseline,prior,10,100,ucb_direct,ids,reward,-1.6333333333333333,-2.716666666666667,-0.4666666666666667,60,60,60,episode
e5_strategy,secondary_baseline,close,3,100,ucb_direct,knowledge_gradient,pseudo_regret,-0.04916666666666667,-0.4050000000000003,0.3000000000000003,60,60,60,episode
e5_strategy,secondary_baseline,close,10,100,ucb_direct,knowledge_gradient,pseudo_regret,0.07749999999999989,-0.13916666666666694,0.31333333333333335,60,60,60,episode
e5_strategy,secondary_baseline,prior,3,100,ucb_direct,knowledge_gradient,pseudo_regret,0.18273024047486056,-0.9085887755794871,1.143289375776361,60,60,60,episode
e5_strategy,secondary_baseline,prior,10,100,ucb_direct,knowledge_gradient,pseudo_regret,0.7033338271631037,-1.2126590957863914,2.4803151290798837,60,60,60,episode
e5_strategy,secondary_baseline,close,3,100,ucb_direct,knowledge_gradient,reward,0.36666666666666664,-0.7,1.5166666666666666,60,60,60,episode
e5_strategy,secondary_baseline,close,10,100,ucb_direct,knowledge_gradient,reward,0.03333333333333333,-1.1166666666666667,1.1666666666666667,60,60,60,episode
e5_strategy,secondary_baseline,prior,3,100,ucb_direct,knowledge_gradient,reward,-0.35,-1.2333333333333334,0.6666666666666666,60,60,60,episode
e5_strategy,secondary_baseline,prior,10,100,ucb_direct,knowledge_gradient,reward,-0.7,-2.55,1.217083333333327,60,60,60,episode
e5_strategy,planned_comparison,close,3,100,ucb_direct,ts,pseudo_regret,-0.13750000000000012,-0.25418750000000023,-0.028333333333333367,60,60,60,episode
e5_strategy,planned_comparison,close,10,100,ucb_direct,ts,pseudo_regret,0.027499999999999976,-0.024166666666666677,0.07333333333333339,60,60,60,episode
e5_strategy,planned_comparison,prior,3,100,ucb_direct,ts,pseudo_regret,-1.4323918090188263,-1.7779489111973608,-1.1162965090253718,60,60,60,episode
e5_strategy,planned_comparison,prior,10,100,ucb_direct,ts,pseudo_regret,-5.405364772832923,-6.2939830100393195,-4.551888515598541,60,60,60,episode
e5_strategy,planned_comparison,close,3,100,ucb_direct,ts,reward,-0.11666666666666667,-0.5333333333333333,0.3,60,60,60,episode
e5_strategy,planned_comparison,close,10,100,ucb_direct,ts,reward,0.0,-0.6666666666666666,0.6666666666666666,60,60,60,episode
e5_strategy,planned_comparison,prior,3,100,ucb_direct,ts,reward,1.3166666666666667,0.8666666666666667,1.7666666666666666,60,60,60,episode
e5_strategy,planned_comparison,prior,10,100,ucb_direct,ts,reward,5.55,4.6,6.516666666666667,60,60,60,episode
e5_strategy,secondary_baseline,close,3,100,ucb_direct,ucb1,pseudo_regret,-0.20583333333333353,-0.42083333333333367,0.005833333333333354,60,60,60,episode
e5_strategy,secondary_baseline,close,10,100,ucb_direct,ucb1,pseudo_regret,-0.06666666666666675,-0.1408333333333335,0.004166666666666578,60,60,60,episode
e5_strategy,secondary_baseline,prior,3,100,ucb_direct,ucb1,pseudo_regret,-6.031616500550161,-6.9983047898028525,-5.044357397139363,60,60,60,episode
e5_strategy,secondary_baseline,prior,10,100,ucb_direct,ucb1,pseudo_regret,-19.79033347204953,-21.449537568867623,-18.102031756285243,60,60,60,episode
e5_strategy,secondary_baseline,close,3,100,ucb_direct,ucb1,reward,-0.35,-1.2166666666666666,0.55,60,60,60,episode
e5_strategy,secondary_baseline,close,10,100,ucb_direct,ucb1,reward,-0.03333333333333333,-0.5833333333333334,0.5,60,60,60,episode
e5_strategy,secondary_baseline,prior,3,100,ucb_direct,ucb1,reward,6.483333333333333,5.266666666666667,7.65,60,60,60,episode
e5_strategy,secondary_baseline,prior,10,100,ucb_direct,ucb1,reward,19.966666666666665,18.216666666666665,21.75041666666666,60,60,60,episode
pilot,pilot_exploratory,clear,2,20,bayes_direct,bayes_ucb,pseudo_regret,-0.5333333333333333,-0.7999999999999999,-0.39999999999999997,3,3,3,episode
pilot,pilot_exploratory,clear,5,20,bayes_direct,bayes_ucb,pseudo_regret,1.3333333333333328,-0.8000000000000003,5.199999999999999,3,3,3,episode
pilot,pilot_exploratory,clear,15,20,bayes_direct,bayes_ucb,pseudo_regret,0.4000000000000001,0.0,1.2000000000000002,3,3,3,episode
pilot,pilot_exploratory,close,2,20,bayes_direct,bayes_ucb,pseudo_regret,0.01666666666666668,-0.10000000000000009,0.20000000000000018,3,3,3,episode
pilot,pilot_exploratory,close,5,20,bayes_direct,bayes_ucb,pseudo_regret,-0.2833333333333336,-0.6500000000000006,0.10000000000000009,3,3,3,episode
pilot,pilot_exploratory,close,15,20,bayes_direct,bayes_ucb,pseudo_regret,0.10000000000000009,0.0,0.15000000000000013,3,3,3,episode
pilot,pilot_exploratory,prior,2,20,bayes_direct,bayes_ucb,pseudo_regret,-0.0443966893898059,-0.21757154368580026,0.11330133588042846,3,3,3,episode
pilot,pilot_exploratory,prior,5,20,bayes_direct,bayes_ucb,pseudo_regret,1.4266912730173356,-2.176091457766379,4.832446430642686,3,3,3,episode
pilot,pilot_exploratory,prior,15,20,bayes_direct,bayes_ucb,pseudo_regret,0.939792386486042,0.2831850207587827,1.8985903548981096,3,3,3,episode
pilot,pilot_exploratory,clear,2,20,bayes_direct,bayes_ucb,reward,1.0,1.0,1.0,3,3,3,episode
pilot,pilot_exploratory,clear,5,20,bayes_direct,bayes_ucb,reward,-2.3333333333333335,-7.0,0.0,3,3,3,episode
pilot,pilot_exploratory,clear,15,20,bayes_direct,bayes_ucb,reward,0.6666666666666666,-4.0,7.0,3,3,3,episode
pilot,pilot_exploratory,close,2,20,bayes_direct,bayes_ucb,reward,1.0,0.0,2.0,3,3,3,episode
pilot,pilot_exploratory,close,5,20,bayes_direct,bayes_ucb,reward,-1.6666666666666667,-3.0,0.0,3,3,3,episode
pilot,pilot_exploratory,close,15,20,bayes_direct,bayes_ucb,reward,2.3333333333333335,0.0,7.0,3,3,3,episode
pilot,pilot_exploratory,prior,2,20,bayes_direct,bayes_ucb,reward,-0.6666666666666666,-1.0,0.0,3,3,3,episode
pilot,pilot_exploratory,prior,5,20,bayes_direct,bayes_ucb,reward,0.0,-3.0,3.0,3,3,3,episode
pilot,pilot_exploratory,prior,15,20,bayes_direct,bayes_ucb,reward,0.3333333333333333,-3.0,4.0,3,3,3,episode
pilot,pilot_exploratory,clear,2,20,bayes_direct,counts_direct,pseudo_regret,0.0,0.0,0.0,3,3,3,episode
pilot,pilot_exploratory,clear,5,20,bayes_direct,counts_direct,pseudo_regret,0.7999999999999999,0.0,2.4,3,3,3,episode
pilot,pilot_exploratory,clear,15,20,bayes_direct,counts_direct,pseudo_regret,2.2666666666666666,-0.39999999999999947,7.199999999999999,3,3,3,episode
pilot,pilot_exploratory,close,2,20,bayes_direct,counts_direct,pseudo_regret,0.01666666666666668,0.0,0.050000000000000044,3,3,3,episode
pilot,pilot_exploratory,close,5,20,bayes_direct,counts_direct,pseudo_regret,-0.2833333333333336,-0.8500000000000009,0.0,3,3,3,episode
pilot,pilot_exploratory,close,15,20,bayes_direct,counts_direct,pseudo_regret,0.0,0.0,0.0,3,3,3,episode
pilot,pilot_exploratory,prior,2,20,bayes_direct,counts_direct,pseudo_regret,-0.14964347553272242,-0.23135888291236695,0.0,3,3,3,episode
pilot,pilot_exploratory,prior,5,20,bayes_direct,counts_direct,pseudo_regret,-3.222489884480192,-6.950796573767646,-1.2848131048426463,3,3,3,episode
pilot,pilot_exploratory,prior,15,20,bayes_direct,counts_direct,pseudo_regret,-2.7117847776727615,-6.931360397312628,0.0,3,3,3,episode
pilot,pilot_exploratory,clear,2,20,bayes_direct,counts_direct,reward,0.0,0.0,0.0,3,3,3,episode
pilot,pilot_exploratory,clear,5,20,bayes_direct,counts_direct,reward,-1.0,-3.0,0.0,3,3,3,episode
pilot,pilot_exploratory,clear,15,20,bayes_direct,counts_direct,reward,0.0,-2.0,2.0,3,3,3,episode
pilot,pilot_exploratory,close,2,20,bayes_direct,counts_direct,reward,0.0,0.0,0.0,3,3,3,episode
pilot,pilot_exploratory,close,5,20,bayes_direct,counts_direct,reward,0.0,0.0,0.0,3,3,3,episode
pilot,pilot_exploratory,close,15,20,bayes_direct,counts_direct,reward,-0.3333333333333333,-1.0,0.0,3,3,3,episode
pilot,pilot_exploratory,prior,2,20,bayes_direct,counts_direct,reward,0.0,-1.0,1.0,3,3,3,episode
pilot,pilot_exploratory,prior,5,20,bayes_direct,counts_direct,reward,3.0,2.0,5.0,3,3,3,episode
pilot,pilot_exploratory,prior,15,20,bayes_direct,counts_direct,reward,4.0,0.0,10.0,3,3,3,episode
pilot,pilot_exploratory,clear,2,20,bayes_direct,greedy,pseudo_regret,0.0,0.0,0.0,3,3,3,episode
pilot,pilot_exploratory,clear,5,20,bayes_direct,greedy,pseudo_regret,1.8666666666666665,0.0,4.3999999999999995,3,3,3,episode
pilot,pilot_exploratory,clear,15,20,bayes_direct,greedy,pseudo_regret,-0.39999999999999974,-0.7999999999999998,0.0,3,3,3,episode
pilot,pilot_exploratory,close,2,20,bayes_direct,greedy,pseudo_regret,-0.01666666666666668,-0.050000000000000044,0.0,3,3,3,episode
pilot,pilot_exploratory,close,5,20,bayes_direct,greedy,pseudo_regret,-0.21666666666666687,-0.6500000000000006,0.0,3,3,3,episode
pilot,pilot_exploratory,close,15,20,bayes_direct,greedy,pseudo_regret,0.0,0.0,0.0,3,3,3,episode
pilot,pilot_exploratory,prior,2,20,bayes_direct,greedy,pseudo_regret,0.04740706541482478,0.0,0.11330133588042846,3,3,3,episode
pilot,pilot_exploratory,prior,5,20,bayes_direct,greedy,pseudo_regret,2.368041219886275,-0.25820129961486105,5.6143940150100144,3,3,3,episode
pilot,pilot_exploratory,prior,15,20,bayes_direct,greedy,pseudo_regret,1.8464453005685446,0.6019969678528287,3.6887327159902887,3,3,3,episode
pilot,pilot_exploratory,clear,2,20,bayes_direct,greedy,reward,0.0,0.0,0.0,3,3,3,episode
pilot,pilot_exploratory,clear,5,20,bayes_direct,greedy,reward,-2.3333333333333335,-6.0,0.0,3,3,3,episode
pilot,pilot_exploratory,clear,15,20,bayes_direct,greedy,reward,-0.3333333333333333,-3.0,1.0,3,3,3,episode
pilot,pilot_exploratory,close,2,20,bayes_direct,greedy,reward,0.3333333333333333,0.0,1.0,3,3,3,episode
pilot,pilot_exploratory,close,5,20,bayes_direct,greedy,reward,-1.0,-3.0,0.0,3,3,3,episode
pilot,pilot_exploratory,close,15,20,bayes_direct,greedy,reward,0.6666666666666666,-2.0,5.0,3,3,3,episode
pilot,pilot_exploratory,prior,2,20,bayes_direct,greedy,reward,-0.3333333333333333,-1.0,0.0,3,3,3,episode
pilot,pilot_exploratory,prior,5,20,bayes_direct,greedy,reward,-1.0,-4.0,1.0,3,3,3,episode
pilot,pilot_exploratory,prior,15,20,bayes_direct,greedy,reward,-2.0,-3.0,-1.0,3,3,3,episode
pilot,pilot_exploratory,clear,2,20,bayes_direct,ids,pseudo_regret,-0.39999999999999997,-0.39999999999999997,-0.39999999999999997,3,3,3,episode
pilot,pilot_exploratory,clear,5,20,bayes_direct,ids,pseudo_regret,2.133333333333333,-0.8000000000000003,7.599999999999999,3,3,3,episode
pilot,pilot_exploratory,clear,15,20,bayes_direct,ids,pseudo_regret,0.0,0.0,0.0,3,3,3,episode
pilot,pilot_exploratory,close,2,20,bayes_direct,ids,pseudo_regret,0.050000000000000044,-0.050000000000000044,0.20000000000000018,3,3,3,episode
pilot,pilot_exploratory,close,5,20,bayes_direct,ids,pseudo_regret,-0.31666666666666693,-0.7000000000000006,0.0,3,3,3,episode
pilot,pilot_exploratory,close,15,20,bayes_direct,ids,pseudo_regret,0.10000000000000009,0.0,0.15000000000000013,3,3,3,episode
pilot,pilot_exploratory,prior,2,20,bayes_direct,ids,pseudo_regret,-0.0443966893898059,-0.21757154368580026,0.11330133588042846,3,3,3,episode
pilot,pilot_exploratory,prior,5,20,bayes_direct,ids,pseudo_regret,1.4883417829635477,-1.7629579872745147,4.673437607891362,3,3,3,episode
pilot,pilot_exploratory,prior,15,20,bayes_direct,ids,pseudo_regret,5.465836866144767,1.1058675281063568,8.28305737945562,3,3,3,episode
pilot,pilot_exploratory,clear,2,20,bayes_direct,ids,reward,1.0,1.0,1.0,3,3,3,episode
pilot,pilot_exploratory,clear,5,20,bayes_direct,ids,reward,-2.6666666666666665,-8.0,0.0,3,3,3,episode
pilot,pilot_exploratory,clear,15,20,bayes_direct,ids,reward,1.6666666666666667,-3.0,7.0,3,3,3,episode
pilot,pilot_exploratory,close,2,20,bayes_direct,ids,reward,0.3333333333333333,0.0,1.0,3,3,3,episode
pilot,pilot_exploratory,close,5,20,bayes_direct,ids,reward,-2.3333333333333335,-4.0,-1.0,3,3,3,episode
pilot,pilot_exploratory,close,15,20,bayes_direct,ids,reward,1.3333333333333333,0.0,3.0,3,3,3,episode
pilot,pilot_exploratory,prior,2,20,bayes_direct,ids,reward,-0.6666666666666666,-1.0,0.0,3,3,3,episode
pilot,pilot_exploratory,prior,5,20,bayes_direct,ids,reward,-0.3333333333333333,-3.0,2.0,3,3,3,episode
pilot,pilot_exploratory,prior,15,20,bayes_direct,ids,reward,-6.666666666666667,-10.0,-3.0,3,3,3,episode
pilot,pilot_exploratory,clear,2,20,bayes_direct,knowledge_gradient,pseudo_regret,-0.39999999999999997,-0.39999999999999997,-0.39999999999999997,3,3,3,episode
pilot,pilot_exploratory,clear,5,20,bayes_direct,knowledge_gradient,pseudo_regret,2.133333333333333,-0.3999999999999999,6.8,3,3,3,episode
pilot,pilot_exploratory,clear,15,20,bayes_direct,knowledge_gradient,pseudo_regret,0.4000000000000001,-0.7999999999999998,2.0,3,3,3,episode
pilot,pilot_exploratory,close,2,20,bayes_direct,knowledge_gradient,pseudo_regret,0.03333333333333336,-0.050000000000000044,0.15000000000000013,3,3,3,episode
pilot,pilot_exploratory,close,5,20,bayes_direct,knowledge_gradient,pseudo_regret,-0.2833333333333336,-0.8500000000000009,0.0,3,3,3,episode
pilot,pilot_exploratory,close,15,20,bayes_direct,knowledge_gradient,pseudo_regret,0.21666666666666687,0.0,0.5000000000000004,3,3,3,episode
pilot,pilot_exploratory,prior,2,20,bayes_direct,knowledge_gradient,pseudo_regret,-0.009639953454681957,-0.02891986036404587,0.0,3,3,3,episode
pilot,pilot_exploratory,prior,5,20,bayes_direct,knowledge_gradient,pseudo_regret,1.6958579418241542,-1.7629579872745147,5.295986084473181,3,3,3,episode
pilot,pilot_exploratory,prior,15,20,bayes_direct,knowledge_gradient,pseudo_regret,4.7506991644717305,0.7142336486218142,10.008200331757404,3,3,3,episode
pilot,pilot_exploratory,clear,2,20,bayes_direct,knowledge_gradient,reward,1.0,1.0,1.0,3,3,3,episode
pilot,pilot_exploratory,clear,5,20,bayes_direct,knowledge_gradient,reward,-2.6666666666666665,-8.0,0.0,3,3,3,episode
pilot,pilot_exploratory,clear,15,20,bayes_direct,knowledge_gradient,reward,0.6666666666666666,-1.0,2.0,3,3,3,episode
pilot,pilot_exploratory,close,2,20,bayes_direct,knowledge_gradient,reward,0.0,-1.0,1.0,3,3,3,episode
pilot,pilot_exploratory,close,5,20,bayes_direct,knowledge_gradient,reward,-0.6666666666666666,-2.0,0.0,3,3,3,episode
pilot,pilot_exploratory,close,15,20,bayes_direct,knowledge_gradient,reward,1.6666666666666667,-1.0,6.0,3,3,3,episode
pilot,pilot_exploratory,prior,2,20,bayes_direct,knowledge_gradient,reward,0.0,0.0,0.0,3,3,3,episode
pilot,pilot_exploratory,prior,5,20,bayes_direct,knowledge_gradient,reward,-0.3333333333333333,-3.0,2.0,3,3,3,episode
pilot,pilot_exploratory,prior,15,20,bayes_direct,knowledge_gradient,reward,-5.666666666666667,-14.0,2.0,3,3,3,episode
pilot,pilot_exploratory,clear,2,20,bayes_direct,ts,pseudo_regret,-1.0666666666666667,-1.2,-0.7999999999999999,3,3,3,episode
pilot,pilot_exploratory,clear,5,20,bayes_direct,ts,pseudo_regret,0.5333333333333332,-1.1999999999999997,3.5999999999999996,3,3,3,episode
pilot,pilot_exploratory,clear,15,20,bayes_direct,ts,pseudo_regret,0.40000000000000036,-0.39999999999999947,1.6000000000000005,3,3,3,episode
pilot,pilot_exploratory,close,2,20,bayes_direct,ts,pseudo_regret,0.06666666666666672,-0.10000000000000009,0.30000000000000027,3,3,3,episode
pilot,pilot_exploratory,close,5,20,bayes_direct,ts,pseudo_regret,-0.31666666666666693,-0.7000000000000006,0.15000000000000013,3,3,3,episode
pilot,pilot_exploratory,close,15,20,bayes_direct,ts,pseudo_regret,0.08333333333333341,0.050000000000000044,0.10000000000000009,3,3,3,episode
pilot,pilot_exploratory,prior,2,20,bayes_direct,ts,pseudo_regret,-0.1962578390889622,-0.2266026717608569,-0.14459930182022934,3,3,3,episode
pilot,pilot_exploratory,prior,5,20,bayes_direct,ts,pseudo_regret,-0.5254773964563076,-4.980419694449371,3.38213729092066,3,3,3,episode
pilot,pilot_exploratory,prior,15,20,bayes_direct,ts,pseudo_regret,0.6865198377369,-1.0371142707687024,2.9968305025539976,3,3,3,episode
pilot,pilot_exploratory,clear,2,20,bayes_direct,ts,reward,1.6666666666666667,1.0,2.0,3,3,3,episode
pilot,pilot_exploratory,clear,5,20,bayes_direct,ts,reward,-1.3333333333333333,-5.0,1.0,3,3,3,episode
pilot,pilot_exploratory,clear,15,20,bayes_direct,ts,reward,1.3333333333333333,-4.0,6.0,3,3,3,episode
pilot,pilot_exploratory,close,2,20,bayes_direct,ts,reward,0.6666666666666666,0.0,2.0,3,3,3,episode
pilot,pilot_exploratory,close,5,20,bayes_direct,ts,reward,-1.3333333333333333,-3.0,1.0,3,3,3,episode
pilot,pilot_exploratory,close,15,20,bayes_direct,ts,reward,1.6666666666666667,-2.0,7.0,3,3,3,episode
pilot,pilot_exploratory,prior,2,20,bayes_direct,ts,reward,0.6666666666666666,-1.0,2.0,3,3,3,episode
pilot,pilot_exploratory,prior,5,20,bayes_direct,ts,reward,1.3333333333333333,-3.0,7.0,3,3,3,episode
pilot,pilot_exploratory,prior,15,20,bayes_direct,ts,reward,-0.3333333333333333,-1.0,0.0,3,3,3,episode
pilot,pilot_exploratory,clear,2,20,bayes_direct,ucb1,pseudo_regret,-1.7333333333333334,-2.4,-1.2,3,3,3,episode
pilot,pilot_exploratory,clear,5,20,bayes_direct,ucb1,pseudo_regret,-0.5333333333333332,-2.4,2.7999999999999994,3,3,3,episode
pilot,pilot_exploratory,clear,15,20,bayes_direct,ucb1,pseudo_regret,0.0,0.0,0.0,3,3,3,episode
pilot,pilot_exploratory,close,2,20,bayes_direct,ucb1,pseudo_regret,-0.15000000000000013,-0.4500000000000004,0.3500000000000003,3,3,3,episode
pilot,pilot_exploratory,close,5,20,bayes_direct,ucb1,pseudo_regret,-0.31666666666666693,-0.6500000000000006,0.15000000000000013,3,3,3,episode
pilot,pilot_exploratory,close,15,20,bayes_direct,ucb1,pseudo_regret,0.06666666666666672,0.050000000000000044,0.10000000000000009,3,3,3,episode
pilot,pilot_exploratory,prior,2,20,bayes_direct,ucb1,pseudo_regret,-0.4321442212275388,-0.7931093511629991,-0.23135888291236695,3,3,3,episode
pilot,pilot_exploratory,prior,5,20,bayes_direct,ucb1,pseudo_regret,-0.1998299092013068,-4.796480969769755,3.9637636360783595,3,3,3,episode
pilot,pilot_exploratory,prior,15,20,bayes_direct,ucb1,pseudo_regret,-0.9428867097803181,-1.1216112787474346,-0.8072271840505838,3,3,3,episode
pilot,pilot_exploratory,clear,2,20,bayes_direct,ucb1,reward,2.0,2.0,2.0,3,3,3,episode
pilot,pilot_exploratory,clear,5,20,bayes_direct,ucb1,reward,-0.6666666666666666,-4.0,3.0,3,3,3,episode
pilot,pilot_exploratory,clear,15,20,bayes_direct,ucb1,reward,1.3333333333333333,-4.0,7.0,3,3,3,episode
pilot,pilot_exploratory,close,2,20,bayes_direct,ucb1,reward,1.3333333333333333,1.0,2.0,3,3,3,episode
pilot,pilot_exploratory,close,5,20,bayes_direct,ucb1,reward,-1.3333333333333333,-3.0,0.0,3,3,3,episode
pilot,pilot_exploratory,close,15,20,bayes_direct,ucb1,reward,1.3333333333333333,-1.0,5.0,3,3,3,episode
pilot,pilot_exploratory,prior,2,20,bayes_direct,ucb1,reward,0.3333333333333333,-1.0,1.0,3,3,3,episode
pilot,pilot_exploratory,prior,5,20,bayes_direct,ucb1,reward,0.6666666666666666,-4.0,5.0,3,3,3,episode
pilot,pilot_exploratory,prior,15,20,bayes_direct,ucb1,reward,1.0,-1.0,4.0,3,3,3,episode
pilot,pilot_exploratory,clear,2,20,bayes_sample,bayes_direct,pseudo_regret,0.9333333333333332,0.39999999999999997,1.2,3,3,3,episode
pilot,pilot_exploratory,clear,5,20,bayes_sample,bayes_direct,pseudo_regret,-0.9333333333333331,-4.3999999999999995,0.8000000000000003,3,3,3,episode
pilot,pilot_exploratory,clear,15,20,bayes_sample,bayes_direct,pseudo_regret,-2.933333333333333,-6.8,0.0,3,3,3,episode
pilot,pilot_exploratory,close,2,20,bayes_sample,bayes_direct,pseudo_regret,0.050000000000000044,-0.15000000000000013,0.2500000000000002,3,3,3,episode
pilot,pilot_exploratory,close,5,20,bayes_sample,bayes_direct,pseudo_regret,0.40000000000000036,0.0,0.8500000000000009,3,3,3,episode
pilot,pilot_exploratory,close,15,20,bayes_sample,bayes_direct,pseudo_regret,0.0,0.0,0.0,3,3,3,episode
pilot,pilot_exploratory,prior,2,20,bayes_sample,bayes_direct,pseudo_regret,0.20510509068505914,0.05783972072809174,0.33990400764128537,3,3,3,episode
pilot,pilot_exploratory,prior,5,20,bayes_sample,bayes_direct,pseudo_regret,0.14558103818111867,-3.819606696003893,5.1826231241155565,3,3,3,episode
pilot,pilot_exploratory,prior,15,20,bayes_sample,bayes_direct,pseudo_regret,-1.3717468489136613,-4.224905095997263,0.9121293079981232,3,3,3,episode
pilot,pilot_exploratory,clear,2,20,bayes_sample,bayes_direct,reward,-1.3333333333333333,-2.0,-1.0,3,3,3,episode
pilot,pilot_exploratory,clear,5,20,bayes_sample,bayes_direct,reward,1.6666666666666667,-1.0,6.0,3,3,3,episode
pilot,pilot_exploratory,clear,15,20,bayes_sample,bayes_direct,reward,1.3333333333333333,-1.0,3.0,3,3,3,episode
pilot,pilot_exploratory,close,2,20,bayes_sample,bayes_direct,reward,0.0,-1.0,1.0,3,3,3,episode
pilot,pilot_exploratory,close,5,20,bayes_sample,bayes_direct,reward,1.6666666666666667,-1.0,3.0,3,3,3,episode
pilot,pilot_exploratory,close,15,20,bayes_sample,bayes_direct,reward,-0.3333333333333333,-3.0,2.0,3,3,3,episode
pilot,pilot_exploratory,prior,2,20,bayes_sample,bayes_direct,reward,0.0,-1.0,1.0,3,3,3,episode
pilot,pilot_exploratory,prior,5,20,bayes_sample,bayes_direct,reward,-1.3333333333333333,-6.0,2.0,3,3,3,episode
pilot,pilot_exploratory,prior,15,20,bayes_sample,bayes_direct,reward,1.3333333333333333,-1.0,3.0,3,3,3,episode
pilot,pilot_exploratory,clear,2,20,bayes_sample,bayes_ucb,pseudo_regret,0.39999999999999997,0.0,0.7999999999999999,3,3,3,episode
pilot,pilot_exploratory,clear,5,20,bayes_sample,bayes_ucb,pseudo_regret,0.3999999999999999,0.0,0.7999999999999998,3,3,3,episode
pilot,pilot_exploratory,clear,15,20,bayes_sample,bayes_ucb,pseudo_regret,-2.5333333333333328,-6.8,0.0,3,3,3,episode
pilot,pilot_exploratory,close,2,20,bayes_sample,bayes_ucb,pseudo_regret,0.06666666666666672,0.0,0.15000000000000013,3,3,3,episode
pilot,pilot_exploratory,close,5,20,bayes_sample,bayes_ucb,pseudo_regret,0.11666666666666677,0.050000000000000044,0.20000000000000018,3,3,3,episode
pilot,pilot_exploratory,close,15,20,bayes_sample,bayes_ucb,pseudo_regret,0.10000000000000009,0.0,0.15000000000000013,3,3,3,episode
pilot,pilot_exploratory,prior,2,20,bayes_sample,bayes_ucb,pseudo_regret,0.16070840129525324,0.0,0.4532053435217138,3,3,3,episode
pilot,pilot_exploratory,prior,5,20,bayes_sample,bayes_ucb,pseudo_regret,1.5722723111984542,0.6974455326073916,3.0065316663491775,3,3,3,episode
pilot,pilot_exploratory,prior,15,20,bayes_sample,bayes_ucb,pseudo_regret,-0.4319544624276193,-3.5873033121960294,2.8107196628962328,3,3,3,episode
pilot,pilot_exploratory,clear,2,20,bayes_sample,bayes_ucb,reward,-0.3333333333333333,-1.0,0.0,3,3,3,episode
pilot,pilot_exploratory,clear,5,20,bayes_sample,bayes_ucb,reward,-0.6666666666666666,-1.0,0.0,3,3,3,episode
pilot,pilot_exploratory,clear,15,20,bayes_sample,bayes_ucb,reward,2.0,-2.0,9.0,3,3,3,episode
pilot,pilot_exploratory,close,2,20,bayes_sample,bayes_ucb,reward,1.0,0.0,2.0,3,3,3,episode
pilot,pilot_exploratory,close,5,20,bayes_sample,bayes_ucb,reward,0.0,-1.0,1.0,3,3,3,episode
pilot,pilot_exploratory,close,15,20,bayes_sample,bayes_ucb,reward,2.0,0.0,4.0,3,3,3,episode
pilot,pilot_exploratory,prior,2,20,bayes_sample,bayes_ucb,reward,-0.6666666666666666,-2.0,0.0,3,3,3,episode
pilot,pilot_exploratory,prior,5,20,bayes_sample,bayes_ucb,reward,-1.3333333333333333,-3.0,0.0,3,3,3,episode
pilot,pilot_exploratory,prior,15,20,bayes_sample,bayes_ucb,reward,1.6666666666666667,-4.0,7.0,3,3,3,episode
pilot,pilot_exploratory,clear,2,20,bayes_sample,greedy,pseudo_regret,0.9333333333333332,0.39999999999999997,1.2,3,3,3,episode
pilot,pilot_exploratory,clear,5,20,bayes_sample,greedy,pseudo_regret,0.9333333333333332,0.0,1.9999999999999998,3,3,3,episode
pilot,pilot_exploratory,clear,15,20,bayes_sample,greedy,pseudo_regret,-3.3333333333333326,-7.599999999999999,0.0,3,3,3,episode
pilot,pilot_exploratory,close,2,20,bayes_sample,greedy,pseudo_regret,0.03333333333333336,-0.15000000000000013,0.20000000000000018,3,3,3,episode
pilot,pilot_exploratory,close,5,20,bayes_sample,greedy,pseudo_regret,0.1833333333333335,0.0,0.3500000000000003,3,3,3,episode
pilot,pilot_exploratory,close,15,20,bayes_sample,greedy,pseudo_regret,0.0,0.0,0.0,3,3,3,episode
pilot,pilot_exploratory,prior,2,20,bayes_sample,greedy,pseudo_regret,0.2525121560998839,0.0867595810921376,0.4532053435217138,3,3,3,episode
pilot,pilot_exploratory,prior,5,20,bayes_sample,greedy,pseudo_regret,2.5136222580673935,0.8216576306953636,4.924421824500696,3,3,3,episode
pilot,pilot_exploratory,prior,15,20,bayes_sample,greedy,pseudo_regret,0.47469845165488317,-2.976298878134747,2.8862679572484446,3,3,3,episode
pilot,pilot_exploratory,clear,2,20,bayes_sample,greedy,reward,-1.3333333333333333,-2.0,-1.0,3,3,3,episode
pilot,pilot_exploratory,clear,5,20,bayes_sample,greedy,reward,-0.6666666666666666,-2.0,0.0,3,3,3,episode
pilot,pilot_exploratory,clear,15,20,bayes_sample,greedy,reward,1.0,0.0,3.0,3,3,3,episode
pilot,pilot_exploratory,close,2,20,bayes_sample,greedy,reward,0.3333333333333333,-1.0,1.0,3,3,3,episode
pilot,pilot_exploratory,close,5,20,bayes_sample,greedy,reward,0.6666666666666666,-1.0,3.0,3,3,3,episode
pilot,pilot_exploratory,close,15,20,bayes_sample,greedy,reward,0.3333333333333333,-2.0,2.0,3,3,3,episode
pilot,pilot_exploratory,prior,2,20,bayes_sample,greedy,reward,-0.3333333333333333,-2.0,1.0,3,3,3,episode
pilot,pilot_exploratory,prior,5,20,bayes_sample,greedy,reward,-2.3333333333333335,-6.0,1.0,3,3,3,episode
pilot,pilot_exploratory,prior,15,20,bayes_sample,greedy,reward,-0.6666666666666666,-2.0,0.0,3,3,3,episode
pilot,pilot_exploratory,clear,2,20,bayes_sample,ids,pseudo_regret,0.5333333333333333,0.0,0.8000000000000002,3,3,3,episode
pilot,pilot_exploratory,clear,5,20,bayes_sample,ids,pseudo_regret,1.2,0.0,3.1999999999999997,3,3,3,episode
pilot,pilot_exploratory,clear,15,20,bayes_sample,ids,pseudo_regret,-2.933333333333333,-6.8,0.0,3,3,3,episode
pilot,pilot_exploratory,close,2,20,bayes_sample,ids,pseudo_regret,0.10000000000000009,0.050000000000000044,0.20000000000000018,3,3,3,episode
pilot,pilot_exploratory,close,5,20,bayes_sample,ids,pseudo_regret,0.08333333333333341,0.0,0.15000000000000013,3,3,3,episode
pilot,pilot_exploratory,close,15,20,bayes_sample,ids,pseudo_regret,0.10000000000000009,0.0,0.15000000000000013,3,3,3,episode
pilot,pilot_exploratory,prior,2,20,bayes_sample,ids,pseudo_regret,0.16070840129525324,0.0,0.4532053435217138,3,3,3,episode
pilot,pilot_exploratory,prior,5,20,bayes_sample,ids,pseudo_regret,1.6339228211446664,0.6282724147054881,3.419665136841042,3,3,3,episode
pilot,pilot_exploratory,prior,15,20,bayes_sample,ids,pseudo_regret,4.094090017231107,0.3034027693645127,7.920714998870451,3,3,3,episode
pilot,pilot_exploratory,clear,2,20,bayes_sample,ids,reward,-0.3333333333333333,-1.0,0.0,3,3,3,episode
pilot,pilot_exploratory,clear,5,20,bayes_sample,ids,reward,-1.0,-2.0,0.0,3,3,3,episode
pilot,pilot_exploratory,clear,15,20,bayes_sample,ids,reward,3.0,0.0,9.0,3,3,3,episode
pilot,pilot_exploratory,close,2,20,bayes_sample,ids,reward,0.3333333333333333,-1.0,1.0,3,3,3,episode
pilot,pilot_exploratory,close,5,20,bayes_sample,ids,reward,-0.6666666666666666,-2.0,1.0,3,3,3,episode
pilot,pilot_exploratory,close,15,20,bayes_sample,ids,reward,1.0,0.0,3.0,3,3,3,episode
pilot,pilot_exploratory,prior,2,20,bayes_sample,ids,reward,-0.6666666666666666,-2.0,0.0,3,3,3,episode
pilot,pilot_exploratory,prior,5,20,bayes_sample,ids,reward,-1.6666666666666667,-4.0,0.0,3,3,3,episode
pilot,pilot_exploratory,prior,15,20,bayes_sample,ids,reward,-5.333333333333333,-11.0,-1.0,3,3,3,episode
pilot,pilot_exploratory,clear,2,20,bayes_sample,knowledge_gradient,pseudo_regret,0.5333333333333333,0.0,0.8000000000000002,3,3,3,episode
pilot,pilot_exploratory,clear,5,20,bayes_sample,knowledge_gradient,pseudo_regret,1.2,0.3999999999999999,2.3999999999999995,3,3,3,episode
pilot,pilot_exploratory,clear,15,20,bayes_sample,knowledge_gradient,pseudo_regret,-2.5333333333333328,-7.599999999999999,0.0,3,3,3,episode
pilot,pilot_exploratory,close,2,20,bayes_sample,knowledge_gradient,pseudo_regret,0.08333333333333341,0.0,0.20000000000000018,3,3,3,episode
pilot,pilot_exploratory,close,5,20,bayes_sample,knowledge_gradient,pseudo_regret,0.11666666666666677,0.0,0.3500000000000003,3,3,3,episode
pilot,pilot_exploratory,close,15,20,bayes_sample,knowledge_gradient,pseudo_regret,0.21666666666666687,0.0,0.5000000000000004,3,3,3,episode
pilot,pilot_exploratory,prior,2,20,bayes_sample,knowledge_gradient,pseudo_regret,0.1954651372303772,0.02891986036404587,0.33990400764128537,3,3,3,episode
pilot,pilot_exploratory,prior,5,20,bayes_sample,knowledge_gradient,pseudo_regret,1.8414389800052728,0.6282724147054881,3.419665136841042,3,3,3,episode
pilot,pilot_exploratory,prior,15,20,bayes_sample,knowledge_gradient,pseudo_regret,3.378952315558069,-3.510671447375449,10.920329639755527,3,3,3,episode
pilot,pilot_exploratory,clear,2,20,bayes_sample,knowledge_gradient,reward,-0.3333333333333333,-1.0,0.0,3,3,3,episode
pilot,pilot_exploratory,clear,5,20,bayes_sample,knowledge_gradient,reward,-1.0,-2.0,0.0,3,3,3,episode
pilot,pilot_exploratory,clear,15,20,bayes_sample,knowledge_gradient,reward,2.0,1.0,3.0,3,3,3,episode
pilot,pilot_exploratory,close,2,20,bayes_sample,knowledge_gradient,reward,0.0,-1.0,1.0,3,3,3,episode
pilot,pilot_exploratory,close,5,20,bayes_sample,knowledge_gradient,reward,1.0,-1.0,3.0,3,3,3,episode
pilot,pilot_exploratory,close,15,20,bayes_sample,knowledge_gradient,reward,1.3333333333333333,-1.0,3.0,3,3,3,episode
pilot,pilot_exploratory,prior,2,20,bayes_sample,knowledge_gradient,reward,0.0,-1.0,1.0,3,3,3,episode
pilot,pilot_exploratory,prior,5,20,bayes_sample,knowledge_gradient,reward,-1.6666666666666667,-4.0,0.0,3,3,3,episode
pilot,pilot_exploratory,prior,15,20,bayes_sample,knowledge_gradient,reward,-4.333333333333333,-15.0,5.0,3,3,3,episode
pilot,pilot_exploratory,clear,2,20,bayes_sample,ts,pseudo_regret,-0.13333333333333333,-0.39999999999999997,0.0,3,3,3,episode
pilot,pilot_exploratory,clear,5,20,bayes_sample,ts,pseudo_regret,-0.3999999999999999,-0.7999999999999998,0.0,3,3,3,episode
pilot,pilot_exploratory,clear,15,20,bayes_sample,ts,pseudo_regret,-2.5333333333333328,-6.8,-0.39999999999999947,3,3,3,episode
pilot,pilot_exploratory,close,2,20,bayes_sample,ts,pseudo_regret,0.11666666666666677,0.050000000000000044,0.15000000000000013,3,3,3,episode
pilot,pilot_exploratory,close,5,20,bayes_sample,ts,pseudo_regret,0.08333333333333341,-0.050000000000000044,0.15000000000000013,3,3,3,episode
pilot,pilot_exploratory,close,15,20,bayes_sample,ts,pseudo_regret,0.08333333333333341,0.050000000000000044,0.10000000000000009,3,3,3,episode
pilot,pilot_exploratory,prior,2,20,bayes_sample,ts,pseudo_regret,0.00884725159609695,-0.0867595810921376,0.11330133588042846,3,3,3,episode
pilot,pilot_exploratory,prior,5,20,bayes_sample,ts,pseudo_regret,-0.3798963582751889,-0.9044230994085192,0.2022034296661852,3,3,3,episode
pilot,pilot_exploratory,prior,15,20,bayes_sample,ts,pseudo_regret,-0.6852270111767614,-1.2280745934432655,-0.12498496277057924,3,3,3,episode
pilot,pilot_exploratory,clear,2,20,bayes_sample,ts,reward,0.3333333333333333,0.0,1.0,3,3,3,episode
pilot,pilot_exploratory,clear,5,20,bayes_sample,ts,reward,0.3333333333333333,0.0,1.0,3,3,3,episode
pilot,pilot_exploratory,clear,15,20,bayes_sample,ts,reward,2.6666666666666665,-1.0,8.0,3,3,3,episode
pilot,pilot_exploratory,close,2,20,bayes_sample,ts,reward,0.6666666666666666,-1.0,2.0,3,3,3,episode
pilot,pilot_exploratory,close,5,20,bayes_sample,ts,reward,0.3333333333333333,0.0,1.0,3,3,3,episode
pilot,pilot_exploratory,close,15,20,bayes_sample,ts,reward,1.3333333333333333,-2.0,4.0,3,3,3,episode
pilot,pilot_exploratory,prior,2,20,bayes_sample,ts,reward,0.6666666666666666,0.0,2.0,3,3,3,episode
pilot,pilot_exploratory,prior,5,20,bayes_sample,ts,reward,0.0,-1.0,1.0,3,3,3,episode
pilot,pilot_exploratory,prior,15,20,bayes_sample,ts,reward,1.0,-1.0,2.0,3,3,3,episode
pilot,pilot_exploratory,clear,2,20,bayes_sample,ucb1,pseudo_regret,-0.7999999999999999,-1.2,-0.3999999999999999,3,3,3,episode
pilot,pilot_exploratory,clear,5,20,bayes_sample,ucb1,pseudo_regret,-1.4666666666666661,-1.6000000000000003,-1.1999999999999993,3,3,3,episode
pilot,pilot_exploratory,clear,15,20,bayes_sample,ucb1,pseudo_regret,-2.933333333333333,-6.8,0.0,3,3,3,episode
pilot,pilot_exploratory,close,2,20,bayes_sample,ucb1,pseudo_regret,-0.10000000000000009,-0.40000000000000036,0.20000000000000018,3,3,3,episode
pilot,pilot_exploratory,close,5,20,bayes_sample,ucb1,pseudo_regret,0.08333333333333341,-0.10000000000000009,0.20000000000000018,3,3,3,episode
pilot,pilot_exploratory,close,15,20,bayes_sample,ucb1,pseudo_regret,0.06666666666666672,0.050000000000000044,0.10000000000000009,3,3,3,episode
pilot,pilot_exploratory,prior,2,20,bayes_sample,ucb1,pseudo_regret,-0.2270391305424797,-0.4532053435217138,-0.054392885921450085,3,3,3,episode
pilot,pilot_exploratory,prior,5,20,bayes_sample,ucb1,pseudo_regret,-0.05424887102018797,-0.6930457074808318,0.38614215434580146,3,3,3,episode
pilot,pilot_exploratory,prior,15,20,bayes_sample,ucb1,pseudo_regret,-2.3146335586939792,-5.032132280047847,0.012307641455187479,3,3,3,episode
pilot,pilot_exploratory,clear,2,20,bayes_sample,ucb1,reward,0.6666666666666666,0.0,1.0,3,3,3,episode
pilot,pilot_exploratory,clear,5,20,bayes_sample,ucb1,reward,1.0,-1.0,2.0,3,3,3,episode
pilot,pilot_exploratory,clear,15,20,bayes_sample,ucb1,reward,2.6666666666666665,-1.0,9.0,3,3,3,episode
pilot,pilot_exploratory,close,2,20,bayes_sample,ucb1,reward,1.3333333333333333,1.0,2.0,3,3,3,episode
pilot,pilot_exploratory,close,5,20,bayes_sample,ucb1,reward,0.3333333333333333,-1.0,2.0,3,3,3,episode
pilot,pilot_exploratory,close,15,20,bayes_sample,ucb1,reward,1.0,-1.0,2.0,3,3,3,episode
pilot,pilot_exploratory,prior,2,20,bayes_sample,ucb1,reward,0.3333333333333333,0.0,1.0,3,3,3,episode
pilot,pilot_exploratory,prior,5,20,bayes_sample,ucb1,reward,-0.6666666666666666,-2.0,1.0,3,3,3,episode
pilot,pilot_exploratory,prior,15,20,bayes_sample,ucb1,reward,2.3333333333333335,-1.0,7.0,3,3,3,episode
pilot,pilot_exploratory,clear,2,20,counts_direct,bayes_ucb,pseudo_regret,-0.5333333333333333,-0.7999999999999999,-0.39999999999999997,3,3,3,episode
pilot,pilot_exploratory,clear,5,20,counts_direct,bayes_ucb,pseudo_regret,0.5333333333333329,-2.7999999999999994,5.199999999999999,3,3,3,episode
pilot,pilot_exploratory,clear,15,20,counts_direct,bayes_ucb,pseudo_regret,-1.8666666666666665,-7.199999999999999,1.5999999999999996,3,3,3,episode
pilot,pilot_exploratory,close,2,20,counts_direct,bayes_ucb,pseudo_regret,0.0,-0.10000000000000009,0.20000000000000018,3,3,3,episode
pilot,pilot_exploratory,close,5,20,counts_direct,bayes_ucb,pseudo_regret,0.0,-0.30000000000000027,0.20000000000000018,3,3,3,episode
pilot,pilot_exploratory,close,15,20,counts_direct,bayes_ucb,pseudo_regret,0.10000000000000009,0.0,0.15000000000000013,3,3,3,episode
pilot,pilot_exploratory,prior,2,20,counts_direct,bayes_ucb,pseudo_regret,0.1052467861429165,0.0,0.2024390225483211,3,3,3,episode
pilot,pilot_exploratory,prior,5,20,counts_direct,bayes_ucb,pseudo_regret,4.6491811574975275,2.9085319510183454,6.264306405472971,3,3,3,episode
pilot,pilot_exploratory,prior,15,20,counts_direct,bayes_ucb,pseudo_regret,3.6515771641588035,0.6376017838012338,7.214545418071412,3,3,3,episode
pilot,pilot_exploratory,clear,2,20,counts_direct,bayes_ucb,reward,1.0,1.0,1.0,3,3,3,episode
pilot,pilot_exploratory,clear,5,20,counts_direct,bayes_ucb,reward,-1.3333333333333333,-7.0,3.0,3,3,3,episode
pilot,pilot_exploratory,clear,15,20,counts_direct,bayes_ucb,reward,0.6666666666666666,-6.0,9.0,3,3,3,episode
pilot,pilot_exploratory,close,2,20,counts_direct,bayes_ucb,reward,1.0,0.0,2.0,3,3,3,episode
pilot,pilot_exploratory,close,5,20,counts_direct,bayes_ucb,reward,-1.6666666666666667,-3.0,0.0,3,3,3,episode
pilot,pilot_exploratory,close,15,20,counts_direct,bayes_ucb,reward,2.6666666666666665,0.0,7.0,3,3,3,episode
pilot,pilot_exploratory,prior,2,20,counts_direct,bayes_ucb,reward,-0.6666666666666666,-1.0,0.0,3,3,3,episode
pilot,pilot_exploratory,prior,5,20,counts_direct,bayes_ucb,reward,-3.0,-5.0,-2.0,3,3,3,episode
pilot,pilot_exploratory,prior,15,20,counts_direct,bayes_ucb,reward,-3.6666666666666665,-10.0,4.0,3,3,3,episode
pilot,pilot_exploratory,clear,2,20,counts_direct,greedy,pseudo_regret,0.0,0.0,0.0,3,3,3,episode
pilot,pilot_exploratory,clear,5,20,counts_direct,greedy,pseudo_regret,1.0666666666666664,-1.2,4.3999999999999995,3,3,3,episode
pilot,pilot_exploratory,clear,15,20,counts_direct,greedy,pseudo_regret,-2.6666666666666665,-7.999999999999999,0.0,3,3,3,episode
pilot,pilot_exploratory,close,2,20,counts_direct,greedy,pseudo_regret,-0.03333333333333336,-0.050000000000000044,0.0,3,3,3,episode
pilot,pilot_exploratory,close,5,20,counts_direct,greedy,pseudo_regret,0.06666666666666672,0.0,0.20000000000000018,3,3,3,episode
pilot,pilot_exploratory,close,15,20,counts_direct,greedy,pseudo_regret,0.0,0.0,0.0,3,3,3,episode
pilot,pilot_exploratory,prior,2,20,counts_direct,greedy,pseudo_regret,0.19705054094754718,0.11330133588042846,0.2602787432764128,3,3,3,episode
pilot,pilot_exploratory,prior,5,20,counts_direct,greedy,pseudo_regret,5.590531104366467,3.032744049106318,7.0462539898403,3,3,3,episode
pilot,pilot_exploratory,prior,15,20,counts_direct,greedy,pseudo_regret,4.558230078241306,1.2486062178625161,10.620093113302918,3,3,3,episode
pilot,pilot_exploratory,clear,2,20,counts_direct,greedy,reward,0.0,0.0,0.0,3,3,3,episode
pilot,pilot_exploratory,clear,5,20,counts_direct,greedy,reward,-1.3333333333333333,-6.0,2.0,3,3,3,episode
pilot,pilot_exploratory,clear,15,20,counts_direct,greedy,reward,-0.3333333333333333,-5.0,3.0,3,3,3,episode
pilot,pilot_exploratory,close,2,20,counts_direct,greedy,reward,0.3333333333333333,0.0,1.0,3,3,3,episode
pilot,pilot_exploratory,close,5,20,counts_direct,greedy,reward,-1.0,-3.0,0.0,3,3,3,episode
pilot,pilot_exploratory,close,15,20,counts_direct,greedy,reward,1.0,-1.0,5.0,3,3,3,episode
pilot,pilot_exploratory,prior,2,20,counts_direct,greedy,reward,-0.3333333333333333,-1.0,1.0,3,3,3,episode
pilot,pilot_exploratory,prior,5,20,counts_direct,greedy,reward,-4.0,-6.0,-1.0,3,3,3,episode
pilot,pilot_exploratory,prior,15,20,counts_direct,greedy,reward,-6.0,-12.0,-3.0,3,3,3,episode
pilot,pilot_exploratory,clear,2,20,counts_direct,ids,pseudo_regret,-0.39999999999999997,-0.39999999999999997,-0.39999999999999997,3,3,3,episode
pilot,pilot_exploratory,clear,5,20,counts_direct,ids,pseudo_regret,1.333333333333333,-2.7999999999999994,7.599999999999999,3,3,3,episode
pilot,pilot_exploratory,clear,15,20,counts_direct,ids,pseudo_regret,-2.2666666666666666,-7.199999999999999,0.39999999999999947,3,3,3,episode
pilot,pilot_exploratory,close,2,20,counts_direct,ids,pseudo_regret,0.03333333333333336,-0.050000000000000044,0.20000000000000018,3,3,3,episode
pilot,pilot_exploratory,close,5,20,counts_direct,ids,pseudo_regret,-0.03333333333333336,-0.2500000000000002,0.15000000000000013,3,3,3,episode
pilot,pilot_exploratory,close,15,20,counts_direct,ids,pseudo_regret,0.10000000000000009,0.0,0.15000000000000013,3,3,3,episode
pilot,pilot_exploratory,prior,2,20,counts_direct,ids,pseudo_regret,0.1052467861429165,0.0,0.2024390225483211,3,3,3,episode
pilot,pilot_exploratory,prior,5,20,counts_direct,ids,pseudo_regret,4.710831667443741,2.839358833116442,6.105297582721647,3,3,3,episode
pilot,pilot_exploratory,prior,15,20,counts_direct,ids,pseudo_regret,8.17762164381753,8.037227925418986,8.28305737945562,3,3,3,episode
pilot,pilot_exploratory,clear,2,20,counts_direct,ids,reward,1.0,1.0,1.0,3,3,3,episode
pilot,pilot_exploratory,clear,5,20,counts_direct,ids,reward,-1.6666666666666667,-8.0,3.0,3,3,3,episode
pilot,pilot_exploratory,clear,15,20,counts_direct,ids,reward,1.6666666666666667,-5.0,9.0,3,3,3,episode
pilot,pilot_exploratory,close,2,20,counts_direct,ids,reward,0.3333333333333333,0.0,1.0,3,3,3,episode
pilot,pilot_exploratory,close,5,20,counts_direct,ids,reward,-2.3333333333333335,-4.0,-1.0,3,3,3,episode
pilot,pilot_exploratory,close,15,20,counts_direct,ids,reward,1.6666666666666667,1.0,3.0,3,3,3,episode
pilot,pilot_exploratory,prior,2,20,counts_direct,ids,reward,-0.6666666666666666,-1.0,0.0,3,3,3,episode
pilot,pilot_exploratory,prior,5,20,counts_direct,ids,reward,-3.3333333333333335,-5.0,-2.0,3,3,3,episode
pilot,pilot_exploratory,prior,15,20,counts_direct,ids,reward,-10.666666666666666,-13.0,-7.0,3,3,3,episode
pilot,pilot_exploratory,clear,2,20,counts_direct,knowledge_gradient,pseudo_regret,-0.39999999999999997,-0.39999999999999997,-0.39999999999999997,3,3,3,episode
pilot,pilot_exploratory,clear,5,20,counts_direct,knowledge_gradient,pseudo_regret,1.333333333333333,-2.7999999999999994,6.8,3,3,3,episode
pilot,pilot_exploratory,clear,15,20,counts_direct,knowledge_gradient,pseudo_regret,-1.8666666666666665,-7.999999999999999,2.3999999999999995,3,3,3,episode
pilot,pilot_exploratory,close,2,20,counts_direct,knowledge_gradient,pseudo_regret,0.01666666666666668,-0.050000000000000044,0.15000000000000013,3,3,3,episode
pilot,pilot_exploratory,close,5,20,counts_direct,knowledge_gradient,pseudo_regret,0.0,0.0,0.0,3,3,3,episode
pilot,pilot_exploratory,close,15,20,counts_direct,knowledge_gradient,pseudo_regret,0.21666666666666687,0.0,0.5000000000000004,3,3,3,episode
pilot,pilot_exploratory,prior,2,20,counts_direct,knowledge_gradient,pseudo_regret,0.14000352207804045,0.0,0.21757154368580026,3,3,3,episode
pilot,pilot_exploratory,prior,5,20,counts_direct,knowledge_gradient,pseudo_regret,4.918347826304347,2.839358833116442,6.727846059303467,3,3,3,episode
pilot,pilot_exploratory,prior,15,20,counts_direct,knowledge_gradient,pseudo_regret,7.462483942144492,0.7142336486218142,11.21219426746306,3,3,3,episode
pilot,pilot_exploratory,clear,2,20,counts_direct,knowledge_gradient,reward,1.0,1.0,1.0,3,3,3,episode
pilot,pilot_exploratory,clear,5,20,counts_direct,knowledge_gradient,reward,-1.6666666666666667,-8.0,3.0,3,3,3,episode
pilot,pilot_exploratory,clear,15,20,counts_direct,knowledge_gradient,reward,0.6666666666666666,-3.0,3.0,3,3,3,episode
pilot,pilot_exploratory,close,2,20,counts_direct,knowledge_gradient,reward,0.0,-1.0,1.0,3,3,3,episode
pilot,pilot_exploratory,close,5,20,counts_direct,knowledge_gradient,reward,-0.6666666666666666,-2.0,0.0,3,3,3,episode
pilot,pilot_exploratory,close,15,20,counts_direct,knowledge_gradient,reward,2.0,0.0,6.0,3,3,3,episode
pilot,pilot_exploratory,prior,2,20,counts_direct,knowledge_gradient,reward,0.0,-1.0,1.0,3,3,3,episode
pilot,pilot_exploratory,prior,5,20,counts_direct,knowledge_gradient,reward,-3.3333333333333335,-5.0,-2.0,3,3,3,episode
pilot,pilot_exploratory,prior,15,20,counts_direct,knowledge_gradient,reward,-9.666666666666666,-16.0,2.0,3,3,3,episode
pilot,pilot_exploratory,clear,2,20,counts_direct,ts,pseudo_regret,-1.0666666666666667,-1.2,-0.7999999999999999,3,3,3,episode
pilot,pilot_exploratory,clear,5,20,counts_direct,ts,pseudo_regret,-0.2666666666666668,-3.5999999999999996,3.5999999999999996,3,3,3,episode
pilot,pilot_exploratory,clear,15,20,counts_direct,ts,pseudo_regret,-1.8666666666666663,-7.199999999999999,2.0,3,3,3,episode
pilot,pilot_exploratory,close,2,20,counts_direct,ts,pseudo_regret,0.050000000000000044,-0.10000000000000009,0.30000000000000027,3,3,3,episode
pilot,pilot_exploratory,close,5,20,counts_direct,ts,pseudo_regret,-0.03333333333333336,-0.40000000000000036,0.15000000000000013,3,3,3,episode
pilot,pilot_exploratory,close,15,20,counts_direct,ts,pseudo_regret,0.08333333333333341,0.050000000000000044,0.10000000000000009,3,3,3,episode
pilot,pilot_exploratory,prior,2,20,counts_direct,ts,pseudo_regret,-0.04661436355623977,-0.2266026717608569,0.0867595810921376,3,3,3,episode
pilot,pilot_exploratory,prior,5,20,counts_direct,ts,pseudo_regret,2.697012488023885,1.3066633190024346,4.813997265750945,3,3,3,episode
pilot,pilot_exploratory,prior,15,20,counts_direct,ts,pseudo_regret,3.398304615409662,0.16687966493695328,7.031203678738033,3,3,3,episode
pilot,pilot_exploratory,clear,2,20,counts_direct,ts,reward,1.6666666666666667,1.0,2.0,3,3,3,episode
pilot,pilot_exploratory,clear,5,20,counts_direct,ts,reward,-0.3333333333333333,-5.0,4.0,3,3,3,episode
pilot,pilot_exploratory,clear,15,20,counts_direct,ts,reward,1.3333333333333333,-6.0,8.0,3,3,3,episode
pilot,pilot_exploratory,close,2,20,counts_direct,ts,reward,0.6666666666666666,0.0,2.0,3,3,3,episode
pilot,pilot_exploratory,close,5,20,counts_direct,ts,reward,-1.3333333333333333,-3.0,1.0,3,3,3,episode
pilot,pilot_exploratory,close,15,20,counts_direct,ts,reward,2.0,-1.0,7.0,3,3,3,episode
pilot,pilot_exploratory,prior,2,20,counts_direct,ts,reward,0.6666666666666666,0.0,1.0,3,3,3,episode
pilot,pilot_exploratory,prior,5,20,counts_direct,ts,reward,-1.6666666666666667,-5.0,2.0,3,3,3,episode
pilot,pilot_exploratory,prior,15,20,counts_direct,ts,reward,-4.333333333333333,-10.0,-1.0,3,3,3,episode
pilot,pilot_exploratory,clear,2,20,counts_direct,ucb1,pseudo_regret,-1.7333333333333334,-2.4,-1.2,3,3,3,episode
pilot,pilot_exploratory,clear,5,20,counts_direct,ucb1,pseudo_regret,-1.3333333333333333,-4.8,2.7999999999999994,3,3,3,episode
pilot,pilot_exploratory,clear,15,20,counts_direct,ucb1,pseudo_regret,-2.2666666666666666,-7.199999999999999,0.39999999999999947,3,3,3,episode
pilot,pilot_exploratory,close,2,20,counts_direct,ucb1,pseudo_regret,-0.16666666666666682,-0.5000000000000004,0.3500000000000003,3,3,3,episode
pilot,pilot_exploratory,close,5,20,counts_direct,ucb1,pseudo_regret,-0.03333333333333336,-0.4500000000000004,0.20000000000000018,3,3,3,episode
pilot,pilot_exploratory,close,15,20,counts_direct,ucb1,pseudo_regret,0.06666666666666672,0.050000000000000044,0.10000000000000009,3,3,3,episode
pilot,pilot_exploratory,prior,2,20,counts_direct,ucb1,pseudo_regret,-0.2825007456948164,-0.7931093511629991,0.0,3,3,3,episode
pilot,pilot_exploratory,prior,5,20,counts_direct,ucb1,pseudo_regret,3.022659975278886,1.518040710930122,5.395623610908646,3,3,3,episode
pilot,pilot_exploratory,prior,15,20,counts_direct,ucb1,pseudo_regret,1.7688980678924435,-0.8072271840505838,5.809749118565194,3,3,3,episode
pilot,pilot_exploratory,clear,2,20,counts_direct,ucb1,reward,2.0,2.0,2.0,3,3,3,episode
pilot,pilot_exploratory,clear,5,20,counts_direct,ucb1,reward,0.3333333333333333,-4.0,6.0,3,3,3,episode
pilot,pilot_exploratory,clear,15,20,counts_direct,ucb1,reward,1.3333333333333333,-6.0,9.0,3,3,3,episode
pilot,pilot_exploratory,close,2,20,counts_direct,ucb1,reward,1.3333333333333333,1.0,2.0,3,3,3,episode
pilot,pilot_exploratory,close,5,20,counts_direct,ucb1,reward,-1.3333333333333333,-3.0,0.0,3,3,3,episode
pilot,pilot_exploratory,close,15,20,counts_direct,ucb1,reward,1.6666666666666667,0.0,5.0,3,3,3,episode
pilot,pilot_exploratory,prior,2,20,counts_direct,ucb1,reward,0.3333333333333333,0.0,1.0,3,3,3,episode
pilot,pilot_exploratory,prior,5,20,counts_direct,ucb1,reward,-2.3333333333333335,-6.0,0.0,3,3,3,episode
pilot,pilot_exploratory,prior,15,20,counts_direct,ucb1,reward,-3.0,-11.0,4.0,3,3,3,episode
pilot,pilot_exploratory,clear,2,20,counts_sample,bayes_ucb,pseudo_regret,-0.13333333333333333,-0.39999999999999997,0.0,3,3,3,episode
pilot,pilot_exploratory,clear,5,20,counts_sample,bayes_ucb,pseudo_regret,-0.4000000000000001,-2.7999999999999994,2.0,3,3,3,episode
pilot,pilot_exploratory,clear,15,20,counts_sample,bayes_ucb,pseudo_regret,-1.8666666666666665,-7.199999999999999,1.5999999999999996,3,3,3,episode
pilot,pilot_exploratory,close,2,20,counts_sample,bayes_ucb,pseudo_regret,0.06666666666666672,0.050000000000000044,0.10000000000000009,3,3,3,episode
pilot,pilot_exploratory,close,5,20,counts_sample,bayes_ucb,pseudo_regret,0.08333333333333341,-0.050000000000000044,0.15000000000000013,3,3,3,episode
pilot,pilot_exploratory,close,15,20,counts_sample,bayes_ucb,pseudo_regret,0.10000000000000009,0.0,0.15000000000000013,3,3,3,episode
pilot,pilot_exploratory,prior,2,20,counts_sample,bayes_ucb,pseudo_regret,0.06589427046560369,-0.02891986036404587,0.2266026717608569,3,3,3,episode
pilot,pilot_exploratory,prior,5,20,counts_sample,bayes_ucb,pseudo_regret,3.6405317865572897,1.4195533785136398,5.546837977763018,3,3,3,episode
pilot,pilot_exploratory,prior,15,20,counts_sample,bayes_ucb,pseudo_regret,1.0687691576432996,-0.13508054793940794,3.1025842906037653,3,3,3,episode
pilot,pilot_exploratory,clear,2,20,counts_sample,bayes_ucb,reward,0.0,0.0,0.0,3,3,3,episode
pilot,pilot_exploratory,clear,5,20,counts_sample,bayes_ucb,reward,0.3333333333333333,-2.0,3.0,3,3,3,episode
pilot,pilot_exploratory,clear,15,20,counts_sample,bayes_ucb,reward,1.0,-5.0,9.0,3,3,3,episode
pilot,pilot_exploratory,close,2,20,counts_sample,bayes_ucb,reward,0.3333333333333333,-1.0,1.0,3,3,3,episode
pilot,pilot_exploratory,close,5,20,counts_sample,bayes_ucb,reward,-1.0,-2.0,1.0,3,3,3,episode
pilot,pilot_exploratory,close,15,20,counts_sample,bayes_ucb,reward,1.3333333333333333,-2.0,5.0,3,3,3,episode
pilot,pilot_exploratory,prior,2,20,counts_sample,bayes_ucb,reward,-0.3333333333333333,-1.0,0.0,3,3,3,episode
pilot,pilot_exploratory,prior,5,20,counts_sample,bayes_ucb,reward,-1.6666666666666667,-2.0,-1.0,3,3,3,episode
pilot,pilot_exploratory,prior,15,20,counts_sample,bayes_ucb,reward,0.3333333333333333,-5.0,5.0,3,3,3,episode
pilot,pilot_exploratory,clear,2,20,counts_sample,counts_direct,pseudo_regret,0.39999999999999997,0.39999999999999997,0.39999999999999997,3,3,3,episode
pilot,pilot_exploratory,clear,5,20,counts_sample,counts_direct,pseudo_regret,-0.9333333333333331,-3.1999999999999993,0.3999999999999999,3,3,3,episode
pilot,pilot_exploratory,clear,15,20,counts_sample,counts_direct,pseudo_regret,0.0,0.0,0.0,3,3,3,episode
pilot,pilot_exploratory,close,2,20,counts_sample,counts_direct,pseudo_regret,0.06666666666666672,-0.15000000000000013,0.20000000000000018,3,3,3,episode
pilot,pilot_exploratory,close,5,20,counts_sample,counts_direct,pseudo_regret,0.08333333333333341,-0.15000000000000013,0.4500000000000004,3,3,3,episode
pilot,pilot_exploratory,close,15,20,counts_sample,counts_direct,pseudo_regret,0.0,0.0,0.0,3,3,3,episode
pilot,pilot_exploratory,prior,2,20,counts_sample,counts_direct,pseudo_regret,-0.03935251567731283,-0.23135888291236695,0.11330133588042846,3,3,3,episode
pilot,pilot_exploratory,prior,5,20,counts_sample,counts_direct,pseudo_regret,-1.0086493709402384,-2.3091024020777606,0.7721328617617509,3,3,3,episode
pilot,pilot_exploratory,prior,15,20,counts_sample,counts_direct,pseudo_regret,-2.582808006515504,-7.349625966010819,0.0,3,3,3,episode
pilot,pilot_exploratory,clear,2,20,counts_sample,counts_direct,reward,-1.0,-1.0,-1.0,3,3,3,episode
pilot,pilot_exploratory,clear,5,20,counts_sample,counts_direct,reward,1.6666666666666667,0.0,5.0,3,3,3,episode
pilot,pilot_exploratory,clear,15,20,counts_sample,counts_direct,reward,0.3333333333333333,-4.0,5.0,3,3,3,episode
pilot,pilot_exploratory,close,2,20,counts_sample,counts_direct,reward,-0.6666666666666666,-2.0,1.0,3,3,3,episode
pilot,pilot_exploratory,close,5,20,counts_sample,counts_direct,reward,0.6666666666666666,-2.0,3.0,3,3,3,episode
pilot,pilot_exploratory,close,15,20,counts_sample,counts_direct,reward,-1.3333333333333333,-3.0,1.0,3,3,3,episode
pilot,pilot_exploratory,prior,2,20,counts_sample,counts_direct,reward,0.3333333333333333,0.0,1.0,3,3,3,episode
pilot,pilot_exploratory,prior,5,20,counts_sample,counts_direct,reward,1.3333333333333333,0.0,3.0,3,3,3,episode
pilot,pilot_exploratory,prior,15,20,counts_sample,counts_direct,reward,4.0,0.0,11.0,3,3,3,episode
pilot,pilot_exploratory,clear,2,20,counts_sample,greedy,pseudo_regret,0.39999999999999997,0.39999999999999997,0.39999999999999997,3,3,3,episode
pilot,pilot_exploratory,clear,5,20,counts_sample,greedy,pseudo_regret,0.1333333333333334,-1.2,1.2000000000000002,3,3,3,episode
pilot,pilot_exploratory,clear,15,20,counts_sample,greedy,pseudo_regret,-2.6666666666666665,-7.999999999999999,0.0,3,3,3,episode
pilot,pilot_exploratory,close,2,20,counts_sample,greedy,pseudo_regret,0.03333333333333336,-0.15000000000000013,0.15000000000000013,3,3,3,episode
pilot,pilot_exploratory,close,5,20,counts_sample,greedy,pseudo_regret,0.15000000000000013,-0.15000000000000013,0.4500000000000004,3,3,3,episode
pilot,pilot_exploratory,close,15,20,counts_sample,greedy,pseudo_regret,0.0,0.0,0.0,3,3,3,episode
pilot,pilot_exploratory,prior,2,20,counts_sample,greedy,pseudo_regret,0.15769802527023435,0.02891986036404587,0.2266026717608569,3,3,3,episode
pilot,pilot_exploratory,prior,5,20,counts_sample,greedy,pseudo_regret,4.581881733426229,1.543765476601612,7.4647281359145365,3,3,3,episode
pilot,pilot_exploratory,prior,15,20,counts_sample,greedy,pseudo_regret,1.9754220717258022,0.8498081643268236,3.270467147292098,3,3,3,episode
pilot,pilot_exploratory,clear,2,20,counts_sample,greedy,reward,-1.0,-1.0,-1.0,3,3,3,episode
pilot,pilot_exploratory,clear,5,20,counts_sample,greedy,reward,0.3333333333333333,-1.0,2.0,3,3,3,episode
pilot,pilot_exploratory,clear,15,20,counts_sample,greedy,reward,0.0,-3.0,3.0,3,3,3,episode
pilot,pilot_exploratory,close,2,20,counts_sample,greedy,reward,-0.3333333333333333,-2.0,1.0,3,3,3,episode
pilot,pilot_exploratory,close,5,20,counts_sample,greedy,reward,-0.3333333333333333,-2.0,3.0,3,3,3,episode
pilot,pilot_exploratory,close,15,20,counts_sample,greedy,reward,-0.3333333333333333,-4.0,3.0,3,3,3,episode
pilot,pilot_exploratory,prior,2,20,counts_sample,greedy,reward,0.0,-1.0,1.0,3,3,3,episode
pilot,pilot_exploratory,prior,5,20,counts_sample,greedy,reward,-2.6666666666666665,-5.0,0.0,3,3,3,episode
pilot,pilot_exploratory,prior,15,20,counts_sample,greedy,reward,-2.0,-3.0,-1.0,3,3,3,episode
pilot,pilot_exploratory,clear,2,20,counts_sample,ids,pseudo_regret,0.0,0.0,0.0,3,3,3,episode
pilot,pilot_exploratory,clear,5,20,counts_sample,ids,pseudo_regret,0.39999999999999974,-2.7999999999999994,4.3999999999999995,3,3,3,episode
pilot,pilot_exploratory,clear,15,20,counts_sample,ids,pseudo_regret,-2.2666666666666666,-7.199999999999999,0.39999999999999947,3,3,3,episode
pilot,pilot_exploratory,close,2,20,counts_sample,ids,pseudo_regret,0.10000000000000009,0.050000000000000044,0.15000000000000013,3,3,3,episode
pilot,pilot_exploratory,close,5,20,counts_sample,ids,pseudo_regret,0.050000000000000044,-0.15000000000000013,0.20000000000000018,3,3,3,episode
pilot,pilot_exploratory,close,15,20,counts_sample,ids,pseudo_regret,0.10000000000000009,0.0,0.15000000000000013,3,3,3,episode
pilot,pilot_exploratory,prior,2,20,counts_sample,ids,pseudo_regret,0.06589427046560369,-0.02891986036404587,0.2266026717608569,3,3,3,episode
pilot,pilot_exploratory,prior,5,20,counts_sample,ids,pseudo_regret,3.7021822965035014,1.3503802606117368,5.9599714482548825,3,3,3,episode
pilot,pilot_exploratory,prior,15,20,counts_sample,ids,pseudo_regret,5.594813637302026,0.6876019594081662,8.212579626577984,3,3,3,episode
pilot,pilot_exploratory,clear,2,20,counts_sample,ids,reward,0.0,0.0,0.0,3,3,3,episode
pilot,pilot_exploratory,clear,5,20,counts_sample,ids,reward,0.0,-3.0,3.0,3,3,3,episode
pilot,pilot_exploratory,clear,15,20,counts_sample,ids,reward,2.0,-3.0,9.0,3,3,3,episode
pilot,pilot_exploratory,close,2,20,counts_sample,ids,reward,-0.3333333333333333,-2.0,1.0,3,3,3,episode
pilot,pilot_exploratory,close,5,20,counts_sample,ids,reward,-1.6666666666666667,-3.0,1.0,3,3,3,episode
pilot,pilot_exploratory,close,15,20,counts_sample,ids,reward,0.3333333333333333,-2.0,2.0,3,3,3,episode
pilot,pilot_exploratory,prior,2,20,counts_sample,ids,reward,-0.3333333333333333,-1.0,0.0,3,3,3,episode
pilot,pilot_exploratory,prior,5,20,counts_sample,ids,reward,-2.0,-3.0,-1.0,3,3,3,episode
pilot,pilot_exploratory,prior,15,20,counts_sample,ids,reward,-6.666666666666667,-12.0,-2.0,3,3,3,episode
pilot,pilot_exploratory,clear,2,20,counts_sample,knowledge_gradient,pseudo_regret,0.0,0.0,0.0,3,3,3,episode
pilot,pilot_exploratory,clear,5,20,counts_sample,knowledge_gradient,pseudo_regret,0.3999999999999999,-2.7999999999999994,3.5999999999999996,3,3,3,episode
pilot,pilot_exploratory,clear,15,20,counts_sample,knowledge_gradient,pseudo_regret,-1.8666666666666665,-7.999999999999999,2.3999999999999995,3,3,3,episode
pilot,pilot_exploratory,close,2,20,counts_sample,knowledge_gradient,pseudo_regret,0.08333333333333341,0.0,0.15000000000000013,3,3,3,episode
pilot,pilot_exploratory,close,5,20,counts_sample,knowledge_gradient,pseudo_regret,0.08333333333333341,-0.15000000000000013,0.4500000000000004,3,3,3,episode
pilot,pilot_exploratory,close,15,20,counts_sample,knowledge_gradient,pseudo_regret,0.21666666666666687,0.0,0.5000000000000004,3,3,3,episode
pilot,pilot_exploratory,prior,2,20,counts_sample,knowledge_gradient,pseudo_regret,0.10065100640072762,-0.02891986036404587,0.21757154368580026,3,3,3,episode
pilot,pilot_exploratory,prior,5,20,counts_sample,knowledge_gradient,pseudo_regret,3.909698455364108,1.3503802606117368,5.9599714482548825,3,3,3,episode
pilot,pilot_exploratory,prior,15,20,counts_sample,knowledge_gradient,pseudo_regret,4.879675935628988,0.3154355950861216,11.21219426746306,3,3,3,episode
pilot,pilot_exploratory,clear,2,20,counts_sample,knowledge_gradient,reward,0.0,0.0,0.0,3,3,3,episode
pilot,pilot_exploratory,clear,5,20,counts_sample,knowledge_gradient,reward,0.0,-3.0,3.0,3,3,3,episode
pilot,pilot_exploratory,clear,15,20,counts_sample,knowledge_gradient,reward,1.0,-2.0,3.0,3,3,3,episode
pilot,pilot_exploratory,close,2,20,counts_sample,knowledge_gradient,reward,-0.6666666666666666,-2.0,0.0,3,3,3,episode
pilot,pilot_exploratory,close,5,20,counts_sample,knowledge_gradient,reward,0.0,-2.0,3.0,3,3,3,episode
pilot,pilot_exploratory,close,15,20,counts_sample,knowledge_gradient,reward,0.6666666666666666,-3.0,4.0,3,3,3,episode
pilot,pilot_exploratory,prior,2,20,counts_sample,knowledge_gradient,reward,0.3333333333333333,0.0,1.0,3,3,3,episode
pilot,pilot_exploratory,prior,5,20,counts_sample,knowledge_gradient,reward,-2.0,-3.0,-1.0,3,3,3,episode
pilot,pilot_exploratory,prior,15,20,counts_sample,knowledge_gradient,reward,-5.666666666666667,-16.0,3.0,3,3,3,episode
pilot,pilot_exploratory,clear,2,20,counts_sample,ts,pseudo_regret,-0.6666666666666666,-0.8000000000000002,-0.39999999999999997,3,3,3,episode
pilot,pilot_exploratory,clear,5,20,counts_sample,ts,pseudo_regret,-1.2,-3.5999999999999996,0.40000000000000036,3,3,3,episode
pilot,pilot_exploratory,clear,15,20,counts_sample,ts,pseudo_regret,-1.8666666666666663,-7.199999999999999,2.0,3,3,3,episode
pilot,pilot_exploratory,close,2,20,counts_sample,ts,pseudo_regret,0.11666666666666677,0.050000000000000044,0.15000000000000013,3,3,3,episode
pilot,pilot_exploratory,close,5,20,counts_sample,ts,pseudo_regret,0.050000000000000044,0.0,0.10000000000000009,3,3,3,episode
pilot,pilot_exploratory,close,15,20,counts_sample,ts,pseudo_regret,0.08333333333333341,0.050000000000000044,0.10000000000000009,3,3,3,episode
pilot,pilot_exploratory,prior,2,20,counts_sample,ts,pseudo_regret,-0.0859668792335526,-0.14459930182022934,0.0,3,3,3,episode
pilot,pilot_exploratory,prior,5,20,counts_sample,ts,pseudo_regret,1.6883631170836466,-0.18231525350227074,2.742509741080026,3,3,3,episode
pilot,pilot_exploratory,prior,15,20,counts_sample,ts,pseudo_regret,0.8154966088941574,-0.318422287272786,2.598032449018305,3,3,3,episode
pilot,pilot_exploratory,clear,2,20,counts_sample,ts,reward,0.6666666666666666,0.0,1.0,3,3,3,episode
pilot,pilot_exploratory,clear,5,20,counts_sample,ts,reward,1.3333333333333333,0.0,4.0,3,3,3,episode
pilot,pilot_exploratory,clear,15,20,counts_sample,ts,reward,1.6666666666666667,-2.0,8.0,3,3,3,episode
pilot,pilot_exploratory,close,2,20,counts_sample,ts,reward,0.0,-2.0,1.0,3,3,3,episode
pilot,pilot_exploratory,close,5,20,counts_sample,ts,reward,-0.6666666666666666,-2.0,1.0,3,3,3,episode
pilot,pilot_exploratory,close,15,20,counts_sample,ts,reward,0.6666666666666666,-4.0,5.0,3,3,3,episode
pilot,pilot_exploratory,prior,2,20,counts_sample,ts,reward,1.0,0.0,2.0,3,3,3,episode
pilot,pilot_exploratory,prior,5,20,counts_sample,ts,reward,-0.3333333333333333,-2.0,2.0,3,3,3,episode
pilot,pilot_exploratory,prior,15,20,counts_sample,ts,reward,-0.3333333333333333,-2.0,1.0,3,3,3,episode
pilot,pilot_exploratory,clear,2,20,counts_sample,ucb1,pseudo_regret,-1.3333333333333333,-2.0,-0.8000000000000002,3,3,3,episode
pilot,pilot_exploratory,clear,5,20,counts_sample,ucb1,pseudo_regret,-2.266666666666666,-4.8,-0.39999999999999947,3,3,3,episode
pilot,pilot_exploratory,clear,15,20,counts_sample,ucb1,pseudo_regret,-2.2666666666666666,-7.199999999999999,0.39999999999999947,3,3,3,episode
pilot,pilot_exploratory,close,2,20,counts_sample,ucb1,pseudo_regret,-0.10000000000000009,-0.30000000000000027,0.20000000000000018,3,3,3,episode
pilot,pilot_exploratory,close,5,20,counts_sample,ucb1,pseudo_regret,0.050000000000000044,0.0,0.15000000000000013,3,3,3,episode
pilot,pilot_exploratory,close,15,20,counts_sample,ucb1,pseudo_regret,0.06666666666666672,0.050000000000000044,0.10000000000000009,3,3,3,episode
pilot,pilot_exploratory,prior,2,20,counts_sample,ucb1,pseudo_regret,-0.3218532613721293,-0.6798080152825707,-0.054392885921450085,3,3,3,episode
pilot,pilot_exploratory,prior,5,20,counts_sample,ucb1,pseudo_regret,2.0140106043386474,0.029062138425416606,3.086521208830884,3,3,3,episode
pilot,pilot_exploratory,prior,15,20,counts_sample,ucb1,pseudo_regret,-0.8139099386230605,-1.5398768474456253,0.30417226916272,3,3,3,episode
pilot,pilot_exploratory,clear,2,20,counts_sample,ucb1,reward,1.0,1.0,1.0,3,3,3,episode
pilot,pilot_exploratory,clear,5,20,counts_sample,ucb1,reward,2.0,-1.0,6.0,3,3,3,episode
pilot,pilot_exploratory,clear,15,20,counts_sample,ucb1,reward,1.6666666666666667,-3.0,9.0,3,3,3,episode
pilot,pilot_exploratory,close,2,20,counts_sample,ucb1,reward,0.6666666666666666,0.0,2.0,3,3,3,episode
pilot,pilot_exploratory,close,5,20,counts_sample,ucb1,reward,-0.6666666666666666,-2.0,0.0,3,3,3,episode
pilot,pilot_exploratory,close,15,20,counts_sample,ucb1,reward,0.3333333333333333,-3.0,3.0,3,3,3,episode
pilot,pilot_exploratory,prior,2,20,counts_sample,ucb1,reward,0.6666666666666666,0.0,1.0,3,3,3,episode
pilot,pilot_exploratory,prior,5,20,counts_sample,ucb1,reward,-1.0,-3.0,0.0,3,3,3,episode
pilot,pilot_exploratory,prior,15,20,counts_sample,ucb1,reward,1.0,-2.0,5.0,3,3,3,episode
